race_name,country,location,race_date,session_key,circuit_key,driver_number,team_name,grid_position,final_position,pit_lap,pit_duration,lap_duration_before_pit,position_before_pit,position_after_pit,pit_position_loss,compound,tire_age_at_start,stint_number,avg_lap_stint,best_lap_stint,avg_air_temp,avg_track_temp,max_rainfall
Race,Bahrain,Sakhir,2023-03-05T15:00:00+00:00,7953,63,10,Alpine,,9,10.0,19.780500000000004,104.201,13,15,2,HARD,0,2,100.7085625,98.762,27.43167701863354,31.01180124223602,0
Race,Bahrain,Sakhir,2023-03-05T15:00:00+00:00,7953,63,22,AlphaTauri,,11,11.0,18.397000000000006,103.749,16,13,-3,HARD,0,2,100.7805,98.742,27.43167701863354,31.01180124223602,0
Race,Bahrain,Sakhir,2023-03-05T15:00:00+00:00,7953,63,4,McLaren,,17,11.0,28.468500000000006,103.521,17,19,2,HARD,0,2,103.88342857142857,98.86,27.43167701863354,31.01180124223602,0
Race,Bahrain,Sakhir,2023-03-05T15:00:00+00:00,7953,63,77,Alfa Romeo,,8,12.0,18.8005,103.269,13,11,-2,HARD,0,2,100.55761111111111,98.03,27.43167701863354,31.01180124223602,0
Race,Bahrain,Sakhir,2023-03-05T15:00:00+00:00,7953,63,23,Williams,,10,12.0,18.146500000000003,103.948,15,12,-3,SOFT,0,2,100.86693333333334,98.472,27.43167701863354,31.01180124223602,0
Race,Bahrain,Sakhir,2023-03-05T15:00:00+00:00,7953,63,27,Haas F1 Team,,15,12.0,19.48099999999998,106.79,16,18,2,HARD,0,2,101.35806666666667,98.847,27.43167701863354,31.01180124223602,0
Race,Bahrain,Sakhir,2023-03-05T15:00:00+00:00,7953,63,21,AlphaTauri,,14,12.0,18.99199999999999,105.46,14,13,-1,HARD,0,2,100.89425,98.829,27.43167701863354,31.01180124223602,0
Race,Bahrain,Sakhir,2023-03-05T15:00:00+00:00,7953,63,44,Mercedes,,5,13.0,18.357,103.336,9,7,-2,HARD,0,2,99.7665,98.265,27.43167701863354,31.01180124223602,0
Race,Bahrain,Sakhir,2023-03-05T15:00:00+00:00,7953,63,31,Alpine,,18,13.0,19.162999999999997,103.787,12,14,2,HARD,0,2,106.96433333333334,98.649,27.43167701863354,31.01180124223602,0
Race,Bahrain,Sakhir,2023-03-05T15:00:00+00:00,7953,63,2,Williams,,12,13.0,19.108499999999992,103.88,15,15,0,SOFT,0,2,100.75638888888889,98.413,27.43167701863354,31.01180124223602,0
Race,Bahrain,Sakhir,2023-03-05T15:00:00+00:00,7953,63,24,Alfa Romeo,,16,13.0,20.501000000000005,103.87,20,18,-2,HARD,0,2,100.49905000000001,98.794,27.43167701863354,31.01180124223602,0
Race,Bahrain,Sakhir,2023-03-05T15:00:00+00:00,7953,63,16,Ferrari,,19,14.0,18.497499999999988,102.068,3,3,0,HARD,0,2,99.49770000000002,97.631,27.43167701863354,31.01180124223602,0
Race,Bahrain,Sakhir,2023-03-05T15:00:00+00:00,7953,63,55,Ferrari,,4,14.0,18.358499999999992,103.31,14,16,2,HARD,0,2,99.66699999999999,97.985,27.43167701863354,31.01180124223602,0
Race,Bahrain,Sakhir,2023-03-05T15:00:00+00:00,7953,63,63,Mercedes,,7,14.0,20.1935,104.691,8,6,-2,HARD,0,2,99.86011111111112,97.46,27.43167701863354,31.01180124223602,0
Race,Bahrain,Sakhir,2023-03-05T15:00:00+00:00,7953,63,1,Red Bull Racing,,1,15.0,18.83,101.295,6,8,2,SOFT,2,2,98.71718181818181,97.372,27.43167701863354,31.01180124223602,0
Race,Bahrain,Sakhir,2023-03-05T15:00:00+00:00,7953,63,14,Aston Martin,,3,15.0,19.814999999999984,102.212,5,4,-1,HARD,0,2,99.32300000000001,97.542,27.43167701863354,31.01180124223602,0
Race,Bahrain,Sakhir,2023-03-05T15:00:00+00:00,7953,63,18,Aston Martin,,6,16.0,19.701999999999998,102.841,6,3,-3,HARD,0,2,100.03760000000001,97.507,27.43167701863354,31.01180124223602,0
Race,Bahrain,Sakhir,2023-03-05T15:00:00+00:00,7953,63,20,Haas F1 Team,,13,16.0,18.977999999999994,104.899,10,12,2,HARD,0,2,100.76492857142857,98.274,27.43167701863354,31.01180124223602,0
Race,Bahrain,Sakhir,2023-03-05T15:00:00+00:00,7953,63,31,Alpine,,18,16.0,35.3865,101.863,12,14,2,HARD,0,3,101.88211764705883,98.78,27.43167701863354,31.01180124223602,0
Race,Bahrain,Sakhir,2023-03-05T15:00:00+00:00,7953,63,11,Red Bull Racing,,2,18.0,19.287499999999994,101.36,10,13,3,SOFT,2,2,98.98635294117646,97.169,27.43167701863354,31.01180124223602,0
Race,Bahrain,Sakhir,2023-03-05T15:00:00+00:00,7953,63,4,McLaren,,17,18.0,28.873500000000007,101.501,17,19,2,SOFT,3,3,101.697,97.966,27.43167701863354,31.01180124223602,0
Race,Bahrain,Sakhir,2023-03-05T15:00:00+00:00,7953,63,10,Alpine,,9,26.0,18.8955,102.288,13,15,2,HARD,0,3,100.29326666666665,97.76,27.43167701863354,31.01180124223602,0
Race,Bahrain,Sakhir,2023-03-05T15:00:00+00:00,7953,63,23,Williams,,10,27.0,19.813500000000005,102.61,15,12,-3,HARD,0,3,100.4692857142857,97.503,27.43167701863354,31.01180124223602,0
Race,Bahrain,Sakhir,2023-03-05T15:00:00+00:00,7953,63,22,AlphaTauri,,11,27.0,20.274500000000003,102.227,16,13,-3,HARD,0,3,100.51814285714285,97.779,27.43167701863354,31.01180124223602,0
Race,Bahrain,Sakhir,2023-03-05T15:00:00+00:00,7953,63,27,Haas F1 Team,,15,27.0,32.08100000000002,102.931,16,18,2,HARD,0,3,101.77828571428572,96.981,27.43167701863354,31.01180124223602,0
Race,Bahrain,Sakhir,2023-03-05T15:00:00+00:00,7953,63,21,AlphaTauri,,14,28.0,19.867999999999995,102.309,14,13,-1,HARD,0,3,100.67468965517243,97.709,27.43167701863354,31.01180124223602,0
Race,Bahrain,Sakhir,2023-03-05T15:00:00+00:00,7953,63,4,McLaren,,17,28.0,28.546499999999995,100.973,17,19,2,MEDIUM,0,4,101.1867,97.26,27.43167701863354,31.01180124223602,0
Race,Bahrain,Sakhir,2023-03-05T15:00:00+00:00,7953,63,77,Alfa Romeo,,8,30.0,19.0865,102.22,13,11,-2,HARD,0,3,99.62667857142856,97.379,27.43167701863354,31.01180124223602,0
Race,Bahrain,Sakhir,2023-03-05T15:00:00+00:00,7953,63,20,Haas F1 Team,,13,30.0,20.647000000000006,101.979,10,12,2,SOFT,0,3,101.79036363636364,97.097,27.43167701863354,31.01180124223602,0
Race,Bahrain,Sakhir,2023-03-05T15:00:00+00:00,7953,63,44,Mercedes,,5,31.0,20.134,101.175,9,7,-2,HARD,0,3,99.56403703703702,96.546,27.43167701863354,31.01180124223602,0
Race,Bahrain,Sakhir,2023-03-05T15:00:00+00:00,7953,63,18,Aston Martin,,6,31.0,18.0565,101.467,6,3,-3,HARD,0,3,99.33018518518519,96.546,27.43167701863354,31.01180124223602,0
Race,Bahrain,Sakhir,2023-03-05T15:00:00+00:00,7953,63,2,Williams,,12,31.0,19.292,102.409,15,15,0,HARD,0,3,101.5996,97.613,27.43167701863354,31.01180124223602,0
Race,Bahrain,Sakhir,2023-03-05T15:00:00+00:00,7953,63,55,Ferrari,,4,32.0,19.081000000000003,101.274,14,16,2,HARD,0,3,99.61911538461541,97.13,27.43167701863354,31.01180124223602,0
Race,Bahrain,Sakhir,2023-03-05T15:00:00+00:00,7953,63,63,Mercedes,,7,32.0,19.566000000000003,101.035,8,6,-2,HARD,0,3,99.5105,97.035,27.43167701863354,31.01180124223602,0
Race,Bahrain,Sakhir,2023-03-05T15:00:00+00:00,7953,63,24,Alfa Romeo,,16,33.0,20.0925,102.096,20,18,-2,SOFT,3,3,100.915,97.037,27.43167701863354,31.01180124223602,0
Race,Bahrain,Sakhir,2023-03-05T15:00:00+00:00,7953,63,16,Ferrari,,19,34.0,19.77900000000001,101.323,3,3,0,HARD,0,3,101.08166666666666,97.17,27.43167701863354,31.01180124223602,0
Race,Bahrain,Sakhir,2023-03-05T15:00:00+00:00,7953,63,31,Alpine,,18,33.0,38.14749999999998,104.296,12,14,2,HARD,0,4,105.84477777777776,96.797,27.43167701863354,31.01180124223602,0
Race,Bahrain,Sakhir,2023-03-05T15:00:00+00:00,7953,63,11,Red Bull Racing,,2,35.0,20.031999999999996,100.686,10,13,3,HARD,0,3,99.13417391304347,96.344,27.43167701863354,31.01180124223602,0
Race,Bahrain,Sakhir,2023-03-05T15:00:00+00:00,7953,63,14,Aston Martin,,3,35.0,19.13449999999999,100.353,5,4,-1,HARD,0,3,99.24908695652174,96.156,27.43167701863354,31.01180124223602,0
Race,Bahrain,Sakhir,2023-03-05T15:00:00+00:00,7953,63,1,Red Bull Racing,,1,37.0,19.859499999999997,100.964,6,8,2,HARD,0,3,99.34709523809525,96.236,27.43167701863354,31.01180124223602,0
Race,Bahrain,Sakhir,2023-03-05T15:00:00+00:00,7953,63,4,McLaren,,17,38.0,29.409999999999997,100.197,17,19,2,HARD,0,5,103.77929999999999,96.668,27.43167701863354,31.01180124223602,0
Race,Bahrain,Sakhir,2023-03-05T15:00:00+00:00,7953,63,10,Alpine,,9,41.0,26.156500000000023,109.707,13,15,2,SOFT,0,4,98.51135294117645,95.068,27.43167701863354,31.01180124223602,0
Race,Bahrain,Sakhir,2023-03-05T15:00:00+00:00,7953,63,23,Williams,,10,41.0,24.96499999999999,110.177,15,12,-3,SOFT,0,4,99.48229411764704,97.144,27.43167701863354,31.01180124223602,0
Race,Bahrain,Sakhir,2023-03-05T15:00:00+00:00,7953,63,22,AlphaTauri,,11,41.0,27.288500000000013,110.35,16,13,-3,SOFT,3,4,99.43935294117648,96.637,27.43167701863354,31.01180124223602,0
Race,Bahrain,Sakhir,2023-03-05T15:00:00+00:00,7953,63,2,Williams,,12,41.0,20.718999999999994,113.753,15,15,0,SOFT,0,4,99.315,96.037,27.43167701863354,31.01180124223602,0
Race,Bahrain,Sakhir,2023-03-05T15:00:00+00:00,7953,63,20,Haas F1 Team,,13,41.0,15.412999999999997,117.797,10,12,2,SOFT,0,4,99.3456875,96.471,27.43167701863354,31.01180124223602,0
Race,Bahrain,Sakhir,2023-03-05T15:00:00+00:00,7953,63,27,Haas F1 Team,,15,41.0,17.622500000000002,118.689,16,18,2,SOFT,3,4,99.4234375,96.616,27.43167701863354,31.01180124223602,0
Race,Bahrain,Sakhir,2023-03-05T15:00:00+00:00,7953,63,4,McLaren,,17,48.0,27.1485,100.433,17,19,2,SOFT,4,6,101.35785714285714,95.257,27.43167701863354,31.01180124223602,0
Race,Bahrain,Sakhir,2023-03-05T15:00:00+00:00,7953,63,24,Alfa Romeo,,16,55.0,29.691500000000005,101.967,20,18,-2,SOFT,3,4,110.83449999999999,93.996,27.43167701863354,31.01180124223602,0
Race,Bahrain,Sakhir,2023-03-05T15:00:00+00:00,7953,63,4,McLaren,,17,55.0,,99.789,17,19,2,SOFT,6,7,124.847,124.847,27.43167701863354,31.01180124223602,0
Race,Saudi Arabia,Jeddah,2023-03-19T17:00:00+00:00,7779,149,81,McLaren,,15,2.0,23.191500000000005,107.593,17,19,2,HARD,0,2,99.03389795918369,94.287,26.09189189189189,31.79256756756757,0
Race,Saudi Arabia,Jeddah,2023-03-19T17:00:00+00:00,7779,149,4,McLaren,,17,3.0,23.685500000000005,103.07,19,19,0,HARD,0,2,102.76664705882354,95.523,26.09189189189189,31.79256756756757,0
Race,Saudi Arabia,Jeddah,2023-03-19T17:00:00+00:00,7779,149,20,Haas F1 Team,,10,9.0,15.453499999999991,99.187,16,18,2,HARD,0,2,98.9074761904762,93.374,26.09189189189189,31.79256756756757,0
Race,Saudi Arabia,Jeddah,2023-03-19T17:00:00+00:00,7779,149,77,Alfa Romeo,,18,10.0,16.5715,99.617,17,19,2,HARD,0,2,101.33862500000001,95.927,26.09189189189189,31.79256756756757,0
Race,Saudi Arabia,Jeddah,2023-03-19T17:00:00+00:00,7779,149,24,Alfa Romeo,,13,12.0,18.619,99.247,14,16,2,HARD,0,2,106.47442857142856,95.263,26.09189189189189,31.79256756756757,0
Race,Saudi Arabia,Jeddah,2023-03-19T17:00:00+00:00,7779,149,27,Haas F1 Team,,12,12.0,15.974000000000004,99.066,14,16,2,HARD,0,2,99.27064102564104,93.78,26.09189189189189,31.79256756756757,0
Race,Saudi Arabia,Jeddah,2023-03-19T17:00:00+00:00,7779,149,18,Aston Martin,,20,14.0,16.902500000000003,98.543,9,11,2,HARD,0,2,102.35066666666667,96.262,26.09189189189189,31.79256756756757,0
Race,Saudi Arabia,Jeddah,2023-03-19T17:00:00+00:00,7779,149,10,Alpine,,9,15.0,16.084500000000006,98.551,10,12,2,HARD,0,2,99.24455555555555,93.392,26.09189189189189,31.79256756756757,0
Race,Saudi Arabia,Jeddah,2023-03-19T17:00:00+00:00,7779,149,55,Ferrari,,6,16.0,13.581999999999994,97.523,7,9,2,HARD,0,2,99.153,92.822,26.09189189189189,31.79256756756757,0
Race,Saudi Arabia,Jeddah,2023-03-19T17:00:00+00:00,7779,149,16,Ferrari,,7,17.0,3.460000000000008,97.681,7,5,-2,HARD,0,2,99.36541176470588,93.056,26.09189189189189,31.79256756756757,0
Race,Saudi Arabia,Jeddah,2023-03-19T17:00:00+00:00,7779,149,31,Alpine,,8,17.0,9.596999999999994,98.567,10,12,2,HARD,0,2,99.4829705882353,93.222,26.09189189189189,31.79256756756757,0
Race,Saudi Arabia,Jeddah,2023-03-19T17:00:00+00:00,7779,149,22,AlphaTauri,,11,18.0,30.755499999999984,102.41,9,6,-3,HARD,0,2,99.62287878787879,93.931,26.09189189189189,31.79256756756757,0
Race,Saudi Arabia,Jeddah,2023-03-19T17:00:00+00:00,7779,149,23,Williams,,19,18.0,32.72750000000002,104.635,10,10,0,HARD,0,2,116.292,95.567,26.09189189189189,31.79256756756757,0
Race,Saudi Arabia,Jeddah,2023-03-19T17:00:00+00:00,7779,149,21,AlphaTauri,,14,18.0,31.024500000000003,109.322,11,11,0,HARD,0,2,99.46545454545456,93.609,26.09189189189189,31.79256756756757,0
Race,Saudi Arabia,Jeddah,2023-03-19T17:00:00+00:00,7779,149,77,Alfa Romeo,,18,18.0,33.78450000000001,118.961,17,19,2,MEDIUM,0,3,102.67611111111111,95.846,26.09189189189189,31.79256756756757,0
Race,Saudi Arabia,Jeddah,2023-03-19T17:00:00+00:00,7779,149,11,Red Bull Racing,,1,19.0,46.256,127.357,1,1,0,HARD,0,2,98.05734375,92.188,26.09189189189189,31.79256756756757,0
Race,Saudi Arabia,Jeddah,2023-03-19T17:00:00+00:00,7779,149,14,Aston Martin,,3,19.0,39.672500000000014,129.623,1,3,2,HARD,1,2,98.4476875,92.24,26.09189189189189,31.79256756756757,0
Race,Saudi Arabia,Jeddah,2023-03-19T17:00:00+00:00,7779,149,63,Mercedes,,4,19.0,30.591999999999985,132.217,3,4,1,HARD,0,2,98.27465624999999,92.433,26.09189189189189,31.79256756756757,0
Race,Saudi Arabia,Jeddah,2023-03-19T17:00:00+00:00,7779,149,1,Red Bull Racing,,2,19.0,21.829499999999967,134.348,9,7,-2,HARD,0,2,97.3338125,91.906,26.09189189189189,31.79256756756757,0
Race,Saudi Arabia,Jeddah,2023-03-19T17:00:00+00:00,7779,149,44,Mercedes,,5,19.0,14.729500000000002,136.76,8,6,-2,MEDIUM,0,2,97.8468125,92.941,26.09189189189189,31.79256756756757,0
Race,Saudi Arabia,Jeddah,2023-03-19T17:00:00+00:00,7779,149,2,Williams,,16,19.0,2.0655000000000143,136.225,10,9,-1,MEDIUM,0,2,98.60896875,94.469,26.09189189189189,31.79256756756757,0
Race,Saudi Arabia,Jeddah,2023-03-19T17:00:00+00:00,7779,149,24,Alfa Romeo,,13,19.0,-4.36699999999999,137.713,14,16,2,MEDIUM,0,3,97.93756250000001,93.894,26.09189189189189,31.79256756756757,0
Race,Saudi Arabia,Jeddah,2023-03-19T17:00:00+00:00,7779,149,4,McLaren,,17,20.0,28.454000000000008,120.488,19,19,0,MEDIUM,0,3,96.93267741935486,94.122,26.09189189189189,31.79256756756757,0
Race,Saudi Arabia,Jeddah,2023-03-19T17:00:00+00:00,7779,149,77,Alfa Romeo,,18,36.0,17.499999999999986,98.834,17,19,2,SOFT,0,4,96.92285714285713,94.384,26.09189189189189,31.79256756756757,0
Race,Australia,Melbourne,2023-04-02T05:00:00+00:00,7787,10,31,Alpine,,14,1.0,,,12,14,2,HARD,0,2,228.675625,83.963,17.449549549549552,30.13963963963964,0
Race,Australia,Melbourne,2023-04-02T05:00:00+00:00,7787,10,11,Red Bull Racing,,5,1.0,,,13,11,-2,MEDIUM,0,2,131.789,131.789,17.449549549549552,30.13963963963964,0
Race,Australia,Melbourne,2023-04-02T05:00:00+00:00,7787,10,2,Williams,,16,1.0,,,17,15,-2,MEDIUM,0,2,132.44799999999998,131.796,17.449549549549552,30.13963963963964,0
Race,Australia,Melbourne,2023-04-02T05:00:00+00:00,7787,10,24,Alfa Romeo,,9,1.0,,,14,13,-1,HARD,0,2,229.51875,84.847,17.449549549549552,30.13963963963964,0
Race,Australia,Melbourne,2023-04-02T05:00:00+00:00,7787,10,77,Alfa Romeo,,11,1.0,,,17,17,0,HARD,0,2,242.97785714285712,84.331,17.449549549549552,30.13963963963964,0
Race,Australia,Melbourne,2023-04-02T05:00:00+00:00,7787,10,2,Williams,,16,2.0,11.79849999999999,131.796,17,15,-2,HARD,1,3,244.10085714285717,84.319,17.449549549549552,30.13963963963964,0
Race,Australia,Melbourne,2023-04-02T05:00:00+00:00,7787,10,11,Red Bull Racing,,5,2.0,,,13,11,-2,HARD,0,3,242.85771428571428,83.584,17.449549549549552,30.13963963963964,0
Race,Australia,Melbourne,2023-04-02T05:00:00+00:00,7787,10,63,Mercedes,,18,7.0,-478.4335,83.159,5,5,0,HARD,0,2,598.1595,107.537,17.449549549549552,30.13963963963964,0
Race,Australia,Melbourne,2023-04-02T05:00:00+00:00,7787,10,55,Ferrari,,12,7.0,-483.0575,82.809,8,10,2,HARD,0,2,603.956,108.202,17.449549549549552,30.13963963963964,0
Race,Australia,Melbourne,2023-04-02T05:00:00+00:00,7787,10,20,Haas F1 Team,,17,7.0,-476.7464999999999,83.956,18,14,-4,HARD,0,2,611.4535,117.79,17.449549549549552,30.13963963963964,0
Race,Australia,Melbourne,2023-04-02T05:00:00+00:00,7787,10,1,Red Bull Racing,,1,8.0,922.1589999999999,95.07,2,2,0,HARD,0,2,108.46920833333333,80.342,17.449549549549552,30.13963963963964,0
Race,Australia,Melbourne,2023-04-02T05:00:00+00:00,7787,10,44,Mercedes,,2,9.0,946.765,172.33,4,1,-3,HARD,0,2,107.21542553191489,80.613,17.449549549549552,30.13963963963964,0
Race,Australia,Melbourne,2023-04-02T05:00:00+00:00,7787,10,14,Aston Martin,,3,8.0,925.9735000000001,95.355,8,10,2,HARD,0,2,126.312125,80.476,17.449549549549552,30.13963963963964,0
Race,Australia,Melbourne,2023-04-02T05:00:00+00:00,7787,10,10,Alpine,,13,8.0,928.6345000000001,96.571,4,6,2,HARD,0,2,126.32360416666666,80.995,17.449549549549552,30.13963963963964,0
Race,Australia,Melbourne,2023-04-02T05:00:00+00:00,7787,10,27,Haas F1 Team,,7,8.0,926.896,99.166,7,9,2,HARD,0,2,126.62712499999999,81.124,17.449549549549552,30.13963963963964,0
Race,Australia,Melbourne,2023-04-02T05:00:00+00:00,7787,10,18,Aston Martin,,4,8.0,924.595,98.03,7,4,-3,HARD,0,2,126.393125,80.934,17.449549549549552,30.13963963963964,0
Race,Australia,Melbourne,2023-04-02T05:00:00+00:00,7787,10,63,Mercedes,,18,8.0,933.1305,107.537,5,5,0,HARD,1,3,197.65770000000003,82.68,17.449549549549552,30.13963963963964,0
Race,Australia,Melbourne,2023-04-02T05:00:00+00:00,7787,10,22,AlphaTauri,,10,8.0,937.0305000000001,101.839,10,12,2,HARD,0,2,109.13627659574468,81.789,17.449549549549552,30.13963963963964,0
Race,Australia,Melbourne,2023-04-02T05:00:00+00:00,7787,10,4,McLaren,,6,8.0,941.6195000000001,102.393,9,9,0,HARD,0,2,126.46579166666669,81.173,17.449549549549552,30.13963963963964,0
Race,Australia,Melbourne,2023-04-02T05:00:00+00:00,7787,10,81,McLaren,,8,8.0,944.485,101.556,10,10,0,HARD,0,2,108.5028510638298,81.335,17.449549549549552,30.13963963963964,0
Race,Australia,Melbourne,2023-04-02T05:00:00+00:00,7787,10,55,Ferrari,,12,8.0,950.2645,108.202,8,10,2,HARD,1,3,126.12785416666668,80.467,17.449549549549552,30.13963963963964,0
Race,Australia,Melbourne,2023-04-02T05:00:00+00:00,7787,10,31,Alpine,,14,8.0,957.836,101.541,12,14,2,HARD,7,3,126.53558333333332,81.203,17.449549549549552,30.13963963963964,0
Race,Australia,Melbourne,2023-04-02T05:00:00+00:00,7787,10,21,AlphaTauri,,15,8.0,954.167,101.827,12,14,2,MEDIUM,0,2,115.36707894736841,83.579,17.449549549549552,30.13963963963964,0
Race,Australia,Melbourne,2023-04-02T05:00:00+00:00,7787,10,11,Red Bull Racing,,5,8.0,961.7524999999999,101.11,13,11,-2,HARD,1,4,126.23760416666669,80.235,17.449549549549552,30.13963963963964,0
Race,Australia,Melbourne,2023-04-02T05:00:00+00:00,7787,10,24,Alfa Romeo,,9,8.0,966.1215,101.268,14,13,-1,HARD,7,3,109.00336170212769,81.819,17.449549549549552,30.13963963963964,0
Race,Australia,Melbourne,2023-04-02T05:00:00+00:00,7787,10,2,Williams,,16,8.0,968.3165,102.694,17,15,-2,MEDIUM,0,4,124.64689655172413,83.499,17.449549549549552,30.13963963963964,0
Race,Australia,Melbourne,2023-04-02T05:00:00+00:00,7787,10,77,Alfa Romeo,,11,8.0,965.2974999999999,103.169,17,17,0,HARD,7,3,109.3463913043478,82.233,17.449549549549552,30.13963963963964,0
Race,Australia,Melbourne,2023-04-02T05:00:00+00:00,7787,10,20,Haas F1 Team,,17,8.0,962.2985,117.79,18,14,-4,HARD,1,3,108.72791111111111,81.685,17.449549549549552,30.13963963963964,0
Race,Australia,Melbourne,2023-04-02T05:00:00+00:00,7787,10,2,Williams,,16,36.0,12.0475,84.874,17,15,-2,HARD,7,5,101.33063157894736,81.456,17.449549549549552,30.13963963963964,0
Race,Australia,Melbourne,2023-04-02T05:00:00+00:00,7787,10,21,AlphaTauri,,15,45.0,12.460499999999996,83.637,12,14,2,SOFT,0,3,133.9692,81.183,17.449549549549552,30.13963963963964,0
Race,Australia,Melbourne,2023-04-02T05:00:00+00:00,7787,10,77,Alfa Romeo,,11,53.0,-128.2945,82.661,17,17,0,SOFT,0,4,252.92849999999999,110.643,17.449549549549552,30.13963963963964,0
Race,Australia,Melbourne,2023-04-02T05:00:00+00:00,7787,10,81,McLaren,,8,54.0,-406.951,81.335,10,10,0,SOFT,0,3,550.6815,122.932,17.449549549549552,30.13963963963964,0
Race,Australia,Melbourne,2023-04-02T05:00:00+00:00,7787,10,24,Alfa Romeo,,9,54.0,-390.6835,86.766,14,13,-1,SOFT,0,4,542.986,130.457,17.449549549549552,30.13963963963964,0
Race,Australia,Melbourne,2023-04-02T05:00:00+00:00,7787,10,22,AlphaTauri,,10,54.0,-401.53200000000004,91.019,10,12,2,SOFT,0,3,541.2095,123.458,17.449549549549552,30.13963963963964,0
Race,Australia,Melbourne,2023-04-02T05:00:00+00:00,7787,10,2,Williams,,16,55.0,353.482,393.824,17,15,-2,SOFT,0,6,644.225,644.225,17.449549549549552,30.13963963963964,0
Race,Australia,Melbourne,2023-04-02T05:00:00+00:00,7787,10,77,Alfa Romeo,,11,55.0,366.02099999999996,395.214,17,17,0,SOFT,0,5,,,17.449549549549552,30.13963963963964,0
Race,Australia,Melbourne,2023-04-02T05:00:00+00:00,7787,10,21,AlphaTauri,,15,55.0,96.21749999999997,558.552,12,14,2,SOFT,4,4,467.991,467.991,17.449549549549552,30.13963963963964,0
Race,Australia,Melbourne,2023-04-02T05:00:00+00:00,7787,10,1,Red Bull Racing,,1,56.0,874.7684999999999,168.5,2,2,0,SOFT,3,3,614.228,179.625,17.449549549549552,30.13963963963964,0
Race,Australia,Melbourne,2023-04-02T05:00:00+00:00,7787,10,44,Mercedes,,2,56.0,931.6645,159.291,4,1,-3,SOFT,4,3,613.985,144.44,17.449549549549552,30.13963963963964,0
Race,Australia,Melbourne,2023-04-02T05:00:00+00:00,7787,10,14,Aston Martin,,3,55.0,852.0845,95.066,8,10,2,SOFT,4,3,1076.6443333333334,228.511,17.449549549549552,30.13963963963964,0
Race,Australia,Melbourne,2023-04-02T05:00:00+00:00,7787,10,55,Ferrari,,12,55.0,848.207,98.214,8,10,2,SOFT,4,4,1075.224,225.796,17.449549549549552,30.13963963963964,0
Race,Australia,Melbourne,2023-04-02T05:00:00+00:00,7787,10,10,Alpine,,13,55.0,846.942,98.993,4,6,2,SOFT,0,3,615.7429999999999,223.365,17.449549549549552,30.13963963963964,0
Race,Australia,Melbourne,2023-04-02T05:00:00+00:00,7787,10,18,Aston Martin,,4,55.0,849.5105,99.175,7,4,-3,SOFT,5,3,1073.5003333333334,220.526,17.449549549549552,30.13963963963964,0
Race,Australia,Melbourne,2023-04-02T05:00:00+00:00,7787,10,11,Red Bull Racing,,5,55.0,853.134,100.5,13,11,-2,SOFT,0,5,1073.8046666666667,215.812,17.449549549549552,30.13963963963964,0
Race,Australia,Melbourne,2023-04-02T05:00:00+00:00,7787,10,4,McLaren,,6,55.0,850.5425,104.622,9,9,0,SOFT,0,3,1070.721,208.399,17.449549549549552,30.13963963963964,0
Race,Australia,Melbourne,2023-04-02T05:00:00+00:00,7787,10,31,Alpine,,14,55.0,849.9254999999999,106.329,12,14,2,SOFT,0,4,603.879,203.112,17.449549549549552,30.13963963963964,0
Race,Australia,Melbourne,2023-04-02T05:00:00+00:00,7787,10,27,Haas F1 Team,,7,55.0,849.823,104.548,7,9,2,SOFT,4,3,1070.2763333333332,206.676,17.449549549549552,30.13963963963964,0
Race,Australia,Melbourne,2023-04-02T05:00:00+00:00,7787,10,81,McLaren,,8,55.0,816.604,122.932,10,10,0,SOFT,0,4,1059.9089999999999,200.722,17.449549549549552,30.13963963963964,0
Race,Australia,Melbourne,2023-04-02T05:00:00+00:00,7787,10,24,Alfa Romeo,,9,55.0,791.886,130.457,14,13,-1,SOFT,0,5,1051.2696666666668,196.801,17.449549549549552,30.13963963963964,0
Race,Australia,Melbourne,2023-04-02T05:00:00+00:00,7787,10,22,AlphaTauri,,10,55.0,801.154,123.458,10,12,2,SOFT,4,4,1051.1353333333334,192.156,17.449549549549552,30.13963963963964,0
Race,Australia,Melbourne,2023-04-02T05:00:00+00:00,7787,10,77,Alfa Romeo,,11,55.0,366.02099999999996,395.214,17,17,0,SOFT,2,6,950.6893333333334,189.21,17.449549549549552,30.13963963963964,0
Race,Australia,Melbourne,2023-04-02T05:00:00+00:00,7787,10,2,Williams,,16,55.0,353.482,393.824,17,15,-2,SOFT,1,7,415.94350000000003,187.662,17.449549549549552,30.13963963963964,0
Race,Australia,Melbourne,2023-04-02T05:00:00+00:00,7787,10,21,AlphaTauri,,15,55.0,96.21749999999997,558.552,12,14,2,SOFT,0,5,326.493,184.995,17.449549549549552,30.13963963963964,0
Race,Australia,Melbourne,2023-04-02T05:00:00+00:00,7787,10,1,Red Bull Racing,,1,58.0,,179.625,2,2,0,SOFT,5,4,2014.652,2014.652,17.449549549549552,30.13963963963964,0
Race,Australia,Melbourne,2023-04-02T05:00:00+00:00,7787,10,14,Aston Martin,,3,57.0,1788.9015,228.511,8,10,2,SOFT,4,4,1078.1665,168.784,17.449549549549552,30.13963963963964,0
Race,Australia,Melbourne,2023-04-02T05:00:00+00:00,7787,10,44,Mercedes,,2,58.0,,144.44,4,1,-3,SOFT,4,4,2011.748,2011.748,17.449549549549552,30.13963963963964,0
Race,Australia,Melbourne,2023-04-02T05:00:00+00:00,7787,10,18,Aston Martin,,4,57.0,1796.819,220.526,7,4,-3,SOFT,6,4,1078.839,167.064,17.449549549549552,30.13963963963964,0
Race,Australia,Melbourne,2023-04-02T05:00:00+00:00,7787,10,55,Ferrari,,12,57.0,1793.258,225.796,8,10,2,SOFT,4,5,1078.34,167.016,17.449549549549552,30.13963963963964,0
Race,Australia,Melbourne,2023-04-02T05:00:00+00:00,7787,10,11,Red Bull Racing,,5,57.0,1804.7434999999998,215.812,13,11,-2,SOFT,0,6,1078.8184999999999,163.325,17.449549549549552,30.13963963963964,0
Race,Australia,Melbourne,2023-04-02T05:00:00+00:00,7787,10,27,Haas F1 Team,,7,57.0,1815.3535000000002,206.676,7,9,2,SOFT,0,4,1079.3855,160.053,17.449549549549552,30.13963963963964,0
Race,Australia,Melbourne,2023-04-02T05:00:00+00:00,7787,10,4,McLaren,,6,57.0,1812.011,208.399,9,9,0,SOFT,4,4,1078.856,161.001,17.449549549549552,30.13963963963964,0
Race,Australia,Melbourne,2023-04-02T05:00:00+00:00,7787,10,22,AlphaTauri,,10,57.0,1827.7255,192.156,10,12,2,SOFT,8,5,1079.63,156.971,17.449549549549552,30.13963963963964,0
Race,Australia,Melbourne,2023-04-02T05:00:00+00:00,7787,10,24,Alfa Romeo,,9,57.0,1824.3915,196.801,14,13,-1,SOFT,2,6,1079.4475,157.402,17.449549549549552,30.13963963963964,0
Race,Australia,Melbourne,2023-04-02T05:00:00+00:00,7787,10,81,McLaren,,8,57.0,1821.15,200.722,10,10,0,SOFT,0,5,1079.3500000000001,158.126,17.449549549549552,30.13963963963964,0
Race,Australia,Melbourne,2023-04-02T05:00:00+00:00,7787,10,77,Alfa Romeo,,11,57.0,1832.6125,189.21,17,17,0,SOFT,4,7,1079.72,154.815,17.449549549549552,30.13963963963964,0
Race,Azerbaijan,Baku,2023-04-30T11:00:00+00:00,9070,144,10,Alpine,,14,6.0,14.427999999999997,113.152,18,16,-2,HARD,0,2,116.24922222222224,107.57,24.860625,41.209999999999994,0
Race,Azerbaijan,Baku,2023-04-30T11:00:00+00:00,9070,144,77,Alfa Romeo,,18,7.0,14.20450000000001,113.204,17,19,2,HARD,0,2,125.54316666666666,108.297,24.860625,41.209999999999994,0
Race,Azerbaijan,Baku,2023-04-30T11:00:00+00:00,9070,144,23,Williams,,12,8.0,15.686499999999995,112.993,18,17,-1,HARD,0,2,110.79806818181818,105.925,24.860625,41.209999999999994,0
Race,Azerbaijan,Baku,2023-04-30T11:00:00+00:00,9070,144,22,AlphaTauri,,10,9.0,9.728499999999997,112.849,15,13,-2,HARD,0,2,110.81406976744184,105.727,24.860625,41.209999999999994,0
Race,Azerbaijan,Baku,2023-04-30T11:00:00+00:00,9070,144,81,McLaren,,11,9.0,8.988,112.245,15,13,-2,HARD,0,2,110.84441860465117,105.631,24.860625,41.209999999999994,0
Race,Azerbaijan,Baku,2023-04-30T11:00:00+00:00,9070,144,2,Williams,,16,9.0,7.728000000000009,114.13,16,18,2,HARD,0,2,111.02983720930233,106.501,24.860625,41.209999999999994,0
Race,Azerbaijan,Baku,2023-04-30T11:00:00+00:00,9070,144,44,Mercedes,,6,10.0,-0.11250000000001137,113.178,12,12,0,HARD,0,2,110.16709523809524,105.346,24.860625,41.209999999999994,0
Race,Azerbaijan,Baku,2023-04-30T11:00:00+00:00,9070,144,4,McLaren,,9,10.0,5.9669999999999845,112.343,13,13,0,HARD,0,2,110.88683333333331,105.738,24.860625,41.209999999999994,0
Race,Azerbaijan,Baku,2023-04-30T11:00:00+00:00,9070,144,1,Red Bull Racing,,2,11.0,30.8425,110.778,4,6,2,HARD,0,2,109.40070731707317,104.232,24.860625,41.209999999999994,0
Race,Azerbaijan,Baku,2023-04-30T11:00:00+00:00,9070,144,20,Haas F1 Team,,13,11.0,49.66900000000001,122.819,11,13,2,HARD,0,2,110.68956097560978,105.85,24.860625,41.209999999999994,0
Race,Azerbaijan,Baku,2023-04-30T11:00:00+00:00,9070,144,11,Red Bull Racing,,1,12.0,20.577499999999986,142.994,3,1,-2,HARD,0,2,108.58895,104.589,24.860625,41.209999999999994,0
Race,Azerbaijan,Baku,2023-04-30T11:00:00+00:00,9070,144,16,Ferrari,,3,12.0,16.482499999999987,144.96,2,2,0,HARD,0,2,108.9917,104.561,24.860625,41.209999999999994,0
Race,Azerbaijan,Baku,2023-04-30T11:00:00+00:00,9070,144,55,Ferrari,,5,12.0,8.979000000000013,150.049,3,5,2,HARD,0,2,109.40097499999999,105.175,24.860625,41.209999999999994,0
Race,Azerbaijan,Baku,2023-04-30T11:00:00+00:00,9070,144,14,Aston Martin,,4,12.0,9.876500000000021,148.557,5,5,0,HARD,0,2,108.76535000000001,104.241,24.860625,41.209999999999994,0
Race,Azerbaijan,Baku,2023-04-30T11:00:00+00:00,9070,144,63,Mercedes,,8,12.0,5.9739999999999895,150.62,7,5,-2,HARD,0,2,109.68639473684209,105.662,24.860625,41.209999999999994,0
Race,Azerbaijan,Baku,2023-04-30T11:00:00+00:00,9070,144,18,Aston Martin,,7,12.0,7.2254999999999825,153.847,6,6,0,HARD,3,2,109.33930000000001,105.627,24.860625,41.209999999999994,0
Race,Azerbaijan,Baku,2023-04-30T11:00:00+00:00,9070,144,24,Alfa Romeo,,19,12.0,1.9279999999999973,155.375,8,10,2,HARD,0,2,112.0908,107.553,24.860625,41.209999999999994,0
Race,Azerbaijan,Baku,2023-04-30T11:00:00+00:00,9070,144,77,Alfa Romeo,,18,13.0,17.027000000000015,133.014,17,19,2,HARD,0,3,110.30099999999997,107.849,24.860625,41.209999999999994,0
Race,Azerbaijan,Baku,2023-04-30T11:00:00+00:00,9070,144,10,Alpine,,14,24.0,15.328499999999991,112.208,18,16,-2,HARD,0,3,107.15739285714285,105.54,24.860625,41.209999999999994,0
Race,Azerbaijan,Baku,2023-04-30T11:00:00+00:00,9070,144,77,Alfa Romeo,,18,35.0,15.632999999999996,111.998,17,19,2,MEDIUM,0,4,108.05475,106.304,24.860625,41.209999999999994,0
Race,Azerbaijan,Baku,2023-04-30T11:00:00+00:00,9070,144,63,Mercedes,,8,50.0,17.03200000000001,112.152,7,5,-2,SOFT,0,3,114.0815,103.37,24.860625,41.209999999999994,0
Race,Azerbaijan,Baku,2023-04-30T11:00:00+00:00,9070,144,27,Haas F1 Team,,17,50.0,,113.182,11,9,-2,SOFT,0,2,126.546,126.546,24.860625,41.209999999999994,0
Race,Azerbaijan,Baku,2023-04-30T11:00:00+00:00,9070,144,31,Alpine,,15,51.0,,110.932,11,9,-2,SOFT,0,2,121.249,121.249,24.860625,41.209999999999994,0
Race,United States,Miami,2023-05-07T19:30:00+00:00,9078,151,2,Williams,,20,3.0,38.285,101.093,19,19,0,HARD,0,2,94.16101851851852,92.384,27.11741935483871,36.689032258064515,0
Race,United States,Miami,2023-05-07T19:30:00+00:00,9078,151,4,McLaren,,17,5.0,14.607,98.826,19,19,0,HARD,0,2,93.39298113207546,92.401,27.11741935483871,36.689032258064515,0
Race,United States,Miami,2023-05-07T19:30:00+00:00,9078,151,81,McLaren,,19,6.0,11.987500000000011,98.967,13,15,2,HARD,0,2,93.95178431372551,92.006,27.11741935483871,36.689032258064515,0
Race,United States,Miami,2023-05-07T19:30:00+00:00,9078,151,20,Haas F1 Team,,10,15.0,11.932000000000002,98.728,16,16,0,HARD,0,2,92.95902325581396,91.691,27.11741935483871,36.689032258064515,0
Race,United States,Miami,2023-05-07T19:30:00+00:00,9078,151,10,Alpine,,8,16.0,12.69550000000001,98.406,14,12,-2,HARD,0,2,92.84733333333334,91.971,27.11741935483871,36.689032258064515,0
Race,United States,Miami,2023-05-07T19:30:00+00:00,9078,151,77,Alfa Romeo,,13,16.0,12.387999999999991,99.631,14,16,2,HARD,0,2,93.04992857142857,91.838,27.11741935483871,36.689032258064515,0
Race,United States,Miami,2023-05-07T19:30:00+00:00,9078,151,21,AlphaTauri,,18,16.0,14.287499999999994,98.808,20,18,-2,HARD,0,2,93.22785714285712,91.562,27.11741935483871,36.689032258064515,0
Race,United States,Miami,2023-05-07T19:30:00+00:00,9078,151,63,Mercedes,,4,18.0,12.683000000000007,97.609,10,12,2,HARD,0,2,92.38065,91.015,27.11741935483871,36.689032258064515,0
Race,United States,Miami,2023-05-07T19:30:00+00:00,9078,151,16,Ferrari,,7,18.0,12.710999999999999,97.645,13,15,2,HARD,0,2,92.68765,91.434,27.11741935483871,36.689032258064515,0
Race,United States,Miami,2023-05-07T19:30:00+00:00,9078,151,55,Ferrari,,5,19.0,11.774000000000001,97.311,6,4,-2,HARD,0,2,92.57710256410256,91.362,27.11741935483871,36.689032258064515,0
Race,United States,Miami,2023-05-07T19:30:00+00:00,9078,151,11,Red Bull Racing,,2,21.0,12.127999999999986,97.863,3,1,-2,HARD,0,2,91.82548648648648,90.56,27.11741935483871,36.689032258064515,0
Race,United States,Miami,2023-05-07T19:30:00+00:00,9078,151,23,Williams,,14,23.0,12.140500000000003,99.058,12,14,2,HARD,0,2,92.87425714285713,91.852,27.11741935483871,36.689032258064515,0
Race,United States,Miami,2023-05-07T19:30:00+00:00,9078,151,14,Aston Martin,,3,25.0,12.342500000000001,97.282,3,5,2,HARD,1,2,92.25672727272726,90.519,27.11741935483871,36.689032258064515,0
Race,United States,Miami,2023-05-07T19:30:00+00:00,9078,151,24,Alfa Romeo,,16,32.0,12.960000000000008,97.61,14,12,-2,MEDIUM,0,2,92.73015384615385,91.736,27.11741935483871,36.689032258064515,0
Race,United States,Miami,2023-05-07T19:30:00+00:00,9078,151,27,Haas F1 Team,,15,34.0,12.013499999999993,100.557,7,9,2,MEDIUM,0,2,92.87325,90.901,27.11741935483871,36.689032258064515,0
Race,United States,Miami,2023-05-07T19:30:00+00:00,9078,151,22,AlphaTauri,,11,37.0,12.230999999999995,97.007,12,9,-3,MEDIUM,0,2,92.54566666666666,91.038,27.11741935483871,36.689032258064515,0
Race,United States,Miami,2023-05-07T19:30:00+00:00,9078,151,44,Mercedes,,6,38.0,10.2945,97.819,7,7,0,MEDIUM,0,2,92.07294999999999,90.669,27.11741935483871,36.689032258064515,0
Race,United States,Miami,2023-05-07T19:30:00+00:00,9078,151,31,Alpine,,9,40.0,11.0715,97.507,4,4,0,MEDIUM,0,2,92.49155555555556,91.143,27.11741935483871,36.689032258064515,0
Race,United States,Miami,2023-05-07T19:30:00+00:00,9078,151,18,Aston Martin,,12,43.0,12.409999999999997,97.256,11,11,0,MEDIUM,1,2,92.40886666666665,90.862,27.11741935483871,36.689032258064515,0
Race,United States,Miami,2023-05-07T19:30:00+00:00,9078,151,1,Red Bull Racing,,1,46.0,12.605500000000006,95.856,4,2,-2,MEDIUM,0,2,91.84724999999999,89.708,27.11741935483871,36.689032258064515,0
Race,Monaco,Monaco,2023-05-28T13:00:00+00:00,9094,22,11,Red Bull Racing,,16,1.0,,,19,19,0,HARD,0,2,81.02561764705881,76.269,25.06590909090909,39.25568181818182,1
Race,Monaco,Monaco,2023-05-28T13:00:00+00:00,9094,22,24,Alfa Romeo,,13,1.0,,,18,18,0,HARD,0,2,80.70144230769232,76.926,25.06590909090909,39.25568181818182,1
Race,Monaco,Monaco,2023-05-28T13:00:00+00:00,9094,22,27,Haas F1 Team,,17,1.0,,,19,17,-2,HARD,0,2,81.69896296296298,76.991,25.06590909090909,39.25568181818182,1
Race,Monaco,Monaco,2023-05-28T13:00:00+00:00,9094,22,23,Williams,,14,18.0,16.505499999999998,80.624,18,18,0,HARD,0,2,80.75097142857142,76.672,25.06590909090909,39.25568181818182,1
Race,Monaco,Monaco,2023-05-28T13:00:00+00:00,9094,22,2,Williams,,18,20.0,15.224000000000004,82.328,17,17,0,HARD,0,2,88.63375,77.483,25.06590909090909,39.25568181818182,1
Race,Monaco,Monaco,2023-05-28T13:00:00+00:00,9094,22,2,Williams,,18,23.0,19.112499999999983,77.483,17,17,0,SOFT,0,3,81.32623333333336,77.302,25.06590909090909,39.25568181818182,1
Race,Monaco,Monaco,2023-05-28T13:00:00+00:00,9094,22,44,Mercedes,,4,31.0,17.513499999999993,77.742,7,7,0,HARD,0,2,80.49583333333334,75.65,25.06590909090909,39.25568181818182,1
Race,Monaco,Monaco,2023-05-28T13:00:00+00:00,9094,22,31,Alpine,,3,32.0,16.358000000000004,77.331,6,4,-2,HARD,0,2,80.6548695652174,76.528,25.06590909090909,39.25568181818182,1
Race,Monaco,Monaco,2023-05-28T13:00:00+00:00,9094,22,55,Ferrari,,8,33.0,14.638499999999993,77.18,7,5,-2,MEDIUM,0,2,82.54043478260868,76.449,25.06590909090909,39.25568181818182,1
Race,Monaco,Monaco,2023-05-28T13:00:00+00:00,9094,22,11,Red Bull Racing,,16,34.0,25.619,82.083,19,19,0,MEDIUM,1,3,82.54190000000001,76.353,25.06590909090909,39.25568181818182,1
Race,Monaco,Monaco,2023-05-28T13:00:00+00:00,9094,22,16,Ferrari,,6,44.0,16.434999999999988,78.451,8,8,0,MEDIUM,0,2,86.23633333333333,75.773,25.06590909090909,39.25568181818182,1
Race,Monaco,Monaco,2023-05-28T13:00:00+00:00,9094,22,10,Alpine,,7,47.0,14.826499999999996,76.997,5,7,2,MEDIUM,0,2,87.609375,75.831,25.06590909090909,39.25568181818182,1
Race,Monaco,Monaco,2023-05-28T13:00:00+00:00,9094,22,4,McLaren,,9,50.0,13.045000000000002,78.152,11,11,0,HARD,0,2,99.304,87.706,25.06590909090909,39.25568181818182,1
Race,Monaco,Monaco,2023-05-28T13:00:00+00:00,9094,22,18,Aston Martin,,20,51.0,18.297500000000014,80.218,16,16,0,INTERMEDIATE,0,2,97.67033333333332,92.189,25.06590909090909,39.25568181818182,1
Race,Monaco,Monaco,2023-05-28T13:00:00+00:00,9094,22,77,Alfa Romeo,,11,51.0,23.656999999999996,79.704,15,17,2,INTERMEDIATE,0,2,95.48866666666669,84.139,25.06590909090909,39.25568181818182,1
Race,Monaco,Monaco,2023-05-28T13:00:00+00:00,9094,22,24,Alfa Romeo,,13,52.0,18.403000000000006,90.253,18,18,0,INTERMEDIATE,0,3,96.91069230769232,85.717,25.06590909090909,39.25568181818182,1
Race,Monaco,Monaco,2023-05-28T13:00:00+00:00,9094,22,23,Williams,,14,52.0,22.741,89.941,18,18,0,INTERMEDIATE,0,3,97.18773076923078,86.764,25.06590909090909,39.25568181818182,1
Race,Monaco,Monaco,2023-05-28T13:00:00+00:00,9094,22,2,Williams,,18,52.0,20.705000000000013,92.385,17,17,0,INTERMEDIATE,0,4,99.2758,87.137,25.06590909090909,39.25568181818182,1
Race,Monaco,Monaco,2023-05-28T13:00:00+00:00,9094,22,22,AlphaTauri,,15,53.0,29.047999999999988,92.268,10,12,2,INTERMEDIATE,0,2,100.718125,87.332,25.06590909090909,39.25568181818182,1
Race,Monaco,Monaco,2023-05-28T13:00:00+00:00,9094,22,14,Aston Martin,,2,54.0,1.5625,90.862,2,2,0,MEDIUM,1,2,118.47300000000001,110.311,25.06590909090909,39.25568181818182,1
Race,Monaco,Monaco,2023-05-28T13:00:00+00:00,9094,22,21,AlphaTauri,,12,53.0,20.203000000000003,89.326,12,14,2,INTERMEDIATE,0,2,97.63484,86.282,25.06590909090909,39.25568181818182,1
Race,Monaco,Monaco,2023-05-28T13:00:00+00:00,9094,22,63,Mercedes,,5,54.0,15.3305,88.625,4,4,0,INTERMEDIATE,0,2,96.67707999999999,85.436,25.06590909090909,39.25568181818182,1
Race,Monaco,Monaco,2023-05-28T13:00:00+00:00,9094,22,31,Alpine,,3,54.0,18.40299999999999,89.909,6,4,-2,INTERMEDIATE,0,3,95.85484000000001,84.231,25.06590909090909,39.25568181818182,1
Race,Monaco,Monaco,2023-05-28T13:00:00+00:00,9094,22,44,Mercedes,,4,54.0,19.66900000000001,91.341,7,7,0,INTERMEDIATE,0,3,95.79528,84.651,25.06590909090909,39.25568181818182,1
Race,Monaco,Monaco,2023-05-28T13:00:00+00:00,9094,22,11,Red Bull Racing,,16,53.0,15.278000000000006,98.2,19,19,0,INTERMEDIATE,0,4,109.8432,100.446,25.06590909090909,39.25568181818182,1
Race,Monaco,Monaco,2023-05-28T13:00:00+00:00,9094,22,10,Alpine,,7,54.0,21.596499999999992,95.781,5,7,2,INTERMEDIATE,0,3,96.47576,85.607,25.06590909090909,39.25568181818182,1
Race,Monaco,Monaco,2023-05-28T13:00:00+00:00,9094,22,1,Red Bull Racing,,1,55.0,28.028500000000008,98.946,1,1,0,INTERMEDIATE,0,2,96.02,85.201,25.06590909090909,39.25568181818182,1
Race,Monaco,Monaco,2023-05-28T13:00:00+00:00,9094,22,81,McLaren,,10,54.0,30.42450000000001,96.843,10,10,0,INTERMEDIATE,0,2,96.564375,84.785,25.06590909090909,39.25568181818182,1
Race,Monaco,Monaco,2023-05-28T13:00:00+00:00,9094,22,4,McLaren,,9,54.0,34.231999999999985,92.162,11,11,0,INTERMEDIATE,0,3,95.76733333333334,85.278,25.06590909090909,39.25568181818182,1
Race,Monaco,Monaco,2023-05-28T13:00:00+00:00,9094,22,14,Aston Martin,,2,55.0,17.214,110.311,2,2,0,INTERMEDIATE,0,3,96.15533333333333,84.701,25.06590909090909,39.25568181818182,1
Race,Monaco,Monaco,2023-05-28T13:00:00+00:00,9094,22,16,Ferrari,,6,55.0,29.879500000000007,95.725,8,8,0,INTERMEDIATE,0,3,96.61620833333332,85.965,25.06590909090909,39.25568181818182,1
Race,Monaco,Monaco,2023-05-28T13:00:00+00:00,9094,22,55,Ferrari,,8,55.0,39.563500000000005,97.315,7,5,-2,INTERMEDIATE,0,3,96.87395833333333,85.579,25.06590909090909,39.25568181818182,1
Race,Monaco,Monaco,2023-05-28T13:00:00+00:00,9094,22,27,Haas F1 Team,,17,54.0,37.0925,100.881,19,17,-2,INTERMEDIATE,0,3,111.98366666666668,102.188,25.06590909090909,39.25568181818182,1
Race,Monaco,Monaco,2023-05-28T13:00:00+00:00,9094,22,20,Haas F1 Team,,19,56.0,74.52649999999998,127.055,13,11,-2,WET,0,2,110.38773333333332,97.778,25.06590909090909,39.25568181818182,1
Race,Monaco,Monaco,2023-05-28T13:00:00+00:00,9094,22,11,Red Bull Racing,,16,57.0,20.316999999999993,105.055,19,19,0,WET,0,5,102.2162142857143,95.708,25.06590909090909,39.25568181818182,1
Race,Monaco,Monaco,2023-05-28T13:00:00+00:00,9094,22,27,Haas F1 Team,,17,59.0,16.977999999999994,102.188,19,17,-2,WET,0,4,97.57688888888889,90.26,25.06590909090909,39.25568181818182,1
Race,Monaco,Monaco,2023-05-28T13:00:00+00:00,9094,22,11,Red Bull Racing,,16,70.0,21.840000000000003,95.708,19,19,0,INTERMEDIATE,0,6,94.47028571428572,85.704,25.06590909090909,39.25568181818182,1
Race,Spain,Barcelona,2023-06-04T13:00:00+00:00,9102,15,4,McLaren,,17,2.0,30.0895,91.749,19,20,1,HARD,0,2,83.1532857142857,80.051,22.674025974025977,33.838961038961045,0
Race,Spain,Barcelona,2023-06-04T13:00:00+00:00,9102,15,77,Alfa Romeo,,19,6.0,18.011499999999984,85.549,19,18,-1,HARD,0,2,82.33435294117646,79.955,22.674025974025977,33.838961038961045,0
Race,Spain,Barcelona,2023-06-04T13:00:00+00:00,9102,15,27,Haas F1 Team,,15,9.0,15.210499999999996,86.934,16,14,-2,MEDIUM,0,2,82.35561111111112,79.527,22.674025974025977,33.838961038961045,0
Race,Spain,Barcelona,2023-06-04T13:00:00+00:00,9102,15,24,Alfa Romeo,,9,10.0,17.4465,86.163,13,11,-2,HARD,0,2,81.72648148148147,79.948,22.674025974025977,33.838961038961045,0
Race,Spain,Barcelona,2023-06-04T13:00:00+00:00,9102,15,21,AlphaTauri,,14,10.0,17.4525,85.276,14,14,0,HARD,0,2,81.81624137931036,80.46,22.674025974025977,33.838961038961045,0
Race,Spain,Barcelona,2023-06-04T13:00:00+00:00,9102,15,22,AlphaTauri,,12,11.0,17.905500000000004,84.958,12,10,-2,HARD,0,2,81.55533333333334,79.767,22.674025974025977,33.838961038961045,0
Race,Spain,Barcelona,2023-06-04T13:00:00+00:00,9102,15,20,Haas F1 Team,,18,11.0,16.096000000000004,86.652,14,14,0,MEDIUM,0,2,82.82985714285715,80.176,22.674025974025977,33.838961038961045,0
Race,Spain,Barcelona,2023-06-04T13:00:00+00:00,9102,15,31,Alpine,,8,14.0,15.930499999999995,85.472,6,6,0,MEDIUM,0,2,81.60768181818183,80.239,22.674025974025977,33.838961038961045,0
Race,Spain,Barcelona,2023-06-04T13:00:00+00:00,9102,15,18,Aston Martin,,6,15.0,16.439499999999995,85.694,6,4,-2,SOFT,0,2,81.76565,80.283,22.674025974025977,33.838961038961045,0
Race,Spain,Barcelona,2023-06-04T13:00:00+00:00,9102,15,55,Ferrari,,5,16.0,16.505999999999986,84.981,7,5,-2,MEDIUM,0,2,81.28711538461539,79.832,22.674025974025977,33.838961038961045,0
Race,Spain,Barcelona,2023-06-04T13:00:00+00:00,9102,15,16,Ferrari,,11,17.0,16.255500000000012,86.277,17,17,0,SOFT,0,2,81.4322,80.066,22.674025974025977,33.838961038961045,0
Race,Spain,Barcelona,2023-06-04T13:00:00+00:00,9102,15,23,Williams,,16,17.0,18.495500000000007,86.763,11,13,2,HARD,0,2,82.3144761904762,80.593,22.674025974025977,33.838961038961045,0
Race,Spain,Barcelona,2023-06-04T13:00:00+00:00,9102,15,81,McLaren,,13,18.0,17.978499999999997,84.904,11,13,2,HARD,0,2,81.63436363636366,79.785,22.674025974025977,33.838961038961045,0
Race,Spain,Barcelona,2023-06-04T13:00:00+00:00,9102,15,2,Williams,,20,18.0,17.808999999999997,86.858,13,15,2,HARD,0,2,82.30410526315791,80.458,22.674025974025977,33.838961038961045,0
Race,Spain,Barcelona,2023-06-04T13:00:00+00:00,9102,15,14,Aston Martin,,7,20.0,16.345499999999987,84.968,9,9,0,SOFT,0,2,81.27051999999999,79.832,22.674025974025977,33.838961038961045,0
Race,Spain,Barcelona,2023-06-04T13:00:00+00:00,9102,15,10,Alpine,,10,20.0,17.930000000000007,86.187,9,11,2,MEDIUM,0,2,81.57145,79.437,22.674025974025977,33.838961038961045,0
Race,Spain,Barcelona,2023-06-04T13:00:00+00:00,9102,15,4,McLaren,,17,23.0,17.916500000000013,85.334,19,20,1,MEDIUM,0,3,81.03275,79.576,22.674025974025977,33.838961038961045,0
Race,Spain,Barcelona,2023-06-04T13:00:00+00:00,9102,15,44,Mercedes,,2,25.0,17.16250000000001,84.672,2,4,2,MEDIUM,0,2,80.18650000000001,78.927,22.674025974025977,33.838961038961045,0
Race,Spain,Barcelona,2023-06-04T13:00:00+00:00,9102,15,20,Haas F1 Team,,18,25.0,19.06349999999999,85.931,14,14,0,HARD,0,3,81.84722222222223,79.009,22.674025974025977,33.838961038961045,0
Race,Spain,Barcelona,2023-06-04T13:00:00+00:00,9102,15,63,Mercedes,,3,26.0,16.646,84.632,3,3,0,MEDIUM,0,2,80.5117,78.264,22.674025974025977,33.838961038961045,0
Race,Spain,Barcelona,2023-06-04T13:00:00+00:00,9102,15,1,Red Bull Racing,,1,27.0,17.152,83.843,1,1,0,HARD,0,2,79.93388461538463,78.707,22.674025974025977,33.838961038961045,0
Race,Spain,Barcelona,2023-06-04T13:00:00+00:00,9102,15,27,Haas F1 Team,,15,27.0,17.988500000000002,84.75,16,14,-2,HARD,0,3,81.22794117647058,78.959,22.674025974025977,33.838961038961045,0
Race,Spain,Barcelona,2023-06-04T13:00:00+00:00,9102,15,11,Red Bull Racing,,4,28.0,16.292999999999992,85.177,2,4,2,HARD,0,2,80.23004347826087,78.645,22.674025974025977,33.838961038961045,0
Race,Spain,Barcelona,2023-06-04T13:00:00+00:00,9102,15,22,AlphaTauri,,12,35.0,16.160999999999987,84.505,12,10,-2,MEDIUM,0,3,80.08615624999999,78.904,22.674025974025977,33.838961038961045,0
Race,Spain,Barcelona,2023-06-04T13:00:00+00:00,9102,15,18,Aston Martin,,6,35.0,17.637,85.2,6,4,-2,HARD,0,3,79.99571875000001,78.722,22.674025974025977,33.838961038961045,0
Race,Spain,Barcelona,2023-06-04T13:00:00+00:00,9102,15,31,Alpine,,8,36.0,18.661,84.355,6,6,0,HARD,0,3,80.09838709677419,78.946,22.674025974025977,33.838961038961045,0
Race,Spain,Barcelona,2023-06-04T13:00:00+00:00,9102,15,24,Alfa Romeo,,9,37.0,18.30449999999999,84.35,13,11,-2,HARD,0,3,79.91290000000002,78.753,22.674025974025977,33.838961038961045,0
Race,Spain,Barcelona,2023-06-04T13:00:00+00:00,9102,15,2,Williams,,20,37.0,19.754999999999995,84.804,13,15,2,HARD,0,3,80.99955172413793,79.247,22.674025974025977,33.838961038961045,0
Race,Spain,Barcelona,2023-06-04T13:00:00+00:00,9102,15,23,Williams,,16,38.0,15.921999999999997,86.232,11,13,2,MEDIUM,0,3,80.20949999999998,79.133,22.674025974025977,33.838961038961045,0
Race,Spain,Barcelona,2023-06-04T13:00:00+00:00,9102,15,21,AlphaTauri,,14,39.0,16.62599999999999,84.278,14,14,0,MEDIUM,0,3,79.95944444444446,78.594,22.674025974025977,33.838961038961045,0
Race,Spain,Barcelona,2023-06-04T13:00:00+00:00,9102,15,81,McLaren,,13,40.0,17.509500000000003,84.112,11,13,2,MEDIUM,0,3,80.24534615384616,78.679,22.674025974025977,33.838961038961045,0
Race,Spain,Barcelona,2023-06-04T13:00:00+00:00,9102,15,10,Alpine,,10,40.0,18.820999999999998,84.147,9,11,2,HARD,0,3,79.7972222222222,78.375,22.674025974025977,33.838961038961045,0
Race,Spain,Barcelona,2023-06-04T13:00:00+00:00,9102,15,77,Alfa Romeo,,19,40.0,19.022500000000008,87.553,19,18,-1,HARD,0,3,80.88119230769232,78.242,22.674025974025977,33.838961038961045,0
Race,Spain,Barcelona,2023-06-04T13:00:00+00:00,9102,15,55,Ferrari,,5,42.0,17.346500000000006,84.28,7,5,-2,HARD,0,3,79.5892,78.403,22.674025974025977,33.838961038961045,0
Race,Spain,Barcelona,2023-06-04T13:00:00+00:00,9102,15,16,Ferrari,,11,42.0,18.269000000000005,83.726,17,17,0,HARD,0,3,79.68428,78.357,22.674025974025977,33.838961038961045,0
Race,Spain,Barcelona,2023-06-04T13:00:00+00:00,9102,15,20,Haas F1 Team,,18,43.0,16.16149999999999,86.156,14,14,0,MEDIUM,0,4,80.40834782608695,78.069,22.674025974025977,33.838961038961045,0
Race,Spain,Barcelona,2023-06-04T13:00:00+00:00,9102,15,27,Haas F1 Team,,15,44.0,18.843500000000006,85.079,16,14,-2,MEDIUM,0,4,80.14736363636365,78.776,22.674025974025977,33.838961038961045,0
Race,Spain,Barcelona,2023-06-04T13:00:00+00:00,9102,15,14,Aston Martin,,7,45.0,17.587000000000003,83.902,9,9,0,HARD,0,3,79.72795454545454,78.083,22.674025974025977,33.838961038961045,0
Race,Spain,Barcelona,2023-06-04T13:00:00+00:00,9102,15,63,Mercedes,,3,46.0,16.661999999999992,82.981,3,3,0,SOFT,3,3,79.30138095238097,77.875,22.674025974025977,33.838961038961045,0
Race,Spain,Barcelona,2023-06-04T13:00:00+00:00,9102,15,44,Mercedes,,2,51.0,18.027,82.701,2,4,2,SOFT,3,3,79.51975,76.676,22.674025974025977,33.838961038961045,0
Race,Spain,Barcelona,2023-06-04T13:00:00+00:00,9102,15,11,Red Bull Racing,,4,51.0,15.746500000000012,83.039,2,4,2,SOFT,0,3,79.02862499999999,76.666,22.674025974025977,33.838961038961045,0
Race,Spain,Barcelona,2023-06-04T13:00:00+00:00,9102,15,4,McLaren,,17,51.0,16.6455,83.934,19,20,1,SOFT,0,4,80.11773333333333,77.182,22.674025974025977,33.838961038961045,0
Race,Spain,Barcelona,2023-06-04T13:00:00+00:00,9102,15,1,Red Bull Racing,,1,53.0,17.069999999999993,82.849,1,1,0,SOFT,2,3,79.0247142857143,76.33,22.674025974025977,33.838961038961045,0
Race,Canada,Montréal,2023-06-18T18:00:00+00:00,9110,23,22,AlphaTauri,,14,1.0,,,14,12,-2,HARD,0,2,96.01599999999999,82.407,18.530246913580246,30.593209876543206,0
Race,Canada,Montréal,2023-06-18T18:00:00+00:00,9110,23,22,AlphaTauri,,14,3.0,-2.105499999999992,82.407,14,12,-2,HARD,0,3,81.17776470588237,76.666,18.530246913580246,30.593209876543206,0
Race,Canada,Montréal,2023-06-18T18:00:00+00:00,9110,23,10,Alpine,,12,10.0,19.808999999999997,78.674,19,18,-1,HARD,0,2,88.133,78.126,18.530246913580246,30.593209876543206,0
Race,Canada,Montréal,2023-06-18T18:00:00+00:00,9110,23,27,Haas F1 Team,,15,11.0,5.631,79.083,16,16,0,HARD,0,2,89.59909523809525,78.199,18.530246913580246,30.593209876543206,0
Race,Canada,Montréal,2023-06-18T18:00:00+00:00,9110,23,18,Aston Martin,,9,11.0,3.751500000000007,79.107,16,16,0,HARD,0,2,91.98541176470587,78.286,18.530246913580246,30.593209876543206,0
Race,Canada,Montréal,2023-06-18T18:00:00+00:00,9110,23,21,AlphaTauri,,18,11.0,4.244500000000002,79.008,14,14,0,HARD,0,2,85.729975,78.12,18.530246913580246,30.593209876543206,0
Race,Canada,Montréal,2023-06-18T18:00:00+00:00,9110,23,1,Red Bull Racing,,1,12.0,-20.397500000000008,77.268,1,1,0,HARD,0,2,84.97470967741936,76.607,18.530246913580246,30.593209876543206,0
Race,Canada,Montréal,2023-06-18T18:00:00+00:00,9110,23,14,Aston Martin,,2,12.0,-10.099999999999994,77.393,3,3,0,HARD,0,2,85.26089999999998,76.575,18.530246913580246,30.593209876543206,0
Race,Canada,Montréal,2023-06-18T18:00:00+00:00,9110,23,44,Mercedes,,3,12.0,-9.729499999999987,77.692,3,3,0,HARD,0,2,85.7184827586207,76.786,18.530246913580246,30.593209876543206,0
Race,Canada,Montréal,2023-06-18T18:00:00+00:00,9110,23,31,Alpine,,8,12.0,-1.8875000000000028,78.335,8,8,0,HARD,0,2,87.52116,77.747,18.530246913580246,30.593209876543206,0
Race,Canada,Montréal,2023-06-18T18:00:00+00:00,9110,23,81,McLaren,,11,12.0,0.2365000000000066,78.429,12,10,-2,HARD,0,2,87.29103846153846,78.041,18.530246913580246,30.593209876543206,0
Race,Canada,Montréal,2023-06-18T18:00:00+00:00,9110,23,23,Williams,,7,12.0,8.270499999999998,78.717,11,11,0,HARD,0,2,81.46245762711865,76.917,18.530246913580246,30.593209876543206,0
Race,Canada,Montréal,2023-06-18T18:00:00+00:00,9110,23,4,McLaren,,13,12.0,9.371499999999997,78.491,10,10,0,HARD,0,2,87.79204166666666,77.821,18.530246913580246,30.593209876543206,0
Race,Canada,Montréal,2023-06-18T18:00:00+00:00,9110,23,24,Alfa Romeo,,16,12.0,7.232500000000002,78.531,13,15,2,HARD,0,2,89.34090476190478,78.036,18.530246913580246,30.593209876543206,0
Race,Canada,Montréal,2023-06-18T18:00:00+00:00,9110,23,63,Mercedes,,19,12.0,136.382,77.917,19,17,-2,HARD,0,2,83.53295238095238,77.097,18.530246913580246,30.593209876543206,0
Race,Canada,Montréal,2023-06-18T18:00:00+00:00,9110,23,18,Aston Martin,,9,27.0,14.869499999999988,78.736,16,16,0,HARD,0,3,77.67256818181819,76.564,18.530246913580246,30.593209876543206,0
Race,Canada,Montréal,2023-06-18T18:00:00+00:00,9110,23,27,Haas F1 Team,,15,31.0,16.251999999999995,78.564,16,16,0,HARD,0,3,78.35976923076923,77.232,18.530246913580246,30.593209876543206,0
Race,Canada,Montréal,2023-06-18T18:00:00+00:00,9110,23,24,Alfa Romeo,,16,32.0,18.732,78.441,13,15,2,HARD,0,3,78.38542105263159,77.09,18.530246913580246,30.593209876543206,0
Race,Canada,Montréal,2023-06-18T18:00:00+00:00,9110,23,10,Alpine,,12,33.0,15.625500000000002,78.126,19,18,-1,HARD,0,3,77.54842105263158,76.425,18.530246913580246,30.593209876543206,0
Race,Canada,Montréal,2023-06-18T18:00:00+00:00,9110,23,4,McLaren,,13,35.0,14.672000000000011,78.487,10,10,0,HARD,0,3,77.68855555555557,76.374,18.530246913580246,30.593209876543206,0
Race,Canada,Montréal,2023-06-18T18:00:00+00:00,9110,23,20,Haas F1 Team,,17,35.0,58.85350000000001,79.494,9,11,2,MEDIUM,0,2,82.25794736842104,77.053,18.530246913580246,30.593209876543206,0
Race,Canada,Montréal,2023-06-18T18:00:00+00:00,9110,23,31,Alpine,,8,36.0,15.444500000000005,78.236,8,8,0,HARD,0,3,77.76134285714284,76.782,18.530246913580246,30.593209876543206,0
Race,Canada,Montréal,2023-06-18T18:00:00+00:00,9110,23,77,Alfa Romeo,,10,36.0,16.19149999999999,78.167,9,9,0,MEDIUM,0,2,77.76257142857145,76.625,18.530246913580246,30.593209876543206,0
Race,Canada,Montréal,2023-06-18T18:00:00+00:00,9110,23,11,Red Bull Racing,,6,37.0,14.528000000000006,78.47,13,11,-2,MEDIUM,0,2,77.6504375,76.084,18.530246913580246,30.593209876543206,0
Race,Canada,Montréal,2023-06-18T18:00:00+00:00,9110,23,81,McLaren,,11,37.0,14.319999999999993,78.609,12,10,-2,HARD,0,3,77.61735294117648,76.598,18.530246913580246,30.593209876543206,0
Race,Canada,Montréal,2023-06-18T18:00:00+00:00,9110,23,55,Ferrari,,5,38.0,15.347999999999999,77.495,11,11,0,HARD,0,2,76.96490909090909,75.911,18.530246913580246,30.593209876543206,0
Race,Canada,Montréal,2023-06-18T18:00:00+00:00,9110,23,16,Ferrari,,4,39.0,15.15700000000001,77.566,9,7,-2,HARD,0,2,76.9114375,75.907,18.530246913580246,30.593209876543206,0
Race,Canada,Montréal,2023-06-18T18:00:00+00:00,9110,23,44,Mercedes,,3,40.0,14.5685,77.517,3,3,0,MEDIUM,0,3,76.86296774193548,75.396,18.530246913580246,30.593209876543206,0
Race,Canada,Montréal,2023-06-18T18:00:00+00:00,9110,23,14,Aston Martin,,2,41.0,15.365500000000011,77.255,3,3,0,HARD,0,3,76.8534,75.779,18.530246913580246,30.593209876543206,0
Race,Canada,Montréal,2023-06-18T18:00:00+00:00,9110,23,1,Red Bull Racing,,1,42.0,15.108999999999995,77.017,1,1,0,MEDIUM,0,3,76.68827586206895,75.594,18.530246913580246,30.593209876543206,0
Race,Canada,Montréal,2023-06-18T18:00:00+00:00,9110,23,21,AlphaTauri,,18,50.0,15.00800000000001,78.12,14,14,0,HARD,0,3,78.02305,76.656,18.530246913580246,30.593209876543206,0
Race,Canada,Montréal,2023-06-18T18:00:00+00:00,9110,23,20,Haas F1 Team,,17,53.0,15.006,77.423,9,11,2,MEDIUM,0,3,78.08376470588234,76.126,18.530246913580246,30.593209876543206,0
Race,Canada,Montréal,2023-06-18T18:00:00+00:00,9110,23,11,Red Bull Racing,,6,68.0,13.712500000000006,76.513,13,11,-2,SOFT,0,3,82.746,74.481,18.530246913580246,30.593209876543206,0
Race,Austria,Spielberg,2023-07-02T13:00:00+00:00,9118,19,20,Haas F1 Team,,19,2.0,,,9,11,2,MEDIUM,0,2,135.42,135.42,22.398039215686275,32.05424836601307,1
Race,Austria,Spielberg,2023-07-02T13:00:00+00:00,9118,19,22,AlphaTauri,,18,2.0,20.84349999999999,106.718,10,12,2,HARD,0,2,122.36,122.36,22.398039215686275,32.05424836601307,1
Race,Austria,Spielberg,2023-07-02T13:00:00+00:00,9118,19,1,Red Bull Racing,,1,3.0,32.135999999999996,115.479,2,2,0,MEDIUM,0,2,74.35690909090908,69.691,22.398039215686275,32.05424836601307,1
Race,Austria,Spielberg,2023-07-02T13:00:00+00:00,9118,19,55,Ferrari,,4,3.0,30.007000000000005,114.713,2,4,2,MEDIUM,0,2,77.01692307692308,70.288,22.398039215686275,32.05424836601307,1
Race,Austria,Spielberg,2023-07-02T13:00:00+00:00,9118,19,16,Ferrari,,2,3.0,30.678999999999988,115.468,1,3,2,MEDIUM,0,2,76.68846153846154,70.305,22.398039215686275,32.05424836601307,1
Race,Austria,Spielberg,2023-07-02T13:00:00+00:00,9118,19,44,Mercedes,,7,3.0,27.055000000000007,115.179,4,4,0,MEDIUM,2,2,75.5525,70.579,22.398039215686275,32.05424836601307,1
Race,Austria,Spielberg,2023-07-02T13:00:00+00:00,9118,19,4,McLaren,,5,3.0,25.293499999999995,114.938,4,6,2,MEDIUM,2,2,75.55883333333334,70.488,22.398039215686275,32.05424836601307,1
Race,Austria,Spielberg,2023-07-02T13:00:00+00:00,9118,19,27,Haas F1 Team,,20,3.0,21.448499999999996,115.606,13,15,2,MEDIUM,0,2,76.83122222222222,71.066,22.398039215686275,32.05424836601307,1
Race,Austria,Spielberg,2023-07-02T13:00:00+00:00,9118,19,18,Aston Martin,,10,3.0,20.405500000000004,115.392,15,13,-2,MEDIUM,2,2,77.20069230769231,70.878,22.398039215686275,32.05424836601307,1
Race,Austria,Spielberg,2023-07-02T13:00:00+00:00,9118,19,14,Aston Martin,,6,3.0,22.387500000000003,115.765,7,7,0,HARD,2,2,76.92853846153847,70.822,22.398039215686275,32.05424836601307,1
Race,Austria,Spielberg,2023-07-02T13:00:00+00:00,9118,19,10,Alpine,,9,3.0,19.098000000000013,115.719,10,10,0,MEDIUM,0,2,75.62033333333333,70.883,22.398039215686275,32.05424836601307,1
Race,Austria,Spielberg,2023-07-02T13:00:00+00:00,9118,19,23,Williams,,11,3.0,17.45349999999999,116.502,13,11,-2,MEDIUM,0,2,75.71566666666668,71.073,22.398039215686275,32.05424836601307,1
Race,Austria,Spielberg,2023-07-02T13:00:00+00:00,9118,19,11,Red Bull Racing,,3,3.0,10.065999999999988,119.546,9,11,2,MEDIUM,2,2,74.18408695652172,70.182,22.398039215686275,32.05424836601307,1
Race,Austria,Spielberg,2023-07-02T13:00:00+00:00,9118,19,63,Mercedes,,8,3.0,12.136500000000012,119.477,13,11,-2,MEDIUM,2,2,75.41008333333333,71.204,22.398039215686275,32.05424836601307,1
Race,Austria,Spielberg,2023-07-02T13:00:00+00:00,9118,19,31,Alpine,,12,3.0,11.152000000000015,119.895,14,12,-2,MEDIUM,2,2,75.56225,71.097,22.398039215686275,32.05424836601307,1
Race,Austria,Spielberg,2023-07-02T13:00:00+00:00,9118,19,24,Alfa Romeo,,14,3.0,8.938000000000002,119.743,19,17,-2,MEDIUM,0,2,77.873,71.161,22.398039215686275,32.05424836601307,1
Race,Austria,Spielberg,2023-07-02T13:00:00+00:00,9118,19,77,Alfa Romeo,,16,3.0,4.799999999999997,120.55,14,16,2,HARD,0,2,75.81389473684212,71.555,22.398039215686275,32.05424836601307,1
Race,Austria,Spielberg,2023-07-02T13:00:00+00:00,9118,19,81,McLaren,,17,3.0,8.695999999999998,119.278,16,18,2,MEDIUM,2,2,75.30875000000002,71.056,22.398039215686275,32.05424836601307,1
Race,Austria,Spielberg,2023-07-02T13:00:00+00:00,9118,19,2,Williams,,13,3.0,7.145999999999987,119.986,16,14,-2,MEDIUM,0,2,75.56941666666667,71.211,22.398039215686275,32.05424836601307,1
Race,Austria,Spielberg,2023-07-02T13:00:00+00:00,9118,19,21,AlphaTauri,,15,3.0,4.3075000000000045,120.121,19,17,-2,MEDIUM,2,2,75.32589999999999,71.596,22.398039215686275,32.05424836601307,1
Race,Austria,Spielberg,2023-07-02T13:00:00+00:00,9118,19,22,AlphaTauri,,18,3.0,-0.9569999999999936,122.36,10,12,2,HARD,1,3,75.08823809523813,71.534,22.398039215686275,32.05424836601307,1
Race,Austria,Spielberg,2023-07-02T13:00:00+00:00,9118,19,20,Haas F1 Team,,19,3.0,-6.200499999999991,135.42,9,11,2,HARD,0,3,74.29331250000001,71.353,22.398039215686275,32.05424836601307,1
Race,Austria,Spielberg,2023-07-02T13:00:00+00:00,9118,19,24,Alfa Romeo,,14,9.0,18.16000000000001,74.846,19,17,-2,HARD,0,3,73.29266666666668,70.448,22.398039215686275,32.05424836601307,1
Race,Austria,Spielberg,2023-07-02T13:00:00+00:00,9118,19,27,Haas F1 Team,,20,12.0,,75.584,13,15,2,HARD,0,3,87.794,87.794,22.398039215686275,32.05424836601307,1
Race,Austria,Spielberg,2023-07-02T13:00:00+00:00,9118,19,21,AlphaTauri,,15,13.0,6.632500000000007,75.255,19,17,-2,HARD,0,3,73.58816,70.877,22.398039215686275,32.05424836601307,1
Race,Austria,Spielberg,2023-07-02T13:00:00+00:00,9118,19,4,McLaren,,5,15.0,32.685,79.855,4,6,2,HARD,0,3,72.08940740740739,69.937,22.398039215686275,32.05424836601307,1
Race,Austria,Spielberg,2023-07-02T13:00:00+00:00,9118,19,44,Mercedes,,7,15.0,30.685999999999993,78.406,4,4,0,HARD,0,3,72.14557142857143,69.7,22.398039215686275,32.05424836601307,1
Race,Austria,Spielberg,2023-07-02T13:00:00+00:00,9118,19,10,Alpine,,9,15.0,30.576999999999998,80.634,10,10,0,HARD,0,3,72.34263333333335,70.028,22.398039215686275,32.05424836601307,1
Race,Austria,Spielberg,2023-07-02T13:00:00+00:00,9118,19,31,Alpine,,12,15.0,29.55550000000001,82.57,14,12,-2,HARD,0,3,72.67057692307694,70.789,22.398039215686275,32.05424836601307,1
Race,Austria,Spielberg,2023-07-02T13:00:00+00:00,9118,19,63,Mercedes,,8,15.0,31.667,80.622,13,11,-2,HARD,0,3,72.3638888888889,70.454,22.398039215686275,32.05424836601307,1
Race,Austria,Spielberg,2023-07-02T13:00:00+00:00,9118,19,23,Williams,,11,15.0,30.971500000000006,80.648,13,11,-2,HARD,0,3,72.63366666666668,70.822,22.398039215686275,32.05424836601307,1
Race,Austria,Spielberg,2023-07-02T13:00:00+00:00,9118,19,81,McLaren,,17,15.0,29.504999999999995,82.818,16,18,2,HARD,0,3,76.5635,70.49,22.398039215686275,32.05424836601307,1
Race,Austria,Spielberg,2023-07-02T13:00:00+00:00,9118,19,2,Williams,,13,15.0,28.47399999999999,84.472,16,14,-2,HARD,0,3,72.69410344827585,70.876,22.398039215686275,32.05424836601307,1
Race,Austria,Spielberg,2023-07-02T13:00:00+00:00,9118,19,16,Ferrari,,2,16.0,9.030000000000001,93.78,1,3,2,MEDIUM,0,3,70.9366875,69.29,22.398039215686275,32.05424836601307,1
Race,Austria,Spielberg,2023-07-02T13:00:00+00:00,9118,19,55,Ferrari,,4,16.0,7.527500000000003,96.838,2,4,2,MEDIUM,0,3,70.93653333333334,69.129,22.398039215686275,32.05424836601307,1
Race,Austria,Spielberg,2023-07-02T13:00:00+00:00,9118,19,14,Aston Martin,,6,16.0,6.648499999999984,93.034,7,7,0,MEDIUM,0,3,71.26679310344826,70.043,22.398039215686275,32.05424836601307,1
Race,Austria,Spielberg,2023-07-02T13:00:00+00:00,9118,19,18,Aston Martin,,10,16.0,5.674999999999997,97.489,15,13,-2,HARD,0,3,72.16457142857142,70.593,22.398039215686275,32.05424836601307,1
Race,Austria,Spielberg,2023-07-02T13:00:00+00:00,9118,19,77,Alfa Romeo,,16,22.0,25.824499999999986,75.575,14,16,2,MEDIUM,0,3,72.351,69.977,22.398039215686275,32.05424836601307,1
Race,Austria,Spielberg,2023-07-02T13:00:00+00:00,9118,19,81,McLaren,,17,23.0,22.388000000000005,77.056,16,18,2,HARD,0,4,72.46636842105264,70.322,22.398039215686275,32.05424836601307,1
Race,Austria,Spielberg,2023-07-02T13:00:00+00:00,9118,19,22,AlphaTauri,,18,24.0,21.18650000000001,75.745,10,12,2,HARD,0,4,72.31674999999998,70.08,22.398039215686275,32.05424836601307,1
Race,Austria,Spielberg,2023-07-02T13:00:00+00:00,9118,19,1,Red Bull Racing,,1,25.0,15.545000000000002,73.519,2,2,0,HARD,0,3,70.30948000000001,68.929,22.398039215686275,32.05424836601307,1
Race,Austria,Spielberg,2023-07-02T13:00:00+00:00,9118,19,11,Red Bull Racing,,3,26.0,15.131500000000003,74.401,9,11,2,MEDIUM,0,3,70.3824,69.258,22.398039215686275,32.05424836601307,1
Race,Austria,Spielberg,2023-07-02T13:00:00+00:00,9118,19,20,Haas F1 Team,,19,35.0,14.711499999999987,77.88,9,11,2,HARD,1,4,71.69850000000001,70.176,22.398039215686275,32.05424836601307,1
Race,Austria,Spielberg,2023-07-02T13:00:00+00:00,9118,19,18,Aston Martin,,10,37.0,15.914000000000001,74.734,15,13,-2,HARD,0,4,71.00177777777778,69.552,22.398039215686275,32.05424836601307,1
Race,Austria,Spielberg,2023-07-02T13:00:00+00:00,9118,19,21,AlphaTauri,,15,38.0,14.835499999999996,74.889,19,17,-2,MEDIUM,0,4,71.10733333333334,69.852,22.398039215686275,32.05424836601307,1
Race,Austria,Spielberg,2023-07-02T13:00:00+00:00,9118,19,24,Alfa Romeo,,14,39.0,15.593000000000004,75.378,19,17,-2,HARD,0,4,71.06609375,69.786,22.398039215686275,32.05424836601307,1
Race,Austria,Spielberg,2023-07-02T13:00:00+00:00,9118,19,31,Alpine,,12,41.0,23.826499999999996,75.171,14,12,-2,HARD,0,4,71.15180000000002,69.797,22.398039215686275,32.05424836601307,1
Race,Austria,Spielberg,2023-07-02T13:00:00+00:00,9118,19,77,Alfa Romeo,,16,41.0,15.710999999999999,74.528,14,16,2,HARD,0,4,71.28930000000001,69.94,22.398039215686275,32.05424836601307,1
Race,Austria,Spielberg,2023-07-02T13:00:00+00:00,9118,19,4,McLaren,,5,42.0,15.466999999999999,74.505,4,6,2,HARD,0,4,70.18563333333333,68.739,22.398039215686275,32.05424836601307,1
Race,Austria,Spielberg,2023-07-02T13:00:00+00:00,9118,19,63,Mercedes,,8,42.0,15.522000000000006,74.567,13,11,-2,MEDIUM,0,4,70.31256666666667,69.283,22.398039215686275,32.05424836601307,1
Race,Austria,Spielberg,2023-07-02T13:00:00+00:00,9118,19,23,Williams,,11,42.0,21.486499999999992,74.393,13,11,-2,HARD,0,4,70.80416666666666,69.56,22.398039215686275,32.05424836601307,1
Race,Austria,Spielberg,2023-07-02T13:00:00+00:00,9118,19,81,McLaren,,17,42.0,16.20649999999999,74.404,16,18,2,MEDIUM,0,5,71.31027586206896,69.862,22.398039215686275,32.05424836601307,1
Race,Austria,Spielberg,2023-07-02T13:00:00+00:00,9118,19,44,Mercedes,,7,43.0,21.584999999999994,74.083,4,4,0,MEDIUM,0,4,70.57875862068965,69.16,22.398039215686275,32.05424836601307,1
Race,Austria,Spielberg,2023-07-02T13:00:00+00:00,9118,19,2,Williams,,13,44.0,14.754999999999981,75.763,16,14,-2,HARD,0,4,70.90588888888888,69.611,22.398039215686275,32.05424836601307,1
Race,Austria,Spielberg,2023-07-02T13:00:00+00:00,9118,19,22,AlphaTauri,,18,44.0,14.318000000000012,76.722,10,12,2,MEDIUM,0,5,71.35340740740742,69.62,22.398039215686275,32.05424836601307,1
Race,Austria,Spielberg,2023-07-02T13:00:00+00:00,9118,19,14,Aston Martin,,6,45.0,14.7055,75.313,7,7,0,MEDIUM,0,4,70.1175925925926,69.108,22.398039215686275,32.05424836601307,1
Race,Austria,Spielberg,2023-07-02T13:00:00+00:00,9118,19,10,Alpine,,9,45.0,20.847499999999997,75.568,10,10,0,MEDIUM,0,4,70.57270370370371,69.046,22.398039215686275,32.05424836601307,1
Race,Austria,Spielberg,2023-07-02T13:00:00+00:00,9118,19,55,Ferrari,,4,46.0,21.1425,74.51,2,4,2,HARD,0,4,70.35746153846154,68.88,22.398039215686275,32.05424836601307,1
Race,Austria,Spielberg,2023-07-02T13:00:00+00:00,9118,19,16,Ferrari,,2,48.0,14.513999999999996,73.741,1,3,2,HARD,0,4,69.87641666666667,68.82,22.398039215686275,32.05424836601307,1
Race,Austria,Spielberg,2023-07-02T13:00:00+00:00,9118,19,1,Red Bull Racing,,1,50.0,15.60499999999999,73.176,2,2,0,MEDIUM,0,4,69.6029,68.15,22.398039215686275,32.05424836601307,1
Race,Austria,Spielberg,2023-07-02T13:00:00+00:00,9118,19,11,Red Bull Racing,,3,51.0,14.732000000000014,73.267,9,11,2,HARD,0,4,69.91809523809523,68.111,22.398039215686275,32.05424836601307,1
Race,Austria,Spielberg,2023-07-02T13:00:00+00:00,9118,19,18,Aston Martin,,10,55.0,14.900500000000008,73.83,15,13,-2,MEDIUM,0,5,69.92841176470588,68.463,22.398039215686275,32.05424836601307,1
Race,Austria,Spielberg,2023-07-02T13:00:00+00:00,9118,19,1,Red Bull Racing,,1,70.0,18.209999999999994,72.228,2,2,0,SOFT,3,5,77.42099999999999,67.012,22.398039215686275,32.05424836601307,1
Race,United Kingdom,Silverstone,2023-07-09T14:00:00+00:00,9126,2,27,Haas F1 Team,,13,8.0,33.88149999999999,94.412,18,20,2,MEDIUM,0,2,95.76172000000001,93.107,21.473509933774835,30.94105960264901,0
Race,United Kingdom,Silverstone,2023-07-09T14:00:00+00:00,9126,2,22,AlphaTauri,,16,15.0,20.730500000000006,94.769,17,15,-2,HARD,0,2,95.15955555555556,92.952,21.473509933774835,30.94105960264901,0
Race,United Kingdom,Silverstone,2023-07-09T14:00:00+00:00,9126,2,16,Ferrari,,9,19.0,20.188500000000005,92.475,11,9,-2,HARD,0,2,94.48692857142855,92.464,21.473509933774835,30.94105960264901,0
Race,United Kingdom,Silverstone,2023-07-09T14:00:00+00:00,9126,2,24,Alfa Romeo,,15,25.0,22.392999999999986,93.17,17,17,0,HARD,0,2,101.29666666666667,92.524,21.473509933774835,30.94105960264901,0
Race,United Kingdom,Silverstone,2023-07-09T14:00:00+00:00,9126,2,55,Ferrari,,10,27.0,20.02749999999999,93.181,11,11,0,HARD,0,2,103.9828846153846,91.366,21.473509933774835,30.94105960264901,0
Race,United Kingdom,Silverstone,2023-07-09T14:00:00+00:00,9126,2,21,AlphaTauri,,17,28.0,20.194999999999993,93.299,16,16,0,MEDIUM,0,2,100.22279999999999,92.499,21.473509933774835,30.94105960264901,0
Race,United Kingdom,Silverstone,2023-07-09T14:00:00+00:00,9126,2,63,Mercedes,,5,29.0,21.254999999999995,92.504,7,9,2,MEDIUM,0,2,104.74566666666665,91.124,21.473509933774835,30.94105960264901,0
Race,United Kingdom,Silverstone,2023-07-09T14:00:00+00:00,9126,2,11,Red Bull Racing,,6,29.0,18.737499999999997,92.235,9,9,0,SOFT,0,2,104.29399999999998,90.914,21.473509933774835,30.94105960264901,0
Race,United Kingdom,Silverstone,2023-07-09T14:00:00+00:00,9126,2,81,McLaren,,4,30.0,20.368499999999997,92.563,5,5,0,HARD,0,2,105.34391304347825,90.85,21.473509933774835,30.94105960264901,0
Race,United Kingdom,Silverstone,2023-07-09T14:00:00+00:00,9126,2,2,Williams,,11,30.0,20.36550000000001,92.723,12,14,2,SOFT,0,2,104.63421739130435,91.699,21.473509933774835,30.94105960264901,0
Race,United Kingdom,Silverstone,2023-07-09T14:00:00+00:00,9126,2,10,Alpine,,18,32.0,15.621999999999986,93.391,9,11,2,SOFT,3,2,116.60520000000001,91.539,21.473509933774835,30.94105960264901,0
Race,United Kingdom,Silverstone,2023-07-09T14:00:00+00:00,9126,2,18,Aston Martin,,14,32.0,20.32499999999999,92.933,11,13,2,SOFT,3,2,105.86409523809523,91.508,21.473509933774835,30.94105960264901,0
Race,United Kingdom,Silverstone,2023-07-09T14:00:00+00:00,9126,2,23,Williams,,8,33.0,35.015000000000015,96.773,9,6,-3,SOFT,4,2,106.41825000000001,91.273,21.473509933774835,30.94105960264901,0
Race,United Kingdom,Silverstone,2023-07-09T14:00:00+00:00,9126,2,16,Ferrari,,9,33.0,34.71799999999999,96.215,11,9,-2,MEDIUM,0,3,106.38640000000001,91.255,21.473509933774835,30.94105960264901,0
Race,United Kingdom,Silverstone,2023-07-09T14:00:00+00:00,9126,2,77,Alfa Romeo,,12,33.0,30.585499999999982,105.965,16,14,-2,SOFT,0,2,105.37535,91.852,21.473509933774835,30.94105960264901,0
Race,United Kingdom,Silverstone,2023-07-09T14:00:00+00:00,9126,2,22,AlphaTauri,,16,33.0,28.805000000000007,107.079,17,15,-2,SOFT,0,3,105.1732,92.084,21.473509933774835,30.94105960264901,0
Race,United Kingdom,Silverstone,2023-07-09T14:00:00+00:00,9126,2,21,AlphaTauri,,17,33.0,26.596499999999992,110.128,16,16,0,SOFT,0,3,104.90155,92.353,21.473509933774835,30.94105960264901,0
Race,United Kingdom,Silverstone,2023-07-09T14:00:00+00:00,9126,2,27,Haas F1 Team,,13,33.0,26.655,114.146,18,20,2,SOFT,0,3,103.81315,91.776,21.473509933774835,30.94105960264901,0
Race,United Kingdom,Silverstone,2023-07-09T14:00:00+00:00,9126,2,1,Red Bull Racing,,1,34.0,45.28,118.611,1,1,0,SOFT,3,2,106.90647368421051,90.275,21.473509933774835,30.94105960264901,0
Race,United Kingdom,Silverstone,2023-07-09T14:00:00+00:00,9126,2,4,McLaren,,2,34.0,30.059500000000014,122.83,2,2,0,HARD,0,2,106.37163157894736,90.543,21.473509933774835,30.94105960264901,0
Race,United Kingdom,Silverstone,2023-07-09T14:00:00+00:00,9126,2,44,Mercedes,,3,34.0,16.29000000000002,123.496,8,6,-2,SOFT,3,2,105.74900000000001,90.545,21.473509933774835,30.94105960264901,0
Race,United Kingdom,Silverstone,2023-07-09T14:00:00+00:00,9126,2,14,Aston Martin,,7,34.0,12.652500000000003,123.93,7,5,-2,SOFT,3,2,105.69673684210527,91.338,21.473509933774835,30.94105960264901,0
Race,United Kingdom,Silverstone,2023-07-09T14:00:00+00:00,9126,2,24,Alfa Romeo,,15,34.0,27.178999999999988,124.102,17,17,0,SOFT,0,3,130.26966666666667,107.368,21.473509933774835,30.94105960264901,0
Race,United Kingdom,Silverstone,2023-07-09T14:00:00+00:00,9126,2,24,Alfa Romeo,,15,37.0,14.500500000000017,140.527,17,17,0,SOFT,3,4,98.20525,91.769,21.473509933774835,30.94105960264901,0
Race,Hungary,Budapest,2023-07-23T13:00:00+00:00,9133,4,23,Williams,,11,9.0,15.784000000000006,88.053,13,13,0,HARD,3,2,86.36208695652176,84.834,28.808536585365857,48.579268292682926,0
Race,Hungary,Budapest,2023-07-23T13:00:00+00:00,9133,4,18,Aston Martin,,10,10.0,15.698499999999996,88.932,10,10,0,HARD,5,2,86.09539999999998,84.61,28.808536585365857,48.579268292682926,0
Race,Hungary,Budapest,2023-07-23T13:00:00+00:00,9133,4,77,Alfa Romeo,,12,10.0,16.861000000000004,88.918,15,13,-2,HARD,5,2,86.04745161290323,84.246,28.808536585365857,48.579268292682926,0
Race,Hungary,Budapest,2023-07-23T13:00:00+00:00,9133,4,22,AlphaTauri,,15,10.0,21.397000000000006,88.862,14,14,0,HARD,3,2,86.37602857142858,84.738,28.808536585365857,48.579268292682926,0
Race,Hungary,Budapest,2023-07-23T13:00:00+00:00,9133,4,24,Alfa Romeo,,16,11.0,23.974000000000004,88.185,12,14,2,HARD,5,2,86.50425,83.743,28.808536585365857,48.579268292682926,0
Race,Hungary,Budapest,2023-07-23T13:00:00+00:00,9133,4,2,Williams,,18,14.0,19.194500000000005,88.197,18,18,0,HARD,3,2,86.90023809523811,84.883,28.808536585365857,48.579268292682926,0
Race,Hungary,Budapest,2023-07-23T13:00:00+00:00,9133,4,20,Haas F1 Team,,17,15.0,17.730500000000006,88.329,16,16,0,HARD,3,2,86.97229629629629,84.782,28.808536585365857,48.579268292682926,0
Race,Hungary,Budapest,2023-07-23T13:00:00+00:00,9133,4,55,Ferrari,,8,16.0,16.135000000000005,88.509,8,6,-2,HARD,0,2,85.48144827586206,84.265,28.808536585365857,48.579268292682926,0
Race,Hungary,Budapest,2023-07-23T13:00:00+00:00,9133,4,44,Mercedes,,4,17.0,17.897499999999994,87.791,7,5,-2,HARD,0,2,85.02387878787879,83.749,28.808536585365857,48.579268292682926,0
Race,Hungary,Budapest,2023-07-23T13:00:00+00:00,9133,4,27,Haas F1 Team,,14,17.0,17.841000000000008,88.445,15,15,0,HARD,3,2,86.67113636363636,85.195,28.808536585365857,48.579268292682926,0
Race,Hungary,Budapest,2023-07-23T13:00:00+00:00,9133,4,4,McLaren,,2,18.0,15.198999999999998,87.115,5,3,-2,HARD,0,2,84.85985185185183,83.499,28.808536585365857,48.579268292682926,0
Race,Hungary,Budapest,2023-07-23T13:00:00+00:00,9133,4,16,Ferrari,,7,18.0,23.180499999999995,87.426,11,9,-2,HARD,0,2,85.6893076923077,84.149,28.808536585365857,48.579268292682926,0
Race,Hungary,Budapest,2023-07-23T13:00:00+00:00,9133,4,81,McLaren,,5,19.0,16.689499999999995,87.253,3,5,2,HARD,0,2,85.34583333333335,83.876,28.808536585365857,48.579268292682926,0
Race,Hungary,Budapest,2023-07-23T13:00:00+00:00,9133,4,3,AlphaTauri,,13,19.0,17.598,88.95,11,9,-2,HARD,3,2,87.49809090909092,84.86,28.808536585365857,48.579268292682926,0
Race,Hungary,Budapest,2023-07-23T13:00:00+00:00,9133,4,14,Aston Martin,,9,21.0,17.560500000000005,87.835,5,7,2,HARD,4,2,85.79873913043478,84.349,28.808536585365857,48.579268292682926,0
Race,Hungary,Budapest,2023-07-23T13:00:00+00:00,9133,4,1,Red Bull Racing,,1,24.0,16.543000000000006,87.151,2,1,-1,HARD,0,2,84.33514285714287,83.023,28.808536585365857,48.579268292682926,0
Race,Hungary,Budapest,2023-07-23T13:00:00+00:00,9133,4,11,Red Bull Racing,,3,25.0,17.007000000000005,87.442,4,6,2,MEDIUM,6,2,85.05277777777778,83.086,28.808536585365857,48.579268292682926,0
Race,Hungary,Budapest,2023-07-23T13:00:00+00:00,9133,4,63,Mercedes,,6,29.0,16.77449999999999,89.289,9,11,2,MEDIUM,0,2,84.9476111111111,83.014,28.808536585365857,48.579268292682926,0
Race,Hungary,Budapest,2023-07-23T13:00:00+00:00,9133,4,3,AlphaTauri,,13,30.0,16.555000000000007,88.347,11,9,-2,MEDIUM,3,3,84.903725,83.934,28.808536585365857,48.579268292682926,0
Race,Hungary,Budapest,2023-07-23T13:00:00+00:00,9133,4,23,Williams,,11,32.0,17.67,87.832,13,13,0,HARD,0,3,84.94473684210527,84.051,28.808536585365857,48.579268292682926,0
Race,Hungary,Budapest,2023-07-23T13:00:00+00:00,9133,4,18,Aston Martin,,10,35.0,19.780500000000004,87.872,10,10,0,HARD,4,3,84.71577142857141,83.425,28.808536585365857,48.579268292682926,0
Race,Hungary,Budapest,2023-07-23T13:00:00+00:00,9133,4,2,Williams,,18,35.0,16.257500000000007,88.983,18,18,0,HARD,0,3,85.7379696969697,83.496,28.808536585365857,48.579268292682926,0
Race,Hungary,Budapest,2023-07-23T13:00:00+00:00,9133,4,27,Haas F1 Team,,14,39.0,17.201000000000008,87.764,15,15,0,HARD,5,3,85.3498064516129,83.573,28.808536585365857,48.579268292682926,0
Race,Hungary,Budapest,2023-07-23T13:00:00+00:00,9133,4,24,Alfa Romeo,,16,39.0,20.411,88.435,12,14,2,HARD,5,3,85.5001935483871,84.06,28.808536585365857,48.579268292682926,0
Race,Hungary,Budapest,2023-07-23T13:00:00+00:00,9133,4,77,Alfa Romeo,,12,41.0,19.105000000000004,88.159,15,13,-2,HARD,3,3,84.96444827586207,83.651,28.808536585365857,48.579268292682926,0
Race,Hungary,Budapest,2023-07-23T13:00:00+00:00,9133,4,20,Haas F1 Team,,17,42.0,16.654500000000013,89.197,16,16,0,HARD,5,3,85.80832142857143,83.864,28.808536585365857,48.579268292682926,0
Race,Hungary,Budapest,2023-07-23T13:00:00+00:00,9133,4,81,McLaren,,5,43.0,16.683999999999997,87.242,3,5,2,MEDIUM,3,3,84.54650000000001,82.736,28.808536585365857,48.579268292682926,0
Race,Hungary,Budapest,2023-07-23T13:00:00+00:00,9133,4,11,Red Bull Racing,,3,43.0,15.230999999999995,87.335,4,6,2,MEDIUM,3,3,83.53932142857143,82.295,28.808536585365857,48.579268292682926,0
Race,Hungary,Budapest,2023-07-23T13:00:00+00:00,9133,4,16,Ferrari,,7,44.0,14.465500000000006,86.75,11,9,-2,HARD,4,3,83.93777777777778,82.469,28.808536585365857,48.579268292682926,0
Race,Hungary,Budapest,2023-07-23T13:00:00+00:00,9133,4,14,Aston Martin,,9,44.0,18.474999999999994,87.63,5,7,2,HARD,0,3,84.02525925925927,82.745,28.808536585365857,48.579268292682926,0
Race,Hungary,Budapest,2023-07-23T13:00:00+00:00,9133,4,4,McLaren,,2,45.0,16.726000000000013,86.696,5,3,-2,MEDIUM,3,3,83.786,82.178,28.808536585365857,48.579268292682926,0
Race,Hungary,Budapest,2023-07-23T13:00:00+00:00,9133,4,55,Ferrari,,8,45.0,17.4555,87.67,8,6,-2,HARD,3,3,84.1465,82.584,28.808536585365857,48.579268292682926,0
Race,Hungary,Budapest,2023-07-23T13:00:00+00:00,9133,4,22,AlphaTauri,,15,45.0,15.665999999999997,89.888,14,14,0,MEDIUM,0,3,85.22055999999999,83.269,28.808536585365857,48.579268292682926,0
Race,Hungary,Budapest,2023-07-23T13:00:00+00:00,9133,4,63,Mercedes,,6,47.0,16.17049999999999,85.421,9,11,2,MEDIUM,0,3,83.70187500000002,82.158,28.808536585365857,48.579268292682926,0
Race,Hungary,Budapest,2023-07-23T13:00:00+00:00,9133,4,44,Mercedes,,4,50.0,16.932000000000002,87.017,7,5,-2,MEDIUM,3,3,83.3407142857143,81.601,28.808536585365857,48.579268292682926,0
Race,Hungary,Budapest,2023-07-23T13:00:00+00:00,9133,4,1,Red Bull Racing,,1,52.0,19.366,86.21,2,1,-1,MEDIUM,3,3,83.10952631578947,80.504,28.808536585365857,48.579268292682926,0
Race,Belgium,Spa-Francorchamps,2023-07-30T13:00:00+00:00,9141,7,4,McLaren,,7,6.0,12.358000000000004,120.43,14,16,2,HARD,0,2,115.83250000000002,113.072,17.873333333333335,28.24066666666667,1
Race,Belgium,Spa-Francorchamps,2023-07-30T13:00:00+00:00,9141,7,3,AlphaTauri,,16,6.0,11.471000000000004,119.336,14,16,2,MEDIUM,0,2,115.72523529411764,112.398,17.873333333333335,28.24066666666667,1
Race,Belgium,Spa-Francorchamps,2023-07-30T13:00:00+00:00,9141,7,20,Haas F1 Team,,15,6.0,11.074499999999986,119.429,11,11,0,MEDIUM,0,2,115.21225000000001,111.534,17.873333333333335,28.24066666666667,1
Race,Belgium,Spa-Francorchamps,2023-07-30T13:00:00+00:00,9141,7,31,Alpine,,8,7.0,9.936999999999998,120.088,15,13,-2,MEDIUM,0,2,115.09078947368421,112.232,17.873333333333335,28.24066666666667,1
Race,Belgium,Spa-Francorchamps,2023-07-30T13:00:00+00:00,9141,7,77,Alfa Romeo,,12,7.0,10.27900000000001,120.115,17,15,-2,MEDIUM,0,2,115.42722222222223,112.919,17.873333333333335,28.24066666666667,1
Race,Belgium,Spa-Francorchamps,2023-07-30T13:00:00+00:00,9141,7,23,Williams,,14,8.0,12.070999999999998,118.541,9,11,2,MEDIUM,0,2,115.496375,111.774,17.873333333333335,28.24066666666667,1
Race,Belgium,Spa-Francorchamps,2023-07-30T13:00:00+00:00,9141,7,55,Ferrari,,19,8.0,9.78649999999999,121.147,18,18,0,MEDIUM,0,2,117.2095625,113.138,17.873333333333335,28.24066666666667,1
Race,Belgium,Spa-Francorchamps,2023-07-30T13:00:00+00:00,9141,7,24,Alfa Romeo,,13,8.0,11.137500000000003,119.727,15,15,0,MEDIUM,0,2,115.56216666666667,112.422,17.873333333333335,28.24066666666667,1
Race,Belgium,Spa-Francorchamps,2023-07-30T13:00:00+00:00,9141,7,2,Williams,,17,9.0,10.745999999999995,118.908,18,16,-2,MEDIUM,0,2,115.9446875,113.736,17.873333333333335,28.24066666666667,1
Race,Belgium,Spa-Francorchamps,2023-07-30T13:00:00+00:00,9141,7,22,AlphaTauri,,10,10.0,11.549999999999997,118.292,9,7,-2,MEDIUM,0,2,115.56593333333333,112.246,17.873333333333335,28.24066666666667,1
Race,Belgium,Spa-Francorchamps,2023-07-30T13:00:00+00:00,9141,7,14,Aston Martin,,5,11.0,13.523500000000013,118.157,9,9,0,MEDIUM,0,2,114.37442105263158,111.886,17.873333333333335,28.24066666666667,1
Race,Belgium,Spa-Francorchamps,2023-07-30T13:00:00+00:00,9141,7,44,Mercedes,,4,13.0,10.876499999999993,118.156,5,5,0,MEDIUM,0,2,114.17073333333335,111.523,17.873333333333335,28.24066666666667,1
Race,Belgium,Spa-Francorchamps,2023-07-30T13:00:00+00:00,9141,7,27,Haas F1 Team,,18,13.0,11.184999999999988,119.37,19,17,-2,SOFT,0,2,115.65441666666665,112.348,17.873333333333335,28.24066666666667,1
Race,Belgium,Spa-Francorchamps,2023-07-30T13:00:00+00:00,9141,7,11,Red Bull Racing,,2,14.0,11.615500000000011,117.632,1,1,0,MEDIUM,0,2,114.01287500000001,111.416,17.873333333333335,28.24066666666667,1
Race,Belgium,Spa-Francorchamps,2023-07-30T13:00:00+00:00,9141,7,16,Ferrari,,3,14.0,11.219499999999996,117.485,1,3,2,MEDIUM,0,2,114.13619999999999,111.717,17.873333333333335,28.24066666666667,1
Race,Belgium,Spa-Francorchamps,2023-07-30T13:00:00+00:00,9141,7,1,Red Bull Racing,,1,15.0,10.055000000000007,117.166,3,1,-2,MEDIUM,0,2,113.19368750000001,110.108,17.873333333333335,28.24066666666667,1
Race,Belgium,Spa-Francorchamps,2023-07-30T13:00:00+00:00,9141,7,4,McLaren,,7,18.0,10.920999999999992,118.917,14,16,2,SOFT,0,3,112.91177777777779,111.682,17.873333333333335,28.24066666666667,1
Race,Belgium,Spa-Francorchamps,2023-07-30T13:00:00+00:00,9141,7,18,Aston Martin,,9,21.0,13.608000000000004,123.672,9,20,11,SOFT,0,2,113.29345833333332,111.297,17.873333333333335,28.24066666666667,1
Race,Belgium,Spa-Francorchamps,2023-07-30T13:00:00+00:00,9141,7,63,Mercedes,,6,23.0,12.478499999999997,122.178,6,8,2,SOFT,0,2,112.48768181818183,110.603,17.873333333333335,28.24066666666667,1
Race,Belgium,Spa-Francorchamps,2023-07-30T13:00:00+00:00,9141,7,3,AlphaTauri,,16,23.0,11.188000000000017,125.575,14,16,2,MEDIUM,0,3,113.4841818181818,110.994,17.873333333333335,28.24066666666667,1
Race,Belgium,Spa-Francorchamps,2023-07-30T13:00:00+00:00,9141,7,23,Williams,,14,24.0,11.086500000000001,119.277,9,11,2,MEDIUM,0,3,114.40680000000002,111.432,17.873333333333335,28.24066666666667,1
Race,Belgium,Spa-Francorchamps,2023-07-30T13:00:00+00:00,9141,7,10,Alpine,,11,24.0,13.3095,121.28,8,6,-2,MEDIUM,0,2,113.08590476190474,110.911,17.873333333333335,28.24066666666667,1
Race,Belgium,Spa-Francorchamps,2023-07-30T13:00:00+00:00,9141,7,22,AlphaTauri,,10,25.0,12.04549999999999,117.947,9,7,-2,SOFT,0,3,113.00345,111.394,17.873333333333335,28.24066666666667,1
Race,Belgium,Spa-Francorchamps,2023-07-30T13:00:00+00:00,9141,7,77,Alfa Romeo,,12,25.0,10.573499999999996,118.044,17,15,-2,MEDIUM,0,3,112.75305,110.515,17.873333333333335,28.24066666666667,1
Race,Belgium,Spa-Francorchamps,2023-07-30T13:00:00+00:00,9141,7,27,Haas F1 Team,,18,25.0,14.164000000000001,117.257,19,17,-2,SOFT,0,3,113.94144999999999,109.907,17.873333333333335,28.24066666666667,1
Race,Belgium,Spa-Francorchamps,2023-07-30T13:00:00+00:00,9141,7,2,Williams,,17,25.0,10.567000000000007,118.451,18,16,-2,MEDIUM,0,3,113.9787,110.667,17.873333333333335,28.24066666666667,1
Race,Belgium,Spa-Francorchamps,2023-07-30T13:00:00+00:00,9141,7,31,Alpine,,8,26.0,11.374499999999998,117.52,15,13,-2,SOFT,0,3,112.44568421052631,110.439,17.873333333333335,28.24066666666667,1
Race,Belgium,Spa-Francorchamps,2023-07-30T13:00:00+00:00,9141,7,20,Haas F1 Team,,15,26.0,10.968999999999994,118.299,11,11,0,MEDIUM,0,3,113.63526315789474,110.993,17.873333333333335,28.24066666666667,1
Race,Belgium,Spa-Francorchamps,2023-07-30T13:00:00+00:00,9141,7,24,Alfa Romeo,,13,26.0,12.140499999999989,117.989,15,15,0,SOFT,0,3,112.96742105263156,110.188,17.873333333333335,28.24066666666667,1
Race,Belgium,Spa-Francorchamps,2023-07-30T13:00:00+00:00,9141,7,44,Mercedes,,4,28.0,10.533500000000004,116.092,5,5,0,SOFT,0,3,112.34553333333332,110.283,17.873333333333335,28.24066666666667,1
Race,Belgium,Spa-Francorchamps,2023-07-30T13:00:00+00:00,9141,7,16,Ferrari,,3,29.0,10.686499999999995,115.953,1,3,2,SOFT,0,3,112.27543750000001,110.436,17.873333333333335,28.24066666666667,1
Race,Belgium,Spa-Francorchamps,2023-07-30T13:00:00+00:00,9141,7,11,Red Bull Racing,,2,30.0,11.006,116.724,1,1,0,SOFT,0,3,112.02013333333335,110.308,17.873333333333335,28.24066666666667,1
Race,Belgium,Spa-Francorchamps,2023-07-30T13:00:00+00:00,9141,7,14,Aston Martin,,5,30.0,11.0715,118.063,9,9,0,SOFT,0,3,112.46900000000001,110.938,17.873333333333335,28.24066666666667,1
Race,Belgium,Spa-Francorchamps,2023-07-30T13:00:00+00:00,9141,7,1,Red Bull Racing,,1,31.0,11.182999999999993,115.882,3,1,-2,SOFT,0,3,111.15099999999998,108.922,17.873333333333335,28.24066666666667,1
Race,Belgium,Spa-Francorchamps,2023-07-30T13:00:00+00:00,9141,7,23,Williams,,14,34.0,11.699000000000012,117.737,9,11,2,SOFT,0,4,112.91181818181818,109.841,17.873333333333335,28.24066666666667,1
Race,Belgium,Spa-Francorchamps,2023-07-30T13:00:00+00:00,9141,7,2,Williams,,17,35.0,10.617999999999995,117.484,18,16,-2,SOFT,0,4,112.73889999999999,110.236,17.873333333333335,28.24066666666667,1
Race,Belgium,Spa-Francorchamps,2023-07-30T13:00:00+00:00,9141,7,44,Mercedes,,4,43.0,18.30149999999999,115.22,5,5,0,MEDIUM,0,4,118.4345,107.305,17.873333333333335,28.24066666666667,1
Race,Netherlands,Zandvoort,2023-08-27T13:00:00+00:00,9149,55,11,Red Bull Racing,,4,2.0,15.789999999999992,100.124,2,2,0,INTERMEDIATE,0,2,87.59427272727272,84.1,16.791866028708135,24.94114832535885,1
Race,Netherlands,Zandvoort,2023-08-27T13:00:00+00:00,9149,55,24,Alfa Romeo,,18,2.0,14.690499999999986,105.905,5,7,2,INTERMEDIATE,0,2,88.88766666666666,83.522,16.791866028708135,24.94114832535885,1
Race,Netherlands,Zandvoort,2023-08-27T13:00:00+00:00,9149,55,10,Alpine,,3,2.0,16.56049999999999,104.327,7,5,-2,INTERMEDIATE,0,2,88.649,83.834,16.791866028708135,24.94114832535885,1
Race,Netherlands,Zandvoort,2023-08-27T13:00:00+00:00,9149,55,22,AlphaTauri,,16,2.0,20.307999999999993,107.327,11,9,-2,INTERMEDIATE,5,2,90.47788888888888,84.82,16.791866028708135,24.94114832535885,1
Race,Netherlands,Zandvoort,2023-08-27T13:00:00+00:00,9149,55,16,Ferrari,,19,2.0,22.203999999999994,103.249,4,6,2,INTERMEDIATE,8,2,90.0222,84.818,16.791866028708135,24.94114832535885,1
Race,Netherlands,Zandvoort,2023-08-27T13:00:00+00:00,9149,55,20,Haas F1 Team,,14,2.0,,,8,10,2,INTERMEDIATE,0,2,90.48174999999999,84.267,16.791866028708135,24.94114832535885,1
Race,Netherlands,Zandvoort,2023-08-27T13:00:00+00:00,9149,55,40,AlphaTauri,,13,2.0,31.101499999999987,110.905,17,17,0,INTERMEDIATE,5,2,91.55311111111111,84.796,16.791866028708135,24.94114832535885,1
Race,Netherlands,Zandvoort,2023-08-27T13:00:00+00:00,9149,55,1,Red Bull Racing,,1,3.0,11.046499999999995,109.972,12,12,0,INTERMEDIATE,0,2,86.58322222222222,82.116,16.791866028708135,24.94114832535885,1
Race,Netherlands,Zandvoort,2023-08-27T13:00:00+00:00,9149,55,14,Aston Martin,,2,3.0,11.171999999999997,110.145,12,10,-2,INTERMEDIATE,0,2,88.010625,83.182,16.791866028708135,24.94114832535885,1
Race,Netherlands,Zandvoort,2023-08-27T13:00:00+00:00,9149,55,55,Ferrari,,5,3.0,8.799499999999995,113.117,6,6,0,INTERMEDIATE,7,2,88.14387500000001,83.956,16.791866028708135,24.94114832535885,1
Race,Netherlands,Zandvoort,2023-08-27T13:00:00+00:00,9149,55,31,Alpine,,10,3.0,8.143,116.975,11,9,-2,INTERMEDIATE,0,2,88.39099999999999,83.38,16.791866028708135,24.94114832535885,1
Race,Netherlands,Zandvoort,2023-08-27T13:00:00+00:00,9149,55,4,McLaren,,7,4.0,8.122,115.144,11,11,0,INTERMEDIATE,0,2,87.82971428571429,82.403,16.791866028708135,24.94114832535885,1
Race,Netherlands,Zandvoort,2023-08-27T13:00:00+00:00,9149,55,44,Mercedes,,6,4.0,0.7665000000000077,119.015,18,16,-2,INTERMEDIATE,0,2,88.5415,84.291,16.791866028708135,24.94114832535885,1
Race,Netherlands,Zandvoort,2023-08-27T13:00:00+00:00,9149,55,63,Mercedes,,17,5.0,10.072499999999991,109.781,17,17,0,INTERMEDIATE,0,2,89.17883333333334,84.37,16.791866028708135,24.94114832535885,1
Race,Netherlands,Zandvoort,2023-08-27T13:00:00+00:00,9149,55,18,Aston Martin,,11,5.0,4.607500000000002,114.041,16,18,2,INTERMEDIATE,0,2,89.5904,83.782,16.791866028708135,24.94114832535885,1
Race,Netherlands,Zandvoort,2023-08-27T13:00:00+00:00,9149,55,20,Haas F1 Team,,14,10.0,17.414500000000004,89.039,8,10,2,SOFT,0,3,87.25957692307692,76.962,16.791866028708135,24.94114832535885,1
Race,Netherlands,Zandvoort,2023-08-27T13:00:00+00:00,9149,55,44,Mercedes,,6,10.0,16.0655,88.443,18,16,-2,SOFT,0,3,83.32499999999999,75.729,16.791866028708135,24.94114832535885,1
Race,Netherlands,Zandvoort,2023-08-27T13:00:00+00:00,9149,55,18,Aston Martin,,11,10.0,18.21050000000001,89.107,16,18,2,SOFT,0,3,86.94114285714285,77.585,16.791866028708135,24.94114832535885,1
Race,Netherlands,Zandvoort,2023-08-27T13:00:00+00:00,9149,55,24,Alfa Romeo,,18,11.0,20.319000000000003,89.135,5,7,2,MEDIUM,0,3,87.06411111111112,76.713,16.791866028708135,24.94114832535885,1
Race,Netherlands,Zandvoort,2023-08-27T13:00:00+00:00,9149,55,14,Aston Martin,,2,11.0,16.908999999999992,88.333,12,10,-2,SOFT,0,3,83.17313157894736,75.575,16.791866028708135,24.94114832535885,1
Race,Netherlands,Zandvoort,2023-08-27T13:00:00+00:00,9149,55,55,Ferrari,,5,11.0,15.537999999999997,88.581,6,6,0,SOFT,0,3,84.85648387096772,75.961,16.791866028708135,24.94114832535885,1
Race,Netherlands,Zandvoort,2023-08-27T13:00:00+00:00,9149,55,22,AlphaTauri,,16,11.0,15.944000000000003,90.464,11,9,-2,SOFT,0,3,82.11954,76.253,16.791866028708135,24.94114832535885,1
Race,Netherlands,Zandvoort,2023-08-27T13:00:00+00:00,9149,55,31,Alpine,,10,11.0,15.548000000000002,89.44,11,9,-2,SOFT,0,3,84.34587878787879,76.116,16.791866028708135,24.94114832535885,1
Race,Netherlands,Zandvoort,2023-08-27T13:00:00+00:00,9149,55,4,McLaren,,7,11.0,15.530000000000001,88.506,11,11,0,SOFT,0,3,84.49740625,76.032,16.791866028708135,24.94114832535885,1
Race,Netherlands,Zandvoort,2023-08-27T13:00:00+00:00,9149,55,40,AlphaTauri,,13,11.0,26.401999999999987,90.194,17,17,0,SOFT,0,3,92.09914285714287,77.473,16.791866028708135,24.94114832535885,1
Race,Netherlands,Zandvoort,2023-08-27T13:00:00+00:00,9149,55,63,Mercedes,,17,11.0,15.346500000000006,89.137,17,17,0,SOFT,0,3,85.87083333333334,76.406,16.791866028708135,24.94114832535885,1
Race,Netherlands,Zandvoort,2023-08-27T13:00:00+00:00,9149,55,1,Red Bull Racing,,1,12.0,15.138000000000005,87.017,12,12,0,SOFT,0,3,82.83813157894735,75.071,16.791866028708135,24.94114832535885,1
Race,Netherlands,Zandvoort,2023-08-27T13:00:00+00:00,9149,55,10,Alpine,,3,12.0,15.396500000000003,88.328,7,5,-2,SOFT,0,3,83.6488,75.626,16.791866028708135,24.94114832535885,1
Race,Netherlands,Zandvoort,2023-08-27T13:00:00+00:00,9149,55,16,Ferrari,,19,12.0,22.679500000000004,90.892,4,6,2,SOFT,0,3,85.94406666666667,77.277,16.791866028708135,24.94114832535885,1
Race,Netherlands,Zandvoort,2023-08-27T13:00:00+00:00,9149,55,11,Red Bull Racing,,4,13.0,15.517499999999998,88.439,2,2,0,SOFT,0,3,83.99172727272729,75.377,16.791866028708135,24.94114832535885,1
Race,Netherlands,Zandvoort,2023-08-27T13:00:00+00:00,9149,55,81,McLaren,,9,16.0,21.45349999999999,82.705,8,20,12,SOFT,0,2,84.11832258064516,76.036,16.791866028708135,24.94114832535885,1
Race,Netherlands,Zandvoort,2023-08-27T13:00:00+00:00,9149,55,77,Alfa Romeo,,15,17.0,30.858999999999995,101.521,14,14,0,MEDIUM,0,2,83.49625806451613,76.456,16.791866028708135,24.94114832535885,1
Race,Netherlands,Zandvoort,2023-08-27T13:00:00+00:00,9149,55,27,Haas F1 Team,,12,17.0,30.834999999999994,101.193,19,17,-2,MEDIUM,0,2,83.15875,76.549,16.791866028708135,24.94114832535885,1
Race,Netherlands,Zandvoort,2023-08-27T13:00:00+00:00,9149,55,63,Mercedes,,17,17.0,29.998999999999995,107.894,17,17,0,HARD,0,4,80.5263409090909,75.124,16.791866028708135,24.94114832535885,1
Race,Netherlands,Zandvoort,2023-08-27T13:00:00+00:00,9149,55,18,Aston Martin,,11,17.0,28.586,113.704,16,18,2,MEDIUM,0,4,85.82883333333334,77.011,16.791866028708135,24.94114832535885,1
Race,Netherlands,Zandvoort,2023-08-27T13:00:00+00:00,9149,55,40,AlphaTauri,,13,18.0,-1.706000000000003,114.595,17,17,0,MEDIUM,0,4,82.30186206896553,76.925,16.791866028708135,24.94114832535885,1
Race,Netherlands,Zandvoort,2023-08-27T13:00:00+00:00,9149,55,18,Aston Martin,,11,35.0,16.474499999999992,80.718,16,18,2,SOFT,0,5,76.91257692307693,75.171,16.791866028708135,24.94114832535885,1
Race,Netherlands,Zandvoort,2023-08-27T13:00:00+00:00,9149,55,20,Haas F1 Team,,14,36.0,18.67049999999999,80.308,8,10,2,MEDIUM,0,4,77.64416,75.489,16.791866028708135,24.94114832535885,1
Race,Netherlands,Zandvoort,2023-08-27T13:00:00+00:00,9149,55,24,Alfa Romeo,,18,38.0,18.035499999999985,79.808,5,7,2,SOFT,0,4,77.13982608695652,75.417,16.791866028708135,24.94114832535885,1
Race,Netherlands,Zandvoort,2023-08-27T13:00:00+00:00,9149,55,55,Ferrari,,5,42.0,16.28,79.511,6,6,0,SOFT,2,4,76.61626315789474,74.934,16.791866028708135,24.94114832535885,1
Race,Netherlands,Zandvoort,2023-08-27T13:00:00+00:00,9149,55,4,McLaren,,7,43.0,14.504000000000005,80.165,11,11,0,SOFT,3,4,76.54727777777778,74.39,16.791866028708135,24.94114832535885,1
Race,Netherlands,Zandvoort,2023-08-27T13:00:00+00:00,9149,55,31,Alpine,,10,44.0,14.900000000000006,80.543,11,9,-2,SOFT,0,4,77.38661111111111,74.57,16.791866028708135,24.94114832535885,1
Race,Netherlands,Zandvoort,2023-08-27T13:00:00+00:00,9149,55,23,Williams,,8,45.0,16.667500000000004,79.87,12,10,-2,MEDIUM,0,2,77.39711764705882,74.468,16.791866028708135,24.94114832535885,1
Race,Netherlands,Zandvoort,2023-08-27T13:00:00+00:00,9149,55,11,Red Bull Racing,,4,46.0,16.620499999999993,78.655,2,2,0,SOFT,1,4,76.1306,74.231,16.791866028708135,24.94114832535885,1
Race,Netherlands,Zandvoort,2023-08-27T13:00:00+00:00,9149,55,44,Mercedes,,6,46.0,14.971999999999994,79.832,18,16,-2,SOFT,3,4,76.25766666666668,73.904,16.791866028708135,24.94114832535885,1
Race,Netherlands,Zandvoort,2023-08-27T13:00:00+00:00,9149,55,10,Alpine,,3,47.0,22.164500000000004,79.173,7,5,-2,SOFT,0,4,77.13378571428571,74.441,16.791866028708135,24.94114832535885,1
Race,Netherlands,Zandvoort,2023-08-27T13:00:00+00:00,9149,55,81,McLaren,,9,47.0,15.72699999999999,80.841,8,20,12,MEDIUM,0,3,76.7795,74.299,16.791866028708135,24.94114832535885,1
Race,Netherlands,Zandvoort,2023-08-27T13:00:00+00:00,9149,55,40,AlphaTauri,,13,47.0,15.813500000000005,80.281,17,17,0,SOFT,0,5,76.89538461538461,74.82,16.791866028708135,24.94114832535885,1
Race,Netherlands,Zandvoort,2023-08-27T13:00:00+00:00,9149,55,77,Alfa Romeo,,15,48.0,16.953500000000005,79.539,14,14,0,SOFT,0,3,77.30091666666667,74.698,16.791866028708135,24.94114832535885,1
Race,Netherlands,Zandvoort,2023-08-27T13:00:00+00:00,9149,55,14,Aston Martin,,2,49.0,21.668999999999997,79.319,12,10,-2,SOFT,2,4,77.24746153846154,73.837,16.791866028708135,24.94114832535885,1
Race,Netherlands,Zandvoort,2023-08-27T13:00:00+00:00,9149,55,27,Haas F1 Team,,12,49.0,15.743499999999997,80.979,19,17,-2,SOFT,0,3,77.28000000000002,74.472,16.791866028708135,24.94114832535885,1
Race,Netherlands,Zandvoort,2023-08-27T13:00:00+00:00,9149,55,1,Red Bull Racing,,1,50.0,15.768,78.531,12,12,0,SOFT,1,4,76.55766666666666,73.889,16.791866028708135,24.94114832535885,1
Race,Netherlands,Zandvoort,2023-08-27T13:00:00+00:00,9149,55,77,Alfa Romeo,,15,60.0,17.397999999999996,80.755,14,14,0,INTERMEDIATE,0,4,101.13675,83.161,16.791866028708135,24.94114832535885,1
Race,Netherlands,Zandvoort,2023-08-27T13:00:00+00:00,9149,55,40,AlphaTauri,,13,60.0,18.8155,79.266,17,17,0,INTERMEDIATE,7,6,103.6645,84.989,16.791866028708135,24.94114832535885,1
Race,Netherlands,Zandvoort,2023-08-27T13:00:00+00:00,9149,55,11,Red Bull Racing,,4,61.0,29.113,78.349,2,2,0,INTERMEDIATE,6,5,101.16233333333332,83.125,16.791866028708135,24.94114832535885,1
Race,Netherlands,Zandvoort,2023-08-27T13:00:00+00:00,9149,55,55,Ferrari,,5,61.0,18.268500000000003,81.844,6,6,0,INTERMEDIATE,15,5,110.71725,83.317,16.791866028708135,24.94114832535885,1
Race,Netherlands,Zandvoort,2023-08-27T13:00:00+00:00,9149,55,10,Alpine,,3,61.0,18.876999999999995,80.355,7,5,-2,INTERMEDIATE,0,5,109.99625,82.681,16.791866028708135,24.94114832535885,1
Race,Netherlands,Zandvoort,2023-08-27T13:00:00+00:00,9149,55,44,Mercedes,,6,61.0,19.29700000000001,79.871,18,16,-2,INTERMEDIATE,6,5,112.767,82.067,16.791866028708135,24.94114832535885,1
Race,Netherlands,Zandvoort,2023-08-27T13:00:00+00:00,9149,55,63,Mercedes,,17,61.0,20.98100000000001,82.707,17,17,0,INTERMEDIATE,12,5,99.52466666666665,82.553,16.791866028708135,24.94114832535885,1
Race,Netherlands,Zandvoort,2023-08-27T13:00:00+00:00,9149,55,4,McLaren,,7,61.0,18.453999999999994,81.174,11,11,0,INTERMEDIATE,4,5,98.03133333333334,82.488,16.791866028708135,24.94114832535885,1
Race,Netherlands,Zandvoort,2023-08-27T13:00:00+00:00,9149,55,81,McLaren,,9,61.0,18.748500000000007,85.702,8,20,12,INTERMEDIATE,5,4,102.69000000000001,82.135,16.791866028708135,24.94114832535885,1
Race,Netherlands,Zandvoort,2023-08-27T13:00:00+00:00,9149,55,22,AlphaTauri,,16,61.0,19.351,85.858,11,9,-2,INTERMEDIATE,5,4,107.75033333333333,85.53,16.791866028708135,24.94114832535885,1
Race,Netherlands,Zandvoort,2023-08-27T13:00:00+00:00,9149,55,24,Alfa Romeo,,18,61.0,21.283500000000004,84.048,5,7,2,INTERMEDIATE,0,5,95.4675,85.085,16.791866028708135,24.94114832535885,1
Race,Netherlands,Zandvoort,2023-08-27T13:00:00+00:00,9149,55,18,Aston Martin,,11,61.0,19.24350000000001,86.596,16,18,2,INTERMEDIATE,5,6,107.66666666666667,85.479,16.791866028708135,24.94114832535885,1
Race,Netherlands,Zandvoort,2023-08-27T13:00:00+00:00,9149,55,27,Haas F1 Team,,12,61.0,22.566999999999993,85.354,19,17,-2,INTERMEDIATE,3,4,108.21066666666667,84.932,16.791866028708135,24.94114832535885,1
Race,Netherlands,Zandvoort,2023-08-27T13:00:00+00:00,9149,55,1,Red Bull Racing,,1,62.0,14.325000000000003,84.682,12,12,0,INTERMEDIATE,12,5,97.759,92.568,16.791866028708135,24.94114832535885,1
Race,Netherlands,Zandvoort,2023-08-27T13:00:00+00:00,9149,55,20,Haas F1 Team,,14,61.0,20.715999999999994,89.294,8,10,2,INTERMEDIATE,0,5,113.318,86.2,16.791866028708135,24.94114832535885,1
Race,Netherlands,Zandvoort,2023-08-27T13:00:00+00:00,9149,55,14,Aston Martin,,2,62.0,9.69750000000002,89.136,12,10,-2,INTERMEDIATE,3,5,115.60200000000002,100.079,16.791866028708135,24.94114832535885,1
Race,Netherlands,Zandvoort,2023-08-27T13:00:00+00:00,9149,55,23,Williams,,8,62.0,0.2295000000000016,93.951,12,10,-2,INTERMEDIATE,5,3,110.6775,105.255,16.791866028708135,24.94114832535885,1
Race,Netherlands,Zandvoort,2023-08-27T13:00:00+00:00,9149,55,31,Alpine,,10,62.0,1.274499999999989,93.888,11,9,-2,WET,0,5,115.2755,108.996,16.791866028708135,24.94114832535885,1
Race,Netherlands,Zandvoort,2023-08-27T13:00:00+00:00,9149,55,1,Red Bull Racing,,1,64.0,-1214.0385,92.568,12,12,0,WET,0,6,145.016,145.016,16.791866028708135,24.94114832535885,1
Race,Netherlands,Zandvoort,2023-08-27T13:00:00+00:00,9149,55,11,Red Bull Racing,,4,64.0,2421.1479999999997,110.512,2,2,0,INTERMEDIATE,6,6,2562.49,2562.49,16.791866028708135,24.94114832535885,1
Race,Netherlands,Zandvoort,2023-08-27T13:00:00+00:00,9149,55,4,McLaren,,7,64.0,2397.2664999999997,111.321,11,11,0,INTERMEDIATE,11,6,2540.47,2540.47,16.791866028708135,24.94114832535885,1
Race,Netherlands,Zandvoort,2023-08-27T13:00:00+00:00,9149,55,63,Mercedes,,17,64.0,2408.023,112.41,17,17,0,INTERMEDIATE,5,6,2547.8,2547.8,16.791866028708135,24.94114832535885,1
Race,Netherlands,Zandvoort,2023-08-27T13:00:00+00:00,9149,55,23,Williams,,8,64.0,2403.857,116.1,12,10,-2,INTERMEDIATE,5,4,2544.728,2544.728,16.791866028708135,24.94114832535885,1
Race,Netherlands,Zandvoort,2023-08-27T13:00:00+00:00,9149,55,81,McLaren,,9,64.0,2395.217,123.268,8,20,12,INTERMEDIATE,4,5,2538.279,2538.279,16.791866028708135,24.94114832535885,1
Race,Netherlands,Zandvoort,2023-08-27T13:00:00+00:00,9149,55,22,AlphaTauri,,16,64.0,2374.997,132.676,11,9,-2,INTERMEDIATE,5,5,2520.564,2520.564,16.791866028708135,24.94114832535885,1
Race,Netherlands,Zandvoort,2023-08-27T13:00:00+00:00,9149,55,31,Alpine,,10,64.0,2394.5950000000003,121.555,11,9,-2,INTERMEDIATE,0,6,2536.32,2536.32,16.791866028708135,24.94114832535885,1
Race,Netherlands,Zandvoort,2023-08-27T13:00:00+00:00,9149,55,18,Aston Martin,,11,64.0,2371.6915,132.24,16,18,2,INTERMEDIATE,5,7,2516.25,2516.25,16.791866028708135,24.94114832535885,1
Race,Netherlands,Zandvoort,2023-08-27T13:00:00+00:00,9149,55,27,Haas F1 Team,,12,64.0,2373.4255,131.99,19,17,-2,INTERMEDIATE,4,5,2516.935,2516.935,16.791866028708135,24.94114832535885,1
Race,Netherlands,Zandvoort,2023-08-27T13:00:00+00:00,9149,55,40,AlphaTauri,,13,64.0,2359.7934999999998,141.288,17,17,0,INTERMEDIATE,0,7,2505.647,2505.647,16.791866028708135,24.94114832535885,1
Race,Netherlands,Zandvoort,2023-08-27T13:00:00+00:00,9149,55,77,Alfa Romeo,,15,64.0,2368.5215000000003,136.932,14,14,0,INTERMEDIATE,0,5,2513.847,2513.847,16.791866028708135,24.94114832535885,1
Race,Netherlands,Zandvoort,2023-08-27T13:00:00+00:00,9149,55,20,Haas F1 Team,,14,64.0,2356.8855,145.291,8,10,2,INTERMEDIATE,3,6,2504.065,2504.065,16.791866028708135,24.94114832535885,1
Race,Netherlands,Zandvoort,2023-08-27T13:00:00+00:00,9149,55,1,Red Bull Racing,,1,65.0,2484.0215000000003,145.016,12,12,0,INTERMEDIATE,4,7,407.0662500000001,80.865,16.791866028708135,24.94114832535885,1
Race,Netherlands,Zandvoort,2023-08-27T13:00:00+00:00,9149,55,14,Aston Martin,,2,65.0,2455.6565,142.422,12,10,-2,INTERMEDIATE,6,6,403.694625,81.123,16.791866028708135,24.94114832535885,1
Race,Netherlands,Zandvoort,2023-08-27T13:00:00+00:00,9149,55,10,Alpine,,3,65.0,2432.1835,157.991,7,5,-2,INTERMEDIATE,4,6,401.68999999999994,81.517,16.791866028708135,24.94114832535885,1
Race,Netherlands,Zandvoort,2023-08-27T13:00:00+00:00,9149,55,11,Red Bull Racing,,4,65.0,-1177.791,2562.49,2,2,0,INTERMEDIATE,7,7,100.81700000000001,81.666,16.791866028708135,24.94114832535885,1
Race,Netherlands,Zandvoort,2023-08-27T13:00:00+00:00,9149,55,55,Ferrari,,5,65.0,2430.4145,158.423,6,6,0,INTERMEDIATE,4,6,401.857625,81.902,16.791866028708135,24.94114832535885,1
Race,Netherlands,Zandvoort,2023-08-27T13:00:00+00:00,9149,55,44,Mercedes,,6,65.0,2409.5845,170.027,18,16,-2,INTERMEDIATE,6,6,399.94650000000007,82.001,16.791866028708135,24.94114832535885,1
Race,Netherlands,Zandvoort,2023-08-27T13:00:00+00:00,9149,55,4,McLaren,,7,65.0,-1162.068,2540.47,11,11,0,INTERMEDIATE,12,7,101.41049999999998,82.13,16.791866028708135,24.94114832535885,1
Race,Netherlands,Zandvoort,2023-08-27T13:00:00+00:00,9149,55,63,Mercedes,,17,65.0,-1172.5005,2547.8,17,17,0,INTERMEDIATE,0,7,137.12866666666667,112.753,16.791866028708135,24.94114832535885,1
Race,Netherlands,Zandvoort,2023-08-27T13:00:00+00:00,9149,55,23,Williams,,8,65.0,-1172.045,2544.728,12,10,-2,INTERMEDIATE,6,5,99.99312499999999,82.247,16.791866028708135,24.94114832535885,1
Race,Netherlands,Zandvoort,2023-08-27T13:00:00+00:00,9149,55,81,McLaren,,9,65.0,-1171.2155,2538.279,8,20,12,INTERMEDIATE,5,6,99.645625,82.296,16.791866028708135,24.94114832535885,1
Race,Netherlands,Zandvoort,2023-08-27T13:00:00+00:00,9149,55,31,Alpine,,10,65.0,-1170.623,2536.32,11,9,-2,INTERMEDIATE,1,7,99.541875,82.476,16.791866028708135,24.94114832535885,1
Race,Netherlands,Zandvoort,2023-08-27T13:00:00+00:00,9149,55,22,AlphaTauri,,16,65.0,-1166.0144999999998,2520.564,11,9,-2,INTERMEDIATE,6,6,99.79275,83.101,16.791866028708135,24.94114832535885,1
Race,Netherlands,Zandvoort,2023-08-27T13:00:00+00:00,9149,55,27,Haas F1 Team,,12,65.0,-1166.9775,2516.935,19,17,-2,INTERMEDIATE,5,6,98.566,82.423,16.791866028708135,24.94114832535885,1
Race,Netherlands,Zandvoort,2023-08-27T13:00:00+00:00,9149,55,18,Aston Martin,,11,65.0,-1164.954,2516.25,16,18,2,INTERMEDIATE,0,8,98.83449999999999,82.543,16.791866028708135,24.94114832535885,1
Race,Netherlands,Zandvoort,2023-08-27T13:00:00+00:00,9149,55,77,Alfa Romeo,,15,65.0,-1166.1295,2513.847,14,14,0,INTERMEDIATE,0,6,98.97125,82.873,16.791866028708135,24.94114832535885,1
Race,Netherlands,Zandvoort,2023-08-27T13:00:00+00:00,9149,55,40,AlphaTauri,,13,65.0,-1164.1139999999998,2505.647,17,17,0,INTERMEDIATE,8,8,98.091875,83.296,16.791866028708135,24.94114832535885,1
Race,Netherlands,Zandvoort,2023-08-27T13:00:00+00:00,9149,55,20,Haas F1 Team,,14,65.0,-1163.567,2504.065,8,10,2,INTERMEDIATE,4,7,97.64387500000001,83.027,16.791866028708135,24.94114832535885,1
Race,Netherlands,Zandvoort,2023-08-27T13:00:00+00:00,9149,55,63,Mercedes,,17,68.0,10.010999999999996,112.753,17,17,0,INTERMEDIATE,15,8,86.37100000000001,80.548,16.791866028708135,24.94114832535885,1
Race,Italy,Monza,2023-09-03T13:00:00+00:00,9157,39,10,Alpine,,15,11.0,20.4375,92.034,15,15,0,HARD,3,2,88.63214285714287,87.035,29.330128205128204,42.928205128205136,0
Race,Italy,Monza,2023-09-03T13:00:00+00:00,9157,39,24,Alfa Romeo,,14,12.0,18.016999999999996,92.187,12,12,0,HARD,3,2,88.41354545454546,86.253,29.330128205128204,42.928205128205136,0
Race,Italy,Monza,2023-09-03T13:00:00+00:00,9157,39,20,Haas F1 Team,,18,13.0,17.747500000000002,93.273,19,17,-2,MEDIUM,0,2,88.72761904761906,87.011,29.330128205128204,42.928205128205136,0
Race,Italy,Monza,2023-09-03T13:00:00+00:00,9157,39,40,AlphaTauri,,11,14.0,17.802499999999995,92.053,12,12,0,HARD,3,2,88.46100000000001,86.815,29.330128205128204,42.928205128205136,0
Race,Italy,Monza,2023-09-03T13:00:00+00:00,9157,39,2,Williams,,13,15.0,17.432000000000002,93.074,16,14,-2,HARD,3,2,87.98394444444446,86.84,29.330128205128204,42.928205128205136,0
Race,Italy,Monza,2023-09-03T13:00:00+00:00,9157,39,27,Haas F1 Team,,17,15.0,19.790999999999997,92.658,16,16,0,HARD,5,2,88.64152,86.988,29.330128205128204,42.928205128205136,0
Race,Italy,Monza,2023-09-03T13:00:00+00:00,9157,39,23,Williams,,7,16.0,17.911,92.301,12,10,-2,HARD,3,2,87.53866666666667,86.389,29.330128205128204,42.928205128205136,0
Race,Italy,Monza,2023-09-03T13:00:00+00:00,9157,39,63,Mercedes,,5,20.0,16.139499999999998,91.885,9,11,2,HARD,0,2,86.93040625,85.847,29.330128205128204,42.928205128205136,0
Race,Italy,Monza,2023-09-03T13:00:00+00:00,9157,39,55,Ferrari,,3,20.0,17.733000000000004,91.912,5,3,-2,HARD,0,2,86.84118749999999,85.501,29.330128205128204,42.928205128205136,0
Race,Italy,Monza,2023-09-03T13:00:00+00:00,9157,39,1,Red Bull Racing,,1,21.0,17.292999999999992,90.849,4,6,2,HARD,0,2,86.65070967741939,85.24,29.330128205128204,42.928205128205136,0
Race,Italy,Monza,2023-09-03T13:00:00+00:00,9157,39,16,Ferrari,,4,21.0,17.393500000000003,91.155,3,3,0,HARD,0,2,86.82345161290321,85.58,29.330128205128204,42.928205128205136,0
Race,Italy,Monza,2023-09-03T13:00:00+00:00,9157,39,18,Aston Martin,,16,21.0,18.967,93.026,17,17,0,HARD,4,2,88.20076666666665,86.617,29.330128205128204,42.928205128205136,0
Race,Italy,Monza,2023-09-03T13:00:00+00:00,9157,39,11,Red Bull Racing,,2,22.0,16.979,90.934,5,7,2,HARD,0,2,86.63776666666668,85.522,29.330128205128204,42.928205128205136,0
Race,Italy,Monza,2023-09-03T13:00:00+00:00,9157,39,14,Aston Martin,,9,22.0,17.659000000000006,92.377,8,10,2,HARD,3,2,87.41789999999999,86.105,29.330128205128204,42.928205128205136,0
Race,Italy,Monza,2023-09-03T13:00:00+00:00,9157,39,4,McLaren,,8,23.0,17.386499999999998,91.647,8,10,2,HARD,4,2,87.53365517241382,86.144,29.330128205128204,42.928205128205136,0
Race,Italy,Monza,2023-09-03T13:00:00+00:00,9157,39,81,McLaren,,12,24.0,17.715500000000006,91.866,10,10,0,HARD,5,2,88.21066666666667,86.132,29.330128205128204,42.928205128205136,0
Race,Italy,Monza,2023-09-03T13:00:00+00:00,9157,39,31,Alpine,,19,25.0,17.04950000000001,93.499,11,13,2,HARD,3,2,89.89653333333334,86.963,29.330128205128204,42.928205128205136,0
Race,Italy,Monza,2023-09-03T13:00:00+00:00,9157,39,77,Alfa Romeo,,10,26.0,17.174000000000007,92.814,8,9,1,MEDIUM,3,2,87.62916,85.988,29.330128205128204,42.928205128205136,0
Race,Italy,Monza,2023-09-03T13:00:00+00:00,9157,39,44,Mercedes,,6,28.0,16.572999999999993,93.228,4,4,0,MEDIUM,0,2,87.14483333333334,85.582,29.330128205128204,42.928205128205136,0
Race,Italy,Monza,2023-09-03T13:00:00+00:00,9157,39,10,Alpine,,15,32.0,17.398500000000013,92.204,15,15,0,MEDIUM,0,3,87.61236842105264,85.758,29.330128205128204,42.928205128205136,0
Race,Italy,Monza,2023-09-03T13:00:00+00:00,9157,39,40,AlphaTauri,,11,34.0,17.65849999999999,91.843,12,12,0,MEDIUM,0,3,87.48988235294117,85.842,29.330128205128204,42.928205128205136,0
Race,Italy,Monza,2023-09-03T13:00:00+00:00,9157,39,24,Alfa Romeo,,14,34.0,18.94449999999999,92.052,12,12,0,MEDIUM,0,3,87.86911764705883,85.983,29.330128205128204,42.928205128205136,0
Race,Italy,Monza,2023-09-03T13:00:00+00:00,9157,39,20,Haas F1 Team,,18,34.0,17.604,93.158,19,17,-2,MEDIUM,0,3,88.039,86.278,29.330128205128204,42.928205128205136,0
Race,Italy,Monza,2023-09-03T13:00:00+00:00,9157,39,27,Haas F1 Team,,17,40.0,16.9195,92.506,16,16,0,MEDIUM,3,3,88.12845454545456,85.894,29.330128205128204,42.928205128205136,0
Race,Italy,Monza,2023-09-03T13:00:00+00:00,9157,39,81,McLaren,,12,42.0,23.79700000000001,94.52,10,10,0,MEDIUM,3,3,88.92677777777777,85.072,29.330128205128204,42.928205128205136,0
Race,Singapore,Marina Bay,2023-09-17T12:00:00+00:00,9165,61,24,Alfa Romeo,,12,3.0,17.796999999999997,109.969,13,11,-2,HARD,0,2,103.81822222222223,99.869,29.844318181818185,36.42215909090909,0
Race,Singapore,Marina Bay,2023-09-17T12:00:00+00:00,9165,61,55,Ferrari,,1,21.0,54.75450000000001,116.824,1,1,0,HARD,0,2,104.15797619047619,97.666,29.844318181818185,36.42215909090909,0
Race,Singapore,Marina Bay,2023-09-17T12:00:00+00:00,9165,61,2,Williams,,14,20.0,48.522999999999996,149.645,17,15,-2,HARD,0,2,106.44933333333331,99.69,29.844318181818185,36.42215909090909,0
Race,Singapore,Marina Bay,2023-09-17T12:00:00+00:00,9165,61,63,Mercedes,,16,21.0,46.378000000000014,120.405,4,6,2,HARD,0,2,107.18716666666667,99.169,29.844318181818185,36.42215909090909,0
Race,Singapore,Marina Bay,2023-09-17T12:00:00+00:00,9165,61,16,Ferrari,,4,21.0,49.98949999999999,121.624,6,6,0,HARD,0,2,104.44319047619047,98.275,29.844318181818185,36.42215909090909,0
Race,Singapore,Marina Bay,2023-09-17T12:00:00+00:00,9165,61,4,McLaren,,2,21.0,46.5985,121.158,5,5,0,HARD,0,2,103.89464285714286,98.046,29.844318181818185,36.42215909090909,0
Race,Singapore,Marina Bay,2023-09-17T12:00:00+00:00,9165,61,44,Mercedes,,3,21.0,47.803,121.815,6,6,0,HARD,0,2,107.10608333333333,99.142,29.844318181818185,36.42215909090909,0
Race,Singapore,Marina Bay,2023-09-17T12:00:00+00:00,9165,61,14,Aston Martin,,15,21.0,42.513000000000005,124.3,9,7,-2,HARD,0,2,108.30566666666665,99.636,29.844318181818185,36.42215909090909,0
Race,Singapore,Marina Bay,2023-09-17T12:00:00+00:00,9165,61,31,Alpine,,18,21.0,41.74799999999999,125.887,6,8,2,HARD,0,2,106.30154545454543,99.93,29.844318181818185,36.42215909090909,0
Race,Singapore,Marina Bay,2023-09-17T12:00:00+00:00,9165,61,20,Haas F1 Team,,10,21.0,37.33850000000001,126.536,11,13,2,HARD,0,2,107.55186956521739,100.03,29.844318181818185,36.42215909090909,0
Race,Singapore,Marina Bay,2023-09-17T12:00:00+00:00,9165,61,81,McLaren,,7,21.0,33.870000000000005,128.998,15,12,-3,HARD,0,2,104.22090476190476,98.492,29.844318181818185,36.42215909090909,0
Race,Singapore,Marina Bay,2023-09-17T12:00:00+00:00,9165,61,40,AlphaTauri,,9,21.0,38.94399999999999,128.455,15,13,-2,HARD,0,2,104.86180952380953,99.028,29.844318181818185,36.42215909090909,0
Race,Singapore,Marina Bay,2023-09-17T12:00:00+00:00,9165,61,27,Haas F1 Team,,13,21.0,43.113999999999976,128.679,13,11,-2,HARD,0,2,105.40030952380953,99.923,29.844318181818185,36.42215909090909,0
Race,Singapore,Marina Bay,2023-09-17T12:00:00+00:00,9165,61,10,Alpine,,6,21.0,34.97149999999999,128.721,10,10,0,HARD,0,2,104.25004761904763,98.277,29.844318181818185,36.42215909090909,0
Race,Singapore,Marina Bay,2023-09-17T12:00:00+00:00,9165,61,23,Williams,,11,21.0,40.397500000000036,128.599,13,11,-2,HARD,0,2,106.62078260869568,100.469,29.844318181818185,36.42215909090909,0
Race,Singapore,Marina Bay,2023-09-17T12:00:00+00:00,9165,61,24,Alfa Romeo,,12,21.0,27.5265,136.694,13,11,-2,MEDIUM,0,3,104.45983333333334,99.316,29.844318181818185,36.42215909090909,0
Race,Singapore,Marina Bay,2023-09-17T12:00:00+00:00,9165,61,11,Red Bull Racing,,8,40.0,13.518,113.087,10,12,2,MEDIUM,0,2,102.3934347826087,97.108,29.844318181818185,36.42215909090909,0
Race,Singapore,Marina Bay,2023-09-17T12:00:00+00:00,9165,61,1,Red Bull Racing,,5,41.0,15.987499999999997,108.808,10,12,2,MEDIUM,0,2,101.54895454545455,96.575,29.844318181818185,36.42215909090909,0
Race,Singapore,Marina Bay,2023-09-17T12:00:00+00:00,9165,61,77,Alfa Romeo,,17,41.0,16.504500000000007,110.101,15,15,0,MEDIUM,0,2,106.41363636363636,98.075,29.844318181818185,36.42215909090909,0
Race,Singapore,Marina Bay,2023-09-17T12:00:00+00:00,9165,61,23,Williams,,11,44.0,44.054,120.929,13,11,-2,MEDIUM,0,3,102.9382105263158,97.342,29.844318181818185,36.42215909090909,0
Race,Singapore,Marina Bay,2023-09-17T12:00:00+00:00,9165,61,20,Haas F1 Team,,10,44.0,44.216499999999996,126.002,11,13,2,SOFT,3,3,102.21578947368421,98.107,29.844318181818185,36.42215909090909,0
Race,Singapore,Marina Bay,2023-09-17T12:00:00+00:00,9165,61,2,Williams,,14,44.0,39.78349999999999,128.408,17,15,-2,MEDIUM,0,3,102.27857894736843,98.531,29.844318181818185,36.42215909090909,0
Race,Singapore,Marina Bay,2023-09-17T12:00:00+00:00,9165,61,63,Mercedes,,16,45.0,11.089000000000013,144.887,4,6,2,MEDIUM,0,3,99.62823529411764,96.273,29.844318181818185,36.42215909090909,0
Race,Singapore,Marina Bay,2023-09-17T12:00:00+00:00,9165,61,44,Mercedes,,3,45.0,12.271499999999989,145.716,6,6,0,MEDIUM,0,3,99.49961111111112,95.867,29.844318181818185,36.42215909090909,0
Race,Singapore,Marina Bay,2023-09-17T12:00:00+00:00,9165,61,14,Aston Martin,,15,45.0,17.03450000000001,144.76,9,7,-2,SOFT,2,3,102.35827777777777,96.456,29.844318181818185,36.42215909090909,0
Race,Japan,Suzuka,2023-09-24T05:00:00+00:00,9173,46,31,Alpine,,9,2.0,-21.06899999999999,162.123,9,7,-2,HARD,0,2,107.52418518518519,99.631,27.28860759493671,42.070253164556966,0
Race,Japan,Suzuka,2023-09-24T05:00:00+00:00,9173,46,24,Alfa Romeo,,13,2.0,0.9939999999999998,150.796,16,14,-2,SOFT,0,2,121.14966666666666,100.207,27.28860759493671,42.070253164556966,0
Race,Japan,Suzuka,2023-09-24T05:00:00+00:00,9173,46,23,Williams,,16,2.0,11.261499999999984,146.249,17,15,-2,MEDIUM,0,2,117.3875,100.45,27.28860759493671,42.070253164556966,0
Race,Japan,Suzuka,2023-09-24T05:00:00+00:00,9173,46,77,Alfa Romeo,,20,2.0,9.792999999999978,174.951,16,18,2,SOFT,0,2,138.12439999999998,106.852,27.28860759493671,42.070253164556966,0
Race,Japan,Suzuka,2023-09-24T05:00:00+00:00,9173,46,11,Red Bull Racing,,19,3.0,28.290999999999997,161.609,18,18,0,HARD,0,2,116.61160000000002,99.704,27.28860759493671,42.070253164556966,0
Race,Japan,Suzuka,2023-09-24T05:00:00+00:00,9173,46,2,Williams,,17,3.0,14.006,162.662,18,20,2,MEDIUM,2,2,144.311,104.961,27.28860759493671,42.070253164556966,0
Race,Japan,Suzuka,2023-09-24T05:00:00+00:00,9173,46,2,Williams,,17,6.0,37.53750000000001,104.961,18,20,2,MEDIUM,0,3,104.5071875,98.848,27.28860759493671,42.070253164556966,0
Race,Japan,Suzuka,2023-09-24T05:00:00+00:00,9173,46,77,Alfa Romeo,,20,7.0,,106.852,16,18,2,HARD,0,3,158.277,158.277,27.28860759493671,42.070253164556966,0
Race,Japan,Suzuka,2023-09-24T05:00:00+00:00,9173,46,27,Haas F1 Team,,14,9.0,18.472499999999982,102.501,15,13,-2,MEDIUM,0,2,103.17223076923077,98.724,27.28860759493671,42.070253164556966,0
Race,Japan,Suzuka,2023-09-24T05:00:00+00:00,9173,46,22,AlphaTauri,,12,10.0,16.813500000000005,102.396,16,14,-2,MEDIUM,0,2,102.12619047619049,98.737,27.28860759493671,42.070253164556966,0
Race,Japan,Suzuka,2023-09-24T05:00:00+00:00,9173,46,40,AlphaTauri,,11,11.0,17.746499999999997,102.431,15,15,0,MEDIUM,0,2,103.0108,99.212,27.28860759493671,42.070253164556966,0
Race,Japan,Suzuka,2023-09-24T05:00:00+00:00,9173,46,24,Alfa Romeo,,13,11.0,17.11099999999999,103.013,16,14,-2,SOFT,0,3,102.19763157894735,99.106,27.28860759493671,42.070253164556966,0
Race,Japan,Suzuka,2023-09-24T05:00:00+00:00,9173,46,14,Aston Martin,,8,12.0,14.997500000000016,102.32,10,8,-2,HARD,0,2,102.61249999999998,98.126,27.28860759493671,42.070253164556966,0
Race,Japan,Suzuka,2023-09-24T05:00:00+00:00,9173,46,20,Haas F1 Team,,15,13.0,26.302999999999983,122.936,13,15,2,HARD,0,2,101.89963157894738,98.373,27.28860759493671,42.070253164556966,0
Race,Japan,Suzuka,2023-09-24T05:00:00+00:00,9173,46,11,Red Bull Racing,,19,13.0,-1146.498,121.045,18,18,0,SOFT,3,3,208.286,208.286,27.28860759493671,42.070253164556966,0
Race,Japan,Suzuka,2023-09-24T05:00:00+00:00,9173,46,81,McLaren,,3,14.0,33.944500000000005,101.4,8,6,-2,HARD,0,2,100.32359090909091,98.117,27.28860759493671,42.070253164556966,0
Race,Japan,Suzuka,2023-09-24T05:00:00+00:00,9173,46,23,Williams,,16,14.0,43.27350000000001,110.904,17,15,-2,SOFT,0,3,104.3516923076923,99.185,27.28860759493671,42.070253164556966,0
Race,Japan,Suzuka,2023-09-24T05:00:00+00:00,9173,46,18,Aston Martin,,18,15.0,8.039500000000004,121.131,10,12,2,MEDIUM,0,2,103.20333333333333,99.05,27.28860759493671,42.070253164556966,0
Race,Japan,Suzuka,2023-09-24T05:00:00+00:00,9173,46,1,Red Bull Racing,,1,17.0,18.739500000000007,101.172,3,5,2,MEDIUM,0,2,98.77161904761904,97.344,27.28860759493671,42.070253164556966,0
Race,Japan,Suzuka,2023-09-24T05:00:00+00:00,9173,46,44,Mercedes,,5,17.0,18.412999999999997,103.793,6,8,2,HARD,0,2,99.688,97.489,27.28860759493671,42.070253164556966,0
Race,Japan,Suzuka,2023-09-24T05:00:00+00:00,9173,46,4,McLaren,,2,18.0,19.158500000000018,101.24,6,6,0,HARD,0,2,99.07547368421052,96.689,27.28860759493671,42.070253164556966,0
Race,Japan,Suzuka,2023-09-24T05:00:00+00:00,9173,46,16,Ferrari,,4,18.0,17.0565,101.825,6,8,2,MEDIUM,0,2,99.69317647058824,97.88,27.28860759493671,42.070253164556966,0
Race,Japan,Suzuka,2023-09-24T05:00:00+00:00,9173,46,55,Ferrari,,6,19.0,16.86999999999999,101.804,8,8,0,MEDIUM,0,2,99.55930000000001,97.753,27.28860759493671,42.070253164556966,0
Race,Japan,Suzuka,2023-09-24T05:00:00+00:00,9173,46,10,Alpine,,10,19.0,19.514500000000012,102.948,8,10,2,HARD,0,2,100.1913125,97.279,27.28860759493671,42.070253164556966,0
Race,Japan,Suzuka,2023-09-24T05:00:00+00:00,9173,46,27,Haas F1 Team,,14,22.0,19.102000000000004,102.637,15,13,-2,HARD,0,3,100.2614375,98.322,27.28860759493671,42.070253164556966,0
Race,Japan,Suzuka,2023-09-24T05:00:00+00:00,9173,46,2,Williams,,17,22.0,,103.371,18,20,2,HARD,0,4,137.039,137.039,27.28860759493671,42.070253164556966,0
Race,Japan,Suzuka,2023-09-24T05:00:00+00:00,9173,46,63,Mercedes,,7,25.0,18.406000000000006,101.402,4,6,2,HARD,0,2,99.11396551724138,97.653,27.28860759493671,42.070253164556966,0
Race,Japan,Suzuka,2023-09-24T05:00:00+00:00,9173,46,14,Aston Martin,,8,26.0,16.141000000000005,103.68,10,8,-2,HARD,0,3,98.90332142857143,97.203,27.28860759493671,42.070253164556966,0
Race,Japan,Suzuka,2023-09-24T05:00:00+00:00,9173,46,40,AlphaTauri,,11,26.0,18.066000000000003,102.855,15,15,0,HARD,0,3,99.42818518518519,98.267,27.28860759493671,42.070253164556966,0
Race,Japan,Suzuka,2023-09-24T05:00:00+00:00,9173,46,31,Alpine,,9,29.0,17.63449999999999,102.901,9,7,-2,HARD,0,3,98.92532000000001,97.398,27.28860759493671,42.070253164556966,0
Race,Japan,Suzuka,2023-09-24T05:00:00+00:00,9173,46,24,Alfa Romeo,,13,30.0,17.622499999999988,102.733,16,14,-2,HARD,0,4,99.22578260869564,97.791,27.28860759493671,42.070253164556966,0
Race,Japan,Suzuka,2023-09-24T05:00:00+00:00,9173,46,22,AlphaTauri,,12,31.0,18.632999999999996,102.697,16,14,-2,HARD,0,3,99.29545454545455,97.768,27.28860759493671,42.070253164556966,0
Race,Japan,Suzuka,2023-09-24T05:00:00+00:00,9173,46,20,Haas F1 Team,,15,32.0,18.085499999999996,102.504,13,15,2,HARD,0,3,99.62671428571429,97.842,27.28860759493671,42.070253164556966,0
Race,Japan,Suzuka,2023-09-24T05:00:00+00:00,9173,46,16,Ferrari,,4,35.0,16.87599999999999,101.129,6,8,2,HARD,0,3,98.29726315789473,96.362,27.28860759493671,42.070253164556966,0
Race,Japan,Suzuka,2023-09-24T05:00:00+00:00,9173,46,44,Mercedes,,5,35.0,17.483999999999995,100.853,6,8,2,HARD,0,3,98.29573684210527,95.611,27.28860759493671,42.070253164556966,0
Race,Japan,Suzuka,2023-09-24T05:00:00+00:00,9173,46,10,Alpine,,10,35.0,19.899500000000003,101.378,8,10,2,HARD,0,3,99.01884210526316,96.371,27.28860759493671,42.070253164556966,0
Race,Japan,Suzuka,2023-09-24T05:00:00+00:00,9173,46,81,McLaren,,3,36.0,18.492500000000007,100.575,8,6,-2,HARD,0,3,98.15822222222224,96.328,27.28860759493671,42.070253164556966,0
Race,Japan,Suzuka,2023-09-24T05:00:00+00:00,9173,46,4,McLaren,,2,37.0,18.726500000000016,100.106,6,6,0,HARD,0,3,97.53594117647059,95.247,27.28860759493671,42.070253164556966,0
Race,Japan,Suzuka,2023-09-24T05:00:00+00:00,9173,46,1,Red Bull Racing,,1,38.0,18.8545,100.264,3,5,2,HARD,0,3,97.2599375,94.183,27.28860759493671,42.070253164556966,0
Race,Japan,Suzuka,2023-09-24T05:00:00+00:00,9173,46,27,Haas F1 Team,,14,38.0,19.028999999999996,101.42,15,13,-2,MEDIUM,0,4,99.19033333333333,97.25,27.28860759493671,42.070253164556966,0
Race,Japan,Suzuka,2023-09-24T05:00:00+00:00,9173,46,55,Ferrari,,6,39.0,17.360500000000002,101.42,8,8,0,HARD,0,3,98.448,96.187,27.28860759493671,42.070253164556966,0
Race,Japan,Suzuka,2023-09-24T05:00:00+00:00,9173,46,11,Red Bull Racing,,19,14.0,2418.1125,208.286,18,18,0,SOFT,3,4,2588.523,2588.523,27.28860759493671,42.070253164556966,0
Race,Japan,Suzuka,2023-09-24T05:00:00+00:00,9173,46,11,Red Bull Racing,,19,15.0,,2588.523,18,18,0,SOFT,6,5,132.535,132.535,27.28860759493671,42.070253164556966,0
Race,Qatar,Lusail,2023-10-08T17:00:00+00:00,9221,150,63,Mercedes,,4,2.0,7.626500000000021,137.218,9,6,-3,MEDIUM,7,2,102.37769230769231,88.742,31.46289308176101,36.93207547169812,0
Race,Qatar,Lusail,2023-10-08T17:00:00+00:00,9221,150,77,Alfa Romeo,,8,4.0,25.2885,148.157,5,7,2,MEDIUM,0,2,94.44316666666667,90.066,31.46289308176101,36.93207547169812,0
Race,Qatar,Lusail,2023-10-08T17:00:00+00:00,9221,150,40,AlphaTauri,,17,4.0,23.558000000000007,143.644,10,10,0,HARD,0,2,94.78238888888889,90.607,31.46289308176101,36.93207547169812,0
Race,Qatar,Lusail,2023-10-08T17:00:00+00:00,9221,150,20,Haas F1 Team,,14,4.0,23.950000000000017,143.995,9,9,0,MEDIUM,0,2,94.74727777777777,90.262,31.46289308176101,36.93207547169812,0
Race,Qatar,Lusail,2023-10-08T17:00:00+00:00,9221,150,18,Aston Martin,,11,4.0,22.638000000000005,146.047,10,12,2,MEDIUM,0,2,94.32999999999998,90.06,31.46289308176101,36.93207547169812,0
Race,Qatar,Lusail,2023-10-08T17:00:00+00:00,9221,150,22,AlphaTauri,,15,10.0,19.326000000000008,95.106,14,14,0,MEDIUM,0,2,92.03292307692307,89.532,31.46289308176101,36.93207547169812,0
Race,Qatar,Lusail,2023-10-08T17:00:00+00:00,9221,150,31,Alpine,,7,11.0,21.466499999999996,94.408,12,10,-2,MEDIUM,5,2,91.27773333333333,88.718,31.46289308176101,36.93207547169812,0
Race,Qatar,Lusail,2023-10-08T17:00:00+00:00,9221,150,14,Aston Martin,,6,12.0,20.477000000000004,94.065,15,12,-3,MEDIUM,5,2,90.83953333333334,88.256,31.46289308176101,36.93207547169812,0
Race,Qatar,Lusail,2023-10-08T17:00:00+00:00,9221,150,10,Alpine,,12,12.0,21.940499999999986,94.153,6,6,0,MEDIUM,5,2,91.15106666666667,88.565,31.46289308176101,36.93207547169812,0
Race,Qatar,Lusail,2023-10-08T17:00:00+00:00,9221,150,16,Ferrari,,5,13.0,21.65950000000001,93.651,10,8,-2,MEDIUM,0,2,91.63315384615386,88.55,31.46289308176101,36.93207547169812,0
Race,Qatar,Lusail,2023-10-08T17:00:00+00:00,9221,150,81,McLaren,,2,13.0,22.775000000000006,93.032,7,5,-2,MEDIUM,7,2,90.88823076923076,87.926,31.46289308176101,36.93207547169812,0
Race,Qatar,Lusail,2023-10-08T17:00:00+00:00,9221,150,4,McLaren,,3,14.0,21.7975,92.79,12,10,-2,MEDIUM,6,2,90.61228571428572,87.741,31.46289308176101,36.93207547169812,0
Race,Qatar,Lusail,2023-10-08T17:00:00+00:00,9221,150,2,Williams,,18,14.0,21.742999999999995,94.911,13,15,2,MEDIUM,0,2,91.74092307692308,88.999,31.46289308176101,36.93207547169812,0
Race,Qatar,Lusail,2023-10-08T17:00:00+00:00,9221,150,27,Haas F1 Team,,16,14.0,32.022999999999996,96.246,13,15,2,HARD,0,2,91.91621428571428,88.224,31.46289308176101,36.93207547169812,0
Race,Qatar,Lusail,2023-10-08T17:00:00+00:00,9221,150,63,Mercedes,,4,15.0,21.694500000000005,92.247,9,6,-3,MEDIUM,0,3,89.75644444444445,86.891,31.46289308176101,36.93207547169812,0
Race,Qatar,Lusail,2023-10-08T17:00:00+00:00,9221,150,1,Red Bull Racing,,1,18.0,21.133499999999998,92.205,9,11,2,MEDIUM,3,2,89.32835294117646,86.622,31.46289308176101,36.93207547169812,0
Race,Qatar,Lusail,2023-10-08T17:00:00+00:00,9221,150,11,Red Bull Racing,,10,18.0,21.613000000000014,92.575,14,11,-3,MEDIUM,6,2,90.179,87.412,31.46289308176101,36.93207547169812,0
Race,Qatar,Lusail,2023-10-08T17:00:00+00:00,9221,150,23,Williams,,13,19.0,22.68050000000001,93.029,14,14,0,MEDIUM,0,2,91.13723076923075,88.251,31.46289308176101,36.93207547169812,0
Race,Qatar,Lusail,2023-10-08T17:00:00+00:00,9221,150,24,Alfa Romeo,,9,19.0,21.322999999999993,94.117,13,10,-3,HARD,0,2,90.2784117647059,87.797,31.46289308176101,36.93207547169812,0
Race,Qatar,Lusail,2023-10-08T17:00:00+00:00,9221,150,77,Alfa Romeo,,8,22.0,21.476499999999987,94.304,5,7,2,HARD,0,3,90.00672222222222,87.721,31.46289308176101,36.93207547169812,0
Race,Qatar,Lusail,2023-10-08T17:00:00+00:00,9221,150,18,Aston Martin,,11,22.0,20.238,95.224,10,12,2,HARD,0,3,89.9927222222222,87.84,31.46289308176101,36.93207547169812,0
Race,Qatar,Lusail,2023-10-08T17:00:00+00:00,9221,150,40,AlphaTauri,,17,22.0,21.19549999999998,94.906,10,10,0,HARD,0,3,90.62511111111112,88.298,31.46289308176101,36.93207547169812,0
Race,Qatar,Lusail,2023-10-08T17:00:00+00:00,9221,150,20,Haas F1 Team,,14,22.0,21.418999999999997,94.049,9,9,0,HARD,0,3,90.04833333333335,87.828,31.46289308176101,36.93207547169812,0
Race,Qatar,Lusail,2023-10-08T17:00:00+00:00,9221,150,22,AlphaTauri,,15,23.0,20.495499999999993,93.639,14,14,0,HARD,0,3,90.27038888888889,88.403,31.46289308176101,36.93207547169812,0
Race,Qatar,Lusail,2023-10-08T17:00:00+00:00,9221,150,81,McLaren,,2,26.0,21.60600000000001,92.039,7,5,-2,MEDIUM,0,3,88.27544444444445,86.234,31.46289308176101,36.93207547169812,0
Race,Qatar,Lusail,2023-10-08T17:00:00+00:00,9221,150,31,Alpine,,7,26.0,22.024,92.909,12,10,-2,HARD,0,3,89.17361111111111,86.45,31.46289308176101,36.93207547169812,0
Race,Qatar,Lusail,2023-10-08T17:00:00+00:00,9221,150,16,Ferrari,,5,26.0,20.95649999999999,93.572,10,8,-2,HARD,0,3,88.708,86.513,31.46289308176101,36.93207547169812,0
Race,Qatar,Lusail,2023-10-08T17:00:00+00:00,9221,150,14,Aston Martin,,6,27.0,21.2295,92.539,15,12,-3,HARD,0,3,89.38694444444444,86.89,31.46289308176101,36.93207547169812,0
Race,Qatar,Lusail,2023-10-08T17:00:00+00:00,9221,150,10,Alpine,,12,27.0,23.737499999999997,92.649,6,6,0,HARD,0,3,89.1698888888889,86.634,31.46289308176101,36.93207547169812,0
Race,Qatar,Lusail,2023-10-08T17:00:00+00:00,9221,150,2,Williams,,18,27.0,21.514500000000012,94.588,13,15,2,HARD,0,3,92.13585714285715,87.983,31.46289308176101,36.93207547169812,0
Race,Qatar,Lusail,2023-10-08T17:00:00+00:00,9221,150,4,McLaren,,3,28.0,20.9165,91.183,12,10,-2,MEDIUM,0,3,87.89829411764705,85.685,31.46289308176101,36.93207547169812,0
Race,Qatar,Lusail,2023-10-08T17:00:00+00:00,9221,150,27,Haas F1 Team,,16,28.0,19.976,94.051,13,15,2,MEDIUM,6,3,90.771,87.871,31.46289308176101,36.93207547169812,0
Race,Qatar,Lusail,2023-10-08T17:00:00+00:00,9221,150,11,Red Bull Racing,,10,32.0,25.7705,92.015,14,11,-3,MEDIUM,0,3,90.01633333333332,86.735,31.46289308176101,36.93207547169812,0
Race,Qatar,Lusail,2023-10-08T17:00:00+00:00,9221,150,23,Williams,,13,32.0,23.90249999999999,92.175,14,14,0,HARD,0,3,89.94053846153847,86.959,31.46289308176101,36.93207547169812,0
Race,Qatar,Lusail,2023-10-08T17:00:00+00:00,9221,150,63,Mercedes,,4,33.0,21.560000000000002,90.771,9,6,-3,HARD,0,4,87.71522222222221,85.77,31.46289308176101,36.93207547169812,0
Race,Qatar,Lusail,2023-10-08T17:00:00+00:00,9221,150,1,Red Bull Racing,,1,35.0,21.17650000000002,90.996,9,11,2,HARD,0,3,87.59000000000002,85.475,31.46289308176101,36.93207547169812,0
Race,Qatar,Lusail,2023-10-08T17:00:00+00:00,9221,150,24,Alfa Romeo,,9,36.0,21.848000000000013,92.795,13,10,-3,HARD,0,3,88.65705882352941,86.534,31.46289308176101,36.93207547169812,0
Race,Qatar,Lusail,2023-10-08T17:00:00+00:00,9221,150,77,Alfa Romeo,,8,40.0,21.1935,92.33,5,7,2,HARD,1,4,88.46122222222223,86.652,31.46289308176101,36.93207547169812,0
Race,Qatar,Lusail,2023-10-08T17:00:00+00:00,9221,150,18,Aston Martin,,11,40.0,21.942499999999995,91.946,10,12,2,MEDIUM,0,4,88.62805555555555,86.352,31.46289308176101,36.93207547169812,0
Race,Qatar,Lusail,2023-10-08T17:00:00+00:00,9221,150,20,Haas F1 Team,,14,40.0,24.073499999999996,91.105,9,9,0,HARD,0,4,89.2159411764706,87.067,31.46289308176101,36.93207547169812,0
Race,Qatar,Lusail,2023-10-08T17:00:00+00:00,9221,150,40,AlphaTauri,,17,40.0,20.579499999999996,92.688,10,10,0,MEDIUM,0,4,90.02482352941175,87.113,31.46289308176101,36.93207547169812,0
Race,Qatar,Lusail,2023-10-08T17:00:00+00:00,9221,150,27,Haas F1 Team,,16,40.0,25.326000000000008,92.637,13,15,2,HARD,0,4,89.15588235294118,86.444,31.46289308176101,36.93207547169812,0
Race,Qatar,Lusail,2023-10-08T17:00:00+00:00,9221,150,22,AlphaTauri,,15,41.0,20.603499999999997,92.204,14,14,0,HARD,0,4,89.2170625,87.174,31.46289308176101,36.93207547169812,0
Race,Qatar,Lusail,2023-10-08T17:00:00+00:00,9221,150,81,McLaren,,2,44.0,21.132000000000005,90.329,7,5,-2,HARD,0,4,86.97978571428573,84.921,31.46289308176101,36.93207547169812,0
Race,Qatar,Lusail,2023-10-08T17:00:00+00:00,9221,150,16,Ferrari,,5,44.0,20.688500000000005,90.705,10,8,-2,MEDIUM,0,4,87.85050000000001,84.992,31.46289308176101,36.93207547169812,0
Race,Qatar,Lusail,2023-10-08T17:00:00+00:00,9221,150,31,Alpine,,7,44.0,22.0205,91.198,12,10,-2,MEDIUM,0,4,88.81842857142858,86.458,31.46289308176101,36.93207547169812,0
Race,Qatar,Lusail,2023-10-08T17:00:00+00:00,9221,150,11,Red Bull Racing,,10,44.0,25.198499999999996,90.947,14,11,-3,MEDIUM,0,4,89.19449999999999,86.22,31.46289308176101,36.93207547169812,0
Race,Qatar,Lusail,2023-10-08T17:00:00+00:00,9221,150,4,McLaren,,3,45.0,21.001499999999993,89.974,12,10,-2,HARD,0,4,86.95553846153847,84.842,31.46289308176101,36.93207547169812,0
Race,Qatar,Lusail,2023-10-08T17:00:00+00:00,9221,150,14,Aston Martin,,6,45.0,21.16449999999999,91.812,15,12,-3,MEDIUM,0,4,88.22053846153848,86.045,31.46289308176101,36.93207547169812,0
Race,Qatar,Lusail,2023-10-08T17:00:00+00:00,9221,150,10,Alpine,,12,45.0,28.397499999999994,91.055,6,6,0,MEDIUM,0,4,89.4573076923077,85.793,31.46289308176101,36.93207547169812,0
Race,Qatar,Lusail,2023-10-08T17:00:00+00:00,9221,150,23,Williams,,13,45.0,21.723499999999987,92.935,14,14,0,HARD,0,4,89.01276923076922,86.666,31.46289308176101,36.93207547169812,0
Race,Qatar,Lusail,2023-10-08T17:00:00+00:00,9221,150,63,Mercedes,,4,51.0,20.369,89.945,9,6,-3,SOFT,3,5,90.14185714285715,85.804,31.46289308176101,36.93207547169812,0
Race,Qatar,Lusail,2023-10-08T17:00:00+00:00,9221,150,1,Red Bull Racing,,1,52.0,21.942999999999998,90.719,9,11,2,MEDIUM,0,4,89.27016666666667,84.319,31.46289308176101,36.93207547169812,0
Race,Qatar,Lusail,2023-10-08T17:00:00+00:00,9221,150,24,Alfa Romeo,,9,53.0,20.704499999999996,90.6,13,10,-3,SOFT,0,4,91.18359999999998,86.323,31.46289308176101,36.93207547169812,0
Race,United States,Austin,2023-10-22T19:00:00+00:00,9213,9,24,Alfa Romeo,,15,10.0,20.903499999999994,103.882,12,12,0,HARD,0,2,104.81355555555554,102.787,29.96011904761904,40.62857142857143,0
Race,United States,Austin,2023-10-22T19:00:00+00:00,9213,9,23,Williams,,11,11.0,20.45299999999999,103.152,15,12,-3,HARD,0,2,104.2562105263158,102.679,29.96011904761904,40.62857142857143,0
Race,United States,Austin,2023-10-22T19:00:00+00:00,9213,9,77,Alfa Romeo,,14,11.0,19.996499999999997,104.078,13,13,0,HARD,0,2,104.44333333333333,102.603,29.96011904761904,40.62857142857143,0
Race,United States,Austin,2023-10-22T19:00:00+00:00,9213,9,20,Haas F1 Team,,16,11.0,20.742500000000007,104.749,18,16,-2,HARD,0,2,104.91484210526316,102.918,29.96011904761904,40.62857142857143,0
Race,United States,Austin,2023-10-22T19:00:00+00:00,9213,9,2,Williams,,12,12.0,20.759500000000003,103.57,14,14,0,HARD,0,2,104.21576190476192,102.415,29.96011904761904,40.62857142857143,0
Race,United States,Austin,2023-10-22T19:00:00+00:00,9213,9,1,Red Bull Racing,,1,17.0,18.920999999999992,102.571,6,4,-2,MEDIUM,0,2,102.37563157894736,100.809,29.96011904761904,40.62857142857143,0
Race,United States,Austin,2023-10-22T19:00:00+00:00,9213,9,4,McLaren,,3,18.0,19.495000000000005,102.594,2,4,2,HARD,0,2,102.99047058823528,100.97,29.96011904761904,40.62857142857143,0
Race,United States,Austin,2023-10-22T19:00:00+00:00,9213,9,55,Ferrari,,4,18.0,18.856499999999997,103.418,8,6,-2,MEDIUM,0,2,102.68572222222221,100.667,29.96011904761904,40.62857142857143,0
Race,United States,Austin,2023-10-22T19:00:00+00:00,9213,9,11,Red Bull Racing,,5,18.0,18.855999999999995,103.567,9,7,-2,MEDIUM,0,2,102.47885000000001,101.164,29.96011904761904,40.62857142857143,0
Race,United States,Austin,2023-10-22T19:00:00+00:00,9213,9,22,AlphaTauri,,10,18.0,19.522500000000008,103.535,13,10,-3,HARD,0,2,103.57076470588235,101.942,29.96011904761904,40.62857142857143,0
Race,United States,Austin,2023-10-22T19:00:00+00:00,9213,9,10,Alpine,,8,19.0,17.730999999999995,103.92,7,9,2,MEDIUM,0,2,103.26652631578946,101.882,29.96011904761904,40.62857142857143,0
Race,United States,Austin,2023-10-22T19:00:00+00:00,9213,9,14,Aston Martin,,18,20.0,19.95450000000001,103.648,16,14,-2,MEDIUM,0,2,102.59530434782609,100.987,29.96011904761904,40.62857142857143,0
Race,United States,Austin,2023-10-22T19:00:00+00:00,9213,9,27,Haas F1 Team,,13,20.0,21.573999999999984,104.796,17,17,0,MEDIUM,0,2,103.94253333333333,101.682,29.96011904761904,40.62857142857143,0
Race,United States,Austin,2023-10-22T19:00:00+00:00,9213,9,44,Mercedes,,2,21.0,20.283,103.773,5,3,-2,HARD,0,2,102.6525,101.074,29.96011904761904,40.62857142857143,0
Race,United States,Austin,2023-10-22T19:00:00+00:00,9213,9,18,Aston Martin,,9,21.0,20.159999999999997,103.805,13,15,2,MEDIUM,0,2,102.86885000000002,101.276,29.96011904761904,40.62857142857143,0
Race,United States,Austin,2023-10-22T19:00:00+00:00,9213,9,63,Mercedes,,7,22.0,19.992500000000007,104.164,4,6,2,HARD,0,2,103.20494444444445,101.437,29.96011904761904,40.62857142857143,0
Race,United States,Austin,2023-10-22T19:00:00+00:00,9213,9,3,AlphaTauri,,17,23.0,20.127500000000012,104.235,13,15,2,HARD,0,2,104.15632000000001,102.351,29.96011904761904,40.62857142857143,0
Race,United States,Austin,2023-10-22T19:00:00+00:00,9213,9,16,Ferrari,,6,24.0,20.057500000000005,103.57,5,5,0,HARD,0,2,102.3060303030303,101.025,29.96011904761904,40.62857142857143,0
Race,United States,Austin,2023-10-22T19:00:00+00:00,9213,9,24,Alfa Romeo,,15,28.0,18.739999999999995,107.714,12,12,0,HARD,0,3,103.4410357142857,101.879,29.96011904761904,40.62857142857143,0
Race,United States,Austin,2023-10-22T19:00:00+00:00,9213,9,77,Alfa Romeo,,14,29.0,19.814999999999998,104.289,13,13,0,HARD,0,3,103.24482142857143,101.972,29.96011904761904,40.62857142857143,0
Race,United States,Austin,2023-10-22T19:00:00+00:00,9213,9,23,Williams,,11,30.0,20.441000000000003,102.913,15,12,-3,MEDIUM,6,3,102.76385185185188,101.318,29.96011904761904,40.62857142857143,0
Race,United States,Austin,2023-10-22T19:00:00+00:00,9213,9,20,Haas F1 Team,,16,30.0,20.381,104.007,18,16,-2,MEDIUM,0,3,103.28184615384615,101.506,29.96011904761904,40.62857142857143,0
Race,United States,Austin,2023-10-22T19:00:00+00:00,9213,9,2,Williams,,12,33.0,20.600499999999997,103.953,14,14,0,MEDIUM,0,3,102.71704166666666,101.238,29.96011904761904,40.62857142857143,0
Race,United States,Austin,2023-10-22T19:00:00+00:00,9213,9,4,McLaren,,3,35.0,18.989000000000004,102.13,2,4,2,HARD,0,3,101.7875,99.985,29.96011904761904,40.62857142857143,0
Race,United States,Austin,2023-10-22T19:00:00+00:00,9213,9,22,AlphaTauri,,10,35.0,19.59400000000001,102.676,13,10,-3,MEDIUM,0,3,102.43015,100.562,29.96011904761904,40.62857142857143,0
Race,United States,Austin,2023-10-22T19:00:00+00:00,9213,9,27,Haas F1 Team,,13,35.0,19.611500000000007,102.889,17,17,0,MEDIUM,6,3,102.89845454545453,100.925,29.96011904761904,40.62857142857143,0
Race,United States,Austin,2023-10-22T19:00:00+00:00,9213,9,1,Red Bull Racing,,1,36.0,20.895999999999987,101.777,6,4,-2,HARD,0,3,101.44919047619048,100.028,29.96011904761904,40.62857142857143,0
Race,United States,Austin,2023-10-22T19:00:00+00:00,9213,9,55,Ferrari,,4,36.0,18.867000000000004,102.067,8,6,-2,HARD,0,3,101.61861904761905,100.034,29.96011904761904,40.62857142857143,0
Race,United States,Austin,2023-10-22T19:00:00+00:00,9213,9,11,Red Bull Racing,,5,38.0,20.096500000000006,101.956,9,7,-2,HARD,0,3,101.70247368421052,99.737,29.96011904761904,40.62857142857143,0
Race,United States,Austin,2023-10-22T19:00:00+00:00,9213,9,10,Alpine,,8,38.0,20.57650000000001,102.377,7,9,2,HARD,0,3,102.18578947368422,100.412,29.96011904761904,40.62857142857143,0
Race,United States,Austin,2023-10-22T19:00:00+00:00,9213,9,44,Mercedes,,2,39.0,19.634000000000015,102.192,5,3,-2,MEDIUM,0,3,101.23227777777778,99.582,29.96011904761904,40.62857142857143,0
Race,United States,Austin,2023-10-22T19:00:00+00:00,9213,9,63,Mercedes,,7,40.0,18.804000000000002,102.2,4,6,2,MEDIUM,0,3,101.14305882352942,99.393,29.96011904761904,40.62857142857143,0
Race,United States,Austin,2023-10-22T19:00:00+00:00,9213,9,18,Aston Martin,,9,41.0,18.1725,101.931,13,15,2,MEDIUM,0,3,101.52312500000001,99.908,29.96011904761904,40.62857142857143,0
Race,United States,Austin,2023-10-22T19:00:00+00:00,9213,9,14,Aston Martin,,18,43.0,19.835000000000008,102.303,16,14,-2,HARD,0,3,105.38057142857143,99.954,29.96011904761904,40.62857142857143,0
Race,United States,Austin,2023-10-22T19:00:00+00:00,9213,9,3,AlphaTauri,,17,48.0,24.823499999999996,103.929,13,15,2,SOFT,0,3,104.424875,99.366,29.96011904761904,40.62857142857143,0
Race,United States,Austin,2023-10-22T19:00:00+00:00,9213,9,22,AlphaTauri,,10,55.0,22.581000000000003,101.299,13,10,-3,SOFT,0,4,110.2195,98.139,29.96011904761904,40.62857142857143,0
Race,Mexico,Mexico City,2023-10-29T20:00:00+00:00,9181,65,22,AlphaTauri,,12,10.0,23.655500000000004,88.908,7,7,0,HARD,0,2,88.06204000000001,82.501,25.547368421052628,45.63947368421053,0
Race,Mexico,Mexico City,2023-10-29T20:00:00+00:00,9181,65,4,McLaren,,5,12.0,18.296999999999997,87.653,8,10,2,HARD,0,2,85.78127272727274,83.201,25.547368421052628,45.63947368421053,0
Race,Mexico,Mexico City,2023-10-29T20:00:00+00:00,9181,65,1,Red Bull Racing,,1,20.0,16.486999999999995,86.825,3,5,2,HARD,0,2,85.14085714285716,82.224,25.547368421052628,45.63947368421053,0
Race,Mexico,Mexico City,2023-10-29T20:00:00+00:00,9181,65,24,Alfa Romeo,,15,22.0,15.853500000000011,88.634,16,14,-2,HARD,0,2,91.99569230769231,83.583,25.547368421052628,45.63947368421053,0
Race,Mexico,Mexico City,2023-10-29T20:00:00+00:00,9181,65,2,Williams,,16,23.0,17.534000000000006,88.753,16,16,0,HARD,0,2,92.73433333333332,83.003,25.547368421052628,45.63947368421053,0
Race,Mexico,Mexico City,2023-10-29T20:00:00+00:00,9181,65,27,Haas F1 Team,,13,24.0,17.40950000000001,88.6,13,11,-2,HARD,0,2,92.64881818181819,83.576,25.547368421052628,45.63947368421053,0
Race,Mexico,Mexico City,2023-10-29T20:00:00+00:00,9181,65,20,Haas F1 Team,,19,24.0,17.784000000000006,88.228,17,19,2,HARD,0,2,86.712125,83.146,25.547368421052628,45.63947368421053,0
Race,Mexico,Mexico City,2023-10-29T20:00:00+00:00,9181,65,44,Mercedes,,2,25.0,15.707499999999996,86.973,4,4,0,HARD,0,2,93.9379,82.87,25.547368421052628,45.63947368421053,0
Race,Mexico,Mexico City,2023-10-29T20:00:00+00:00,9181,65,81,McLaren,,8,26.0,17.813999999999993,87.574,9,9,0,HARD,0,2,94.81488888888889,83.265,25.547368421052628,45.63947368421053,0
Race,Mexico,Mexico City,2023-10-29T20:00:00+00:00,9181,65,63,Mercedes,,6,27.0,17.64,87.165,7,9,2,HARD,0,2,96.743875,83.097,25.547368421052628,45.63947368421053,0
Race,Mexico,Mexico City,2023-10-29T20:00:00+00:00,9181,65,3,AlphaTauri,,7,28.0,17.204499999999996,87.032,4,4,0,HARD,0,2,97.86185714285716,83.571,25.547368421052628,45.63947368421053,0
Race,Mexico,Mexico City,2023-10-29T20:00:00+00:00,9181,65,10,Alpine,,11,29.0,17.424499999999995,87.81,16,14,-2,HARD,0,2,99.90416666666665,83.6,25.547368421052628,45.63947368421053,0
Race,Mexico,Mexico City,2023-10-29T20:00:00+00:00,9181,65,14,Aston Martin,,18,30.0,16.81450000000001,88.472,15,14,-1,HARD,1,2,103.8816,83.685,25.547368421052628,45.63947368421053,0
Race,Mexico,Mexico City,2023-10-29T20:00:00+00:00,9181,65,55,Ferrari,,4,31.0,16.92049999999999,87.64,4,2,-2,HARD,0,2,108.90825000000001,82.785,25.547368421052628,45.63947368421053,0
Race,Mexico,Mexico City,2023-10-29T20:00:00+00:00,9181,65,18,Aston Martin,,17,31.0,13.519500000000008,90.059,15,17,2,HARD,1,2,108.77250000000001,88.238,25.547368421052628,45.63947368421053,0
Race,Mexico,Mexico City,2023-10-29T20:00:00+00:00,9181,65,16,Ferrari,,3,32.0,8.652999999999992,87.924,2,2,0,HARD,0,2,119.026,97.428,25.547368421052628,45.63947368421053,0
Race,Mexico,Mexico City,2023-10-29T20:00:00+00:00,9181,65,77,Alfa Romeo,,14,32.0,10.130499999999998,88.264,16,16,0,HARD,0,2,117.02633333333335,109.016,25.547368421052628,45.63947368421053,0
Race,Mexico,Mexico City,2023-10-29T20:00:00+00:00,9181,65,1,Red Bull Racing,,1,34.0,-537.65,95.664,3,5,2,HARD,0,3,175.039,175.039,25.547368421052628,45.63947368421053,0
Race,Mexico,Mexico City,2023-10-29T20:00:00+00:00,9181,65,4,McLaren,,5,34.0,-574.0274999999999,106.374,8,10,2,MEDIUM,0,3,149.036,149.036,25.547368421052628,45.63947368421053,0
Race,Mexico,Mexico City,2023-10-29T20:00:00+00:00,9181,65,23,Williams,,9,34.0,-571.6305,106.537,7,9,2,MEDIUM,0,2,151.15,151.15,25.547368421052628,45.63947368421053,0
Race,Mexico,Mexico City,2023-10-29T20:00:00+00:00,9181,65,1,Red Bull Racing,,1,35.0,1161.652,175.039,3,5,2,HARD,1,4,118.08367567567569,81.644,25.547368421052628,45.63947368421053,0
Race,Mexico,Mexico City,2023-10-29T20:00:00+00:00,9181,65,16,Ferrari,,3,35.0,1173.8935,158.321,2,2,0,HARD,3,3,118.6664864864865,82.332,25.547368421052628,45.63947368421053,0
Race,Mexico,Mexico City,2023-10-29T20:00:00+00:00,9181,65,44,Mercedes,,2,35.0,1180.9805,156.144,4,4,0,MEDIUM,4,3,118.35383783783783,81.334,25.547368421052628,45.63947368421053,0
Race,Mexico,Mexico City,2023-10-29T20:00:00+00:00,9181,65,55,Ferrari,,4,35.0,1184.9885000000002,150.381,4,2,-2,HARD,4,3,118.67151351351353,82.539,25.547368421052628,45.63947368421053,0
Race,Mexico,Mexico City,2023-10-29T20:00:00+00:00,9181,65,81,McLaren,,8,35.0,1192.6825000000001,141.809,9,9,0,MEDIUM,3,3,118.98713513513512,82.76,25.547368421052628,45.63947368421053,0
Race,Mexico,Mexico City,2023-10-29T20:00:00+00:00,9181,65,3,AlphaTauri,,7,35.0,1189.383,140.911,4,4,0,HARD,7,3,119.01516216216216,82.679,25.547368421052628,45.63947368421053,0
Race,Mexico,Mexico City,2023-10-29T20:00:00+00:00,9181,65,63,Mercedes,,6,35.0,1194.0725,145.843,7,9,2,MEDIUM,5,3,118.77059459459458,82.78,25.547368421052628,45.63947368421053,0
Race,Mexico,Mexico City,2023-10-29T20:00:00+00:00,9181,65,22,AlphaTauri,,12,35.0,1196.246,137.507,7,7,0,HARD,0,3,119.70610810810808,82.828,25.547368421052628,45.63947368421053,0
Race,Mexico,Mexico City,2023-10-29T20:00:00+00:00,9181,65,27,Haas F1 Team,,13,35.0,1202.207,132.751,13,11,-2,MEDIUM,0,3,119.68389189189188,83.222,25.547368421052628,45.63947368421053,0
Race,Mexico,Mexico City,2023-10-29T20:00:00+00:00,9181,65,4,McLaren,,5,35.0,1196.3564999999999,149.036,8,10,2,MEDIUM,1,4,118.37432432432436,81.944,25.547368421052628,45.63947368421053,0
Race,Mexico,Mexico City,2023-10-29T20:00:00+00:00,9181,65,10,Alpine,,11,35.0,1205.2835,135.793,16,14,-2,HARD,6,3,119.16348648648649,83.23,25.547368421052628,45.63947368421053,0
Race,Mexico,Mexico City,2023-10-29T20:00:00+00:00,9181,65,23,Williams,,9,35.0,1198.7524999999998,151.15,7,9,2,MEDIUM,1,3,118.62002702702702,82.773,25.547368421052628,45.63947368421053,0
Race,Mexico,Mexico City,2023-10-29T20:00:00+00:00,9181,65,24,Alfa Romeo,,15,35.0,1204.7235,137.543,16,14,-2,HARD,13,3,119.38535135135132,83.567,25.547368421052628,45.63947368421053,0
Race,Mexico,Mexico City,2023-10-29T20:00:00+00:00,9181,65,31,Alpine,,10,35.0,1211.2345,136.517,15,13,-2,MEDIUM,0,2,118.80421621621622,82.976,25.547368421052628,45.63947368421053,0
Race,Mexico,Mexico City,2023-10-29T20:00:00+00:00,9181,65,2,Williams,,16,35.0,1210.1350000000002,134.182,16,16,0,MEDIUM,0,3,120.0254722222222,83.216,25.547368421052628,45.63947368421053,0
Race,Mexico,Mexico City,2023-10-29T20:00:00+00:00,9181,65,18,Aston Martin,,17,35.0,1215.0665,133.808,15,17,2,HARD,5,3,124.8905625,83.257,25.547368421052628,45.63947368421053,0
Race,Mexico,Mexico City,2023-10-29T20:00:00+00:00,9181,65,77,Alfa Romeo,,14,35.0,1214.0755000000001,132.556,16,16,0,HARD,3,3,119.12551351351352,83.166,25.547368421052628,45.63947368421053,0
Race,Mexico,Mexico City,2023-10-29T20:00:00+00:00,9181,65,14,Aston Martin,,18,35.0,1216.639,132.573,15,14,-1,HARD,6,3,183.7154615384615,83.531,25.547368421052628,45.63947368421053,0
Race,Brazil,São Paulo,2023-11-05T17:00:00+00:00,9205,14,1,Red Bull Racing,,1,2.0,-679.321,120.184,1,1,0,SOFT,0,2,143.356,143.356,20.460109289617485,46.775956284153004,1
Race,Brazil,São Paulo,2023-11-05T17:00:00+00:00,9205,14,44,Mercedes,,8,2.0,-686.148,125.217,10,8,-2,SOFT,4,2,141.894,141.894,20.460109289617485,46.775956284153004,1
Race,Brazil,São Paulo,2023-11-05T17:00:00+00:00,9205,14,4,McLaren,,2,2.0,-681.8015,122.2,2,2,0,SOFT,0,2,142.52,142.52,20.460109289617485,46.775956284153004,1
Race,Brazil,São Paulo,2023-11-05T17:00:00+00:00,9205,14,18,Aston Martin,,5,2.0,-687.6084999999999,129.059,6,8,2,SOFT,1,2,142.163,142.163,20.460109289617485,46.775956284153004,1
Race,Brazil,São Paulo,2023-11-05T17:00:00+00:00,9205,14,14,Aston Martin,,3,2.0,-688.181,127.622,5,4,-1,SOFT,4,2,141.143,141.143,20.460109289617485,46.775956284153004,1
Race,Brazil,São Paulo,2023-11-05T17:00:00+00:00,9205,14,11,Red Bull Racing,,4,2.0,-688.2990000000001,133.45,9,9,0,SOFT,0,2,144.049,144.049,20.460109289617485,46.775956284153004,1
Race,Brazil,São Paulo,2023-11-05T17:00:00+00:00,9205,14,63,Mercedes,,15,2.0,-688.679,131.559,11,9,-2,SOFT,4,2,143.59,143.59,20.460109289617485,46.775956284153004,1
Race,Brazil,São Paulo,2023-11-05T17:00:00+00:00,9205,14,55,Ferrari,,6,2.0,-689.396,134.731,6,8,2,SOFT,3,2,144.671,144.671,20.460109289617485,46.775956284153004,1
Race,Brazil,São Paulo,2023-11-05T17:00:00+00:00,9205,14,31,Alpine,,10,2.0,-704.8240000000001,136.231,11,9,-2,SOFT,4,2,144.717,144.717,20.460109289617485,46.775956284153004,1
Race,Brazil,São Paulo,2023-11-05T17:00:00+00:00,9205,14,77,Alfa Romeo,,16,2.0,-703.09,142.512,13,13,0,SOFT,1,2,146.231,146.231,20.460109289617485,46.775956284153004,1
Race,Brazil,São Paulo,2023-11-05T17:00:00+00:00,9205,14,22,AlphaTauri,,9,2.0,-705.9925000000001,140.293,7,9,2,SOFT,4,2,144.126,144.126,20.460109289617485,46.775956284153004,1
Race,Brazil,São Paulo,2023-11-05T17:00:00+00:00,9205,14,10,Alpine,,7,2.0,-705.436,141.997,6,8,2,SOFT,3,2,144.561,144.561,20.460109289617485,46.775956284153004,1
Race,Brazil,São Paulo,2023-11-05T17:00:00+00:00,9205,14,24,Alfa Romeo,,17,2.0,-705.301,147.184,13,15,2,SOFT,1,2,144.885,144.885,20.460109289617485,46.775956284153004,1
Race,Brazil,São Paulo,2023-11-05T17:00:00+00:00,9205,14,2,Williams,,11,2.0,-704.745,148.246,14,14,0,MEDIUM,1,2,145.35,145.35,20.460109289617485,46.775956284153004,1
Race,Brazil,São Paulo,2023-11-05T17:00:00+00:00,9205,14,27,Haas F1 Team,,12,2.0,-703.4659999999999,151.356,15,13,-2,MEDIUM,0,2,146.238,146.238,20.460109289617485,46.775956284153004,1
Race,Brazil,São Paulo,2023-11-05T17:00:00+00:00,9205,14,1,Red Bull Racing,,1,3.0,1387.1570000000002,143.356,1,1,0,SOFT,3,3,136.49384,75.547,20.460109289617485,46.775956284153004,1
Race,Brazil,São Paulo,2023-11-05T17:00:00+00:00,9205,14,4,McLaren,,2,3.0,1389.7545,142.52,2,2,0,SOFT,0,3,136.60908,74.94,20.460109289617485,46.775956284153004,1
Race,Brazil,São Paulo,2023-11-05T17:00:00+00:00,9205,14,44,Mercedes,,8,3.0,1397.1754999999998,141.894,10,8,-2,SOFT,3,3,171.08837499999998,76.474,20.460109289617485,46.775956284153004,1
Race,Brazil,São Paulo,2023-11-05T17:00:00+00:00,9205,14,14,Aston Martin,,3,3.0,1398.9275,141.143,5,4,-1,SOFT,3,3,141.9324347826087,75.925,20.460109289617485,46.775956284153004,1
Race,Brazil,São Paulo,2023-11-05T17:00:00+00:00,9205,14,18,Aston Martin,,5,3.0,1397.8174999999999,142.163,6,8,2,SOFT,3,3,152.18630000000002,76.443,20.460109289617485,46.775956284153004,1
Race,Brazil,São Paulo,2023-11-05T17:00:00+00:00,9205,14,63,Mercedes,,15,3.0,1403.332,143.59,11,9,-2,SOFT,3,3,165.1366470588235,76.431,20.460109289617485,46.775956284153004,1
Race,Brazil,São Paulo,2023-11-05T17:00:00+00:00,9205,14,11,Red Bull Racing,,4,3.0,1401.383,144.049,9,9,0,SOFT,3,3,160.02205555555554,76.294,20.460109289617485,46.775956284153004,1
Race,Brazil,São Paulo,2023-11-05T17:00:00+00:00,9205,14,55,Ferrari,,6,3.0,1404.9435,144.671,6,8,2,SOFT,4,3,139.37266666666667,76.465,20.460109289617485,46.775956284153004,1
Race,Brazil,São Paulo,2023-11-05T17:00:00+00:00,9205,14,31,Alpine,,10,3.0,1449.355,144.717,11,9,-2,SOFT,3,3,201.6985,76.597,20.460109289617485,46.775956284153004,1
Race,Brazil,São Paulo,2023-11-05T17:00:00+00:00,9205,14,22,AlphaTauri,,9,3.0,1446.961,144.126,7,9,2,SOFT,0,3,139.37945833333333,76.656,20.460109289617485,46.775956284153004,1
Race,Brazil,São Paulo,2023-11-05T17:00:00+00:00,9205,14,10,Alpine,,7,3.0,1445.2340000000002,144.561,6,8,2,SOFT,3,3,139.21062500000002,76.437,20.460109289617485,46.775956284153004,1
Race,Brazil,São Paulo,2023-11-05T17:00:00+00:00,9205,14,77,Alfa Romeo,,16,3.0,1442.1355,146.231,13,13,0,SOFT,0,3,170.19806250000002,76.64,20.460109289617485,46.775956284153004,1
Race,Brazil,São Paulo,2023-11-05T17:00:00+00:00,9205,14,24,Alfa Romeo,,17,3.0,1439.976,144.885,13,15,2,SOFT,0,3,191.48984615384614,76.752,20.460109289617485,46.775956284153004,1
Race,Brazil,São Paulo,2023-11-05T17:00:00+00:00,9205,14,2,Williams,,11,3.0,1438.3685,145.35,14,14,0,SOFT,0,3,176.34973333333332,76.798,20.460109289617485,46.775956284153004,1
Race,Brazil,São Paulo,2023-11-05T17:00:00+00:00,9205,14,27,Haas F1 Team,,12,3.0,1434.6115,146.238,15,13,-2,SOFT,3,3,155.59552631578947,76.675,20.460109289617485,46.775956284153004,1
Race,Brazil,São Paulo,2023-11-05T17:00:00+00:00,9205,14,81,McLaren,,14,2.0,1561.519,137.45,13,15,2,MEDIUM,0,2,1684.821,1684.821,20.460109289617485,46.775956284153004,1
Race,Brazil,São Paulo,2023-11-05T17:00:00+00:00,9205,14,3,AlphaTauri,,13,2.0,1552.344,149.715,15,17,2,SOFT,3,2,1679.112,1679.112,20.460109289617485,46.775956284153004,1
Race,Brazil,São Paulo,2023-11-05T17:00:00+00:00,9205,14,81,McLaren,,14,3.0,-771.7985,1684.821,13,15,2,MEDIUM,1,3,78.95236363636364,76.641,20.460109289617485,46.775956284153004,1
Race,Brazil,São Paulo,2023-11-05T17:00:00+00:00,9205,14,3,AlphaTauri,,13,3.0,-774.125,1679.112,15,17,2,SOFT,4,3,78.31466666666667,76.401,20.460109289617485,46.775956284153004,1
Race,Brazil,São Paulo,2023-11-05T17:00:00+00:00,9205,14,31,Alpine,,10,15.0,15.033500000000004,81.41,11,9,-2,MEDIUM,0,4,78.12129411764707,76.085,20.460109289617485,46.775956284153004,1
Race,Brazil,São Paulo,2023-11-05T17:00:00+00:00,9205,14,24,Alfa Romeo,,17,16.0,16.006500000000003,81.661,13,15,2,MEDIUM,0,4,81.32242857142857,76.232,20.460109289617485,46.775956284153004,1
Race,Brazil,São Paulo,2023-11-05T17:00:00+00:00,9205,14,2,Williams,,11,18.0,14.426500000000004,82.426,14,14,0,SOFT,0,4,77.71044444444443,76.101,20.460109289617485,46.775956284153004,1
Race,Brazil,São Paulo,2023-11-05T17:00:00+00:00,9205,14,44,Mercedes,,8,19.0,14.694500000000005,82.182,10,8,-2,MEDIUM,0,4,77.30499999999999,75.516,20.460109289617485,46.775956284153004,1
Race,Brazil,São Paulo,2023-11-05T17:00:00+00:00,9205,14,77,Alfa Romeo,,16,19.0,16.174999999999997,81.363,13,13,0,MEDIUM,0,4,78.05861904761905,75.731,20.460109289617485,46.775956284153004,1
Race,Brazil,São Paulo,2023-11-05T17:00:00+00:00,9205,14,63,Mercedes,,15,20.0,15.168000000000006,80.533,11,9,-2,MEDIUM,0,4,77.52492307692309,75.628,20.460109289617485,46.775956284153004,1
Race,Brazil,São Paulo,2023-11-05T17:00:00+00:00,9205,14,11,Red Bull Racing,,4,21.0,14.393500000000003,80.985,9,9,0,MEDIUM,0,4,76.78096153846154,75.463,20.460109289617485,46.775956284153004,1
Race,Brazil,São Paulo,2023-11-05T17:00:00+00:00,9205,14,27,Haas F1 Team,,12,22.0,17.47099999999999,81.052,15,13,-2,SOFT,3,4,77.8794,75.818,20.460109289617485,46.775956284153004,1
Race,Brazil,São Paulo,2023-11-05T17:00:00+00:00,9205,14,18,Aston Martin,,5,23.0,14.539000000000001,80.608,6,8,2,MEDIUM,0,4,76.7069,75.565,20.460109289617485,46.775956284153004,1
Race,Brazil,São Paulo,2023-11-05T17:00:00+00:00,9205,14,14,Aston Martin,,3,26.0,14.936499999999995,80.972,5,4,-1,MEDIUM,0,4,76.95172727272727,75.701,20.460109289617485,46.775956284153004,1
Race,Brazil,São Paulo,2023-11-05T17:00:00+00:00,9205,14,81,McLaren,,14,25.0,15.096000000000004,81.76,13,15,2,SOFT,2,4,77.09307142857142,75.558,20.460109289617485,46.775956284153004,1
Race,Brazil,São Paulo,2023-11-05T17:00:00+00:00,9205,14,55,Ferrari,,6,27.0,14.623500000000007,81.058,6,8,2,MEDIUM,0,4,76.83424,75.399,20.460109289617485,46.775956284153004,1
Race,Brazil,São Paulo,2023-11-05T17:00:00+00:00,9205,14,10,Alpine,,7,27.0,16.811999999999998,81.513,6,8,2,MEDIUM,0,4,77.2585,75.215,20.460109289617485,46.775956284153004,1
Race,Brazil,São Paulo,2023-11-05T17:00:00+00:00,9205,14,22,AlphaTauri,,9,27.0,19.805999999999997,80.763,7,9,2,MEDIUM,0,4,76.95365517241379,75.599,20.460109289617485,46.775956284153004,1
Race,Brazil,São Paulo,2023-11-05T17:00:00+00:00,9205,14,1,Red Bull Racing,,1,28.0,14.812500000000014,80.264,1,1,0,MEDIUM,0,4,76.06155172413796,74.682,20.460109289617485,46.775956284153004,1
Race,Brazil,São Paulo,2023-11-05T17:00:00+00:00,9205,14,4,McLaren,,2,28.0,15.697499999999991,80.818,2,2,0,MEDIUM,3,4,76.16096875,74.845,20.460109289617485,46.775956284153004,1
Race,Brazil,São Paulo,2023-11-05T17:00:00+00:00,9205,14,3,AlphaTauri,,13,27.0,17.754000000000005,80.591,15,17,2,MEDIUM,0,4,76.85824137931034,75.407,20.460109289617485,46.775956284153004,1
Race,Brazil,São Paulo,2023-11-05T17:00:00+00:00,9205,14,31,Alpine,,10,32.0,16.625,80.584,11,9,-2,SOFT,3,5,77.18445,75.365,20.460109289617485,46.775956284153004,1
Race,Brazil,São Paulo,2023-11-05T17:00:00+00:00,9205,14,2,Williams,,11,45.0,15.620999999999995,81.995,14,14,0,SOFT,0,5,76.86111538461539,75.738,20.460109289617485,46.775956284153004,1
Race,Brazil,São Paulo,2023-11-05T17:00:00+00:00,9205,14,63,Mercedes,,15,46.0,15.2945,81.183,11,9,-2,SOFT,3,5,79.67491666666668,74.934,20.460109289617485,46.775956284153004,1
Race,Brazil,São Paulo,2023-11-05T17:00:00+00:00,9205,14,11,Red Bull Racing,,4,47.0,15.61,80.234,9,9,0,SOFT,3,5,75.56844000000001,74.124,20.460109289617485,46.775956284153004,1
Race,Brazil,São Paulo,2023-11-05T17:00:00+00:00,9205,14,44,Mercedes,,8,47.0,15.403999999999996,80.492,10,8,-2,SOFT,3,5,76.12156,74.739,20.460109289617485,46.775956284153004,1
Race,Brazil,São Paulo,2023-11-05T17:00:00+00:00,9205,14,10,Alpine,,7,47.0,14.659500000000008,80.564,6,8,2,SOFT,0,5,75.70284000000001,74.521,20.460109289617485,46.775956284153004,1
Race,Brazil,São Paulo,2023-11-05T17:00:00+00:00,9205,14,27,Haas F1 Team,,12,47.0,16.659000000000006,80.729,15,13,-2,SOFT,0,5,76.59516666666666,75.036,20.460109289617485,46.775956284153004,1
Race,Brazil,São Paulo,2023-11-05T17:00:00+00:00,9205,14,14,Aston Martin,,3,48.0,15.653499999999994,79.763,5,4,-1,SOFT,0,5,75.71754166666666,74.442,20.460109289617485,46.775956284153004,1
Race,Brazil,São Paulo,2023-11-05T17:00:00+00:00,9205,14,55,Ferrari,,6,52.0,14.653500000000008,80.341,6,8,2,SOFT,3,5,75.709,74.406,20.460109289617485,46.775956284153004,1
Race,Brazil,São Paulo,2023-11-05T17:00:00+00:00,9205,14,31,Alpine,,10,52.0,14.905500000000004,80.059,11,9,-2,SOFT,0,6,76.104,74.206,20.460109289617485,46.775956284153004,1
Race,Brazil,São Paulo,2023-11-05T17:00:00+00:00,9205,14,18,Aston Martin,,5,53.0,17.075000000000003,79.716,6,8,2,SOFT,2,5,75.46926315789474,74.007,20.460109289617485,46.775956284153004,1
Race,Brazil,São Paulo,2023-11-05T17:00:00+00:00,9205,14,81,McLaren,,14,53.0,14.551000000000002,82.846,13,15,2,SOFT,5,5,76.179,74.31,20.460109289617485,46.775956284153004,1
Race,Brazil,São Paulo,2023-11-05T17:00:00+00:00,9205,14,22,AlphaTauri,,9,56.0,16.647500000000008,79.809,7,9,2,SOFT,0,5,76.11975,74.231,20.460109289617485,46.775956284153004,1
Race,Brazil,São Paulo,2023-11-05T17:00:00+00:00,9205,14,1,Red Bull Racing,,1,57.0,14.641499999999994,79.309,1,1,0,SOFT,0,5,75.17,73.422,20.460109289617485,46.775956284153004,1
Race,Brazil,São Paulo,2023-11-05T17:00:00+00:00,9205,14,3,AlphaTauri,,13,56.0,16.935000000000002,79.237,15,17,2,SOFT,0,5,76.12573333333334,73.866,20.460109289617485,46.775956284153004,1
Race,Brazil,São Paulo,2023-11-05T17:00:00+00:00,9205,14,4,McLaren,,2,60.0,15.567999999999998,79.796,2,2,0,SOFT,3,5,75.03266666666667,72.486,20.460109289617485,46.775956284153004,1
Race,United States,Las Vegas,2023-11-19T06:00:00+00:00,9189,152,11,Red Bull Racing,,3,2.0,22.852000000000004,125.201,14,12,-2,HARD,0,2,109.84372000000002,97.969,18.05,17.99444444444444,0
Race,United States,Las Vegas,2023-11-19T06:00:00+00:00,9189,152,14,Aston Martin,,9,2.0,2.926499999999976,145.31,16,14,-2,HARD,0,2,110.03868,97.964,18.05,17.99444444444444,0
Race,United States,Las Vegas,2023-11-19T06:00:00+00:00,9189,152,77,Alfa Romeo,,17,2.0,9.36699999999999,148.889,18,16,-2,HARD,0,2,111.29704347826086,100.263,18.05,17.99444444444444,0
Race,United States,Las Vegas,2023-11-19T06:00:00+00:00,9189,152,18,Aston Martin,,5,4.0,43.41500000000002,117.862,9,6,-3,HARD,1,2,109.61860869565217,98.701,18.05,17.99444444444444,0
Race,United States,Las Vegas,2023-11-19T06:00:00+00:00,9189,152,55,Ferrari,,6,4.0,31.119500000000016,123.387,14,12,-2,HARD,0,2,109.30295652173912,98.19,18.05,17.99444444444444,0
Race,United States,Las Vegas,2023-11-19T06:00:00+00:00,9189,152,22,AlphaTauri,,18,11.0,14.956000000000017,108.267,14,16,2,MEDIUM,0,2,102.72990909090909,99.865,18.05,17.99444444444444,0
Race,United States,Las Vegas,2023-11-19T06:00:00+00:00,9189,152,27,Haas F1 Team,,19,13.0,14.775999999999996,105.802,14,16,2,HARD,0,2,102.64878571428572,98.635,18.05,17.99444444444444,0
Race,United States,Las Vegas,2023-11-19T06:00:00+00:00,9189,152,20,Haas F1 Team,,13,15.0,13.162999999999997,105.961,10,12,2,HARD,0,2,103.02466666666668,99.209,18.05,17.99444444444444,0
Race,United States,Las Vegas,2023-11-19T06:00:00+00:00,9189,152,63,Mercedes,,8,16.0,14.027500000000003,104.106,7,5,-2,HARD,0,2,102.03781818181818,97.93,18.05,17.99444444444444,0
Race,United States,Las Vegas,2023-11-19T06:00:00+00:00,9189,152,2,Williams,,16,16.0,13.144500000000008,106.786,16,13,-3,HARD,0,2,103.44414285714285,97.74,18.05,17.99444444444444,0
Race,United States,Las Vegas,2023-11-19T06:00:00+00:00,9189,152,1,Red Bull Racing,,1,17.0,20.480500000000006,104.727,9,7,-2,HARD,0,2,102.3536,97.88,18.05,17.99444444444444,0
Race,United States,Las Vegas,2023-11-19T06:00:00+00:00,9189,152,23,Williams,,12,17.0,14.489000000000004,105.842,11,11,0,HARD,0,2,103.42723529411764,97.357,18.05,17.99444444444444,0
Race,United States,Las Vegas,2023-11-19T06:00:00+00:00,9189,152,81,McLaren,,10,17.0,15.2945,107.333,13,15,2,HARD,1,2,104.15074074074073,96.849,18.05,17.99444444444444,0
Race,United States,Las Vegas,2023-11-19T06:00:00+00:00,9189,152,10,Alpine,,11,18.0,14.788499999999999,105.772,8,4,-4,HARD,0,2,103.3522121212121,96.913,18.05,17.99444444444444,0
Race,United States,Las Vegas,2023-11-19T06:00:00+00:00,9189,152,3,AlphaTauri,,14,18.0,15.529499999999999,106.533,15,12,-3,HARD,0,2,103.1848484848485,97.108,18.05,17.99444444444444,0
Race,United States,Las Vegas,2023-11-19T06:00:00+00:00,9189,152,44,Mercedes,,7,18.0,11.3005,118.137,7,9,2,MEDIUM,0,2,104.18111111111111,98.234,18.05,17.99444444444444,0
Race,United States,Las Vegas,2023-11-19T06:00:00+00:00,9189,152,31,Alpine,,4,21.0,14.671000000000006,105.341,7,9,2,HARD,0,2,103.02496666666666,96.637,18.05,17.99444444444444,0
Race,United States,Las Vegas,2023-11-19T06:00:00+00:00,9189,152,16,Ferrari,,2,22.0,16.224500000000006,103.38,2,2,0,HARD,0,2,103.23827586206896,95.669,18.05,17.99444444444444,0
Race,United States,Las Vegas,2023-11-19T06:00:00+00:00,9189,152,22,AlphaTauri,,18,22.0,15.602500000000006,108.249,14,16,2,HARD,0,3,104.15387999999999,97.587,18.05,17.99444444444444,0
Race,United States,Las Vegas,2023-11-19T06:00:00+00:00,9189,152,77,Alfa Romeo,,17,25.0,0.1594999999999942,106.578,18,16,-2,MEDIUM,0,3,104.81973076923077,97.562,18.05,17.99444444444444,0
Race,United States,Las Vegas,2023-11-19T06:00:00+00:00,9189,152,11,Red Bull Racing,,3,27.0,43.9725,112.819,14,12,-2,HARD,0,3,103.32237500000001,95.939,18.05,17.99444444444444,0
Race,United States,Las Vegas,2023-11-19T06:00:00+00:00,9189,152,1,Red Bull Racing,,1,27.0,33.09900000000002,113.326,9,7,-2,HARD,0,3,102.56916666666666,95.614,18.05,17.99444444444444,0
Race,United States,Las Vegas,2023-11-19T06:00:00+00:00,9189,152,18,Aston Martin,,5,27.0,34.765000000000015,115.916,9,6,-3,HARD,0,3,103.437125,96.584,18.05,17.99444444444444,0
Race,United States,Las Vegas,2023-11-19T06:00:00+00:00,9189,152,55,Ferrari,,6,27.0,32.269000000000005,116.574,14,12,-2,HARD,0,3,103.220625,95.984,18.05,17.99444444444444,0
Race,United States,Las Vegas,2023-11-19T06:00:00+00:00,9189,152,63,Mercedes,,8,27.0,34.4735,115.234,7,5,-2,HARD,0,3,103.20049999999999,96.071,18.05,17.99444444444444,0
Race,United States,Las Vegas,2023-11-19T06:00:00+00:00,9189,152,14,Aston Martin,,9,27.0,30.33449999999999,117.613,16,14,-2,HARD,0,3,103.26408333333332,96.559,18.05,17.99444444444444,0
Race,United States,Las Vegas,2023-11-19T06:00:00+00:00,9189,152,24,Alfa Romeo,,15,27.0,22.26400000000001,119.78,11,11,0,MEDIUM,0,2,103.893125,97.375,18.05,17.99444444444444,0
Race,United States,Las Vegas,2023-11-19T06:00:00+00:00,9189,152,20,Haas F1 Team,,13,27.0,9.595499999999987,122.844,10,12,2,HARD,0,3,103.16995833333333,97.455,18.05,17.99444444444444,0
Race,United States,Las Vegas,2023-11-19T06:00:00+00:00,9189,152,27,Haas F1 Team,,19,27.0,8.21799999999999,123.608,14,16,2,HARD,0,3,104.37694736842107,97.565,18.05,17.99444444444444,0
Race,United States,Las Vegas,2023-11-19T06:00:00+00:00,9189,152,44,Mercedes,,7,27.0,8.902500000000003,125.187,7,9,2,HARD,0,3,101.76574999999998,95.716,18.05,17.99444444444444,0
Race,United States,Las Vegas,2023-11-19T06:00:00+00:00,9189,152,81,McLaren,,10,44.0,13.987499999999997,101.648,13,15,2,MEDIUM,1,3,98.28657142857143,95.49,18.05,17.99444444444444,0
Race,United Arab Emirates,Yas Island,2023-11-26T13:00:00+00:00,9197,70,20,Haas F1 Team,,20,6.0,18.778999999999996,93.881,18,16,-2,HARD,0,2,92.61123529411765,90.312,26.962820512820517,33.46089743589744,0
Race,United Arab Emirates,Yas Island,2023-11-26T13:00:00+00:00,9197,70,3,AlphaTauri,,11,8.0,18.814499999999995,93.072,8,10,2,HARD,0,2,91.51608333333336,89.815,26.962820512820517,33.46089743589744,0
Race,United Arab Emirates,Yas Island,2023-11-26T13:00:00+00:00,9197,70,14,Aston Martin,,7,13.0,18.083,93.378,10,7,-3,HARD,1,2,91.13554166666665,89.807,26.962820512820517,33.46089743589744,0
Race,United Arab Emirates,Yas Island,2023-11-26T13:00:00+00:00,9197,70,81,McLaren,,6,14.0,18.269000000000005,92.981,12,9,-3,HARD,0,2,91.07991304347824,89.602,26.962820512820517,33.46089743589744,0
Race,United Arab Emirates,Yas Island,2023-11-26T13:00:00+00:00,9197,70,27,Haas F1 Team,,15,14.0,18.817000000000007,93.719,15,15,0,HARD,0,2,91.9864,90.133,26.962820512820517,33.46089743589744,0
Race,United Arab Emirates,Yas Island,2023-11-26T13:00:00+00:00,9197,70,24,Alfa Romeo,,17,14.0,20.0715,93.899,17,15,-2,HARD,0,2,91.8565,90.353,26.962820512820517,33.46089743589744,0
Race,United Arab Emirates,Yas Island,2023-11-26T13:00:00+00:00,9197,70,4,McLaren,,5,15.0,22.176000000000002,92.394,11,8,-3,HARD,0,2,91.10431578947369,89.308,26.962820512820517,33.46089743589744,0
Race,United Arab Emirates,Yas Island,2023-11-26T13:00:00+00:00,9197,70,63,Mercedes,,3,15.0,18.51299999999999,92.471,12,9,-3,HARD,0,2,90.76475000000002,89.355,26.962820512820517,33.46089743589744,0
Race,United Arab Emirates,Yas Island,2023-11-26T13:00:00+00:00,9197,70,31,Alpine,,12,16.0,18.7145,93.667,15,13,-2,HARD,0,2,90.95341860465118,90.033,26.962820512820517,33.46089743589744,0
Race,United Arab Emirates,Yas Island,2023-11-26T13:00:00+00:00,9197,70,44,Mercedes,,9,16.0,18.962000000000003,93.651,12,10,-2,HARD,0,2,91.0579,89.37,26.962820512820517,33.46089743589744,0
Race,United Arab Emirates,Yas Island,2023-11-26T13:00:00+00:00,9197,70,2,Williams,,16,16.0,19.274,94.856,19,17,-2,HARD,0,2,91.71623076923075,90.281,26.962820512820517,33.46089743589744,0
Race,United Arab Emirates,Yas Island,2023-11-26T13:00:00+00:00,9197,70,1,Red Bull Racing,,1,17.0,18.961,92.558,6,5,-1,HARD,0,2,90.0824814814815,88.849,26.962820512820517,33.46089743589744,0
Race,United Arab Emirates,Yas Island,2023-11-26T13:00:00+00:00,9197,70,23,Williams,,14,17.0,19.528499999999994,94.282,14,16,2,HARD,0,2,91.28400000000002,89.987,26.962820512820517,33.46089743589744,0
Race,United Arab Emirates,Yas Island,2023-11-26T13:00:00+00:00,9197,70,16,Ferrari,,2,18.0,19.153999999999996,92.468,2,4,2,HARD,0,2,90.90216666666669,89.21,26.962820512820517,33.46089743589744,0
Race,United Arab Emirates,Yas Island,2023-11-26T13:00:00+00:00,9197,70,11,Red Bull Racing,,4,18.0,17.720500000000015,93.256,11,11,0,HARD,0,2,90.17576,88.909,26.962820512820517,33.46089743589744,0
Race,United Arab Emirates,Yas Island,2023-11-26T13:00:00+00:00,9197,70,10,Alpine,,13,18.0,19.0505,94.709,14,16,2,HARD,0,2,92.00746666666667,90.0,26.962820512820517,33.46089743589744,0
Race,United Arab Emirates,Yas Island,2023-11-26T13:00:00+00:00,9197,70,22,AlphaTauri,,8,23.0,18.964,92.567,11,11,0,HARD,0,2,90.44463888888889,89.256,26.962820512820517,33.46089743589744,0
Race,United Arab Emirates,Yas Island,2023-11-26T13:00:00+00:00,9197,70,18,Aston Martin,,10,23.0,17.337000000000003,92.915,14,14,0,HARD,1,2,91.05290000000001,88.86,26.962820512820517,33.46089743589744,0
Race,United Arab Emirates,Yas Island,2023-11-26T13:00:00+00:00,9197,70,20,Haas F1 Team,,20,23.0,18.5295,94.337,18,16,-2,HARD,0,3,91.17885714285715,89.934,26.962820512820517,33.46089743589744,0
Race,United Arab Emirates,Yas Island,2023-11-26T13:00:00+00:00,9197,70,55,Ferrari,,18,24.0,17.369500000000002,93.587,14,16,2,HARD,0,2,90.54427272727273,89.452,26.962820512820517,33.46089743589744,0
Race,United Arab Emirates,Yas Island,2023-11-26T13:00:00+00:00,9197,70,77,Alfa Romeo,,19,30.0,20.385000000000005,94.094,12,10,-2,MEDIUM,0,2,91.35064285714289,89.863,26.962820512820517,33.46089743589744,0
Race,United Arab Emirates,Yas Island,2023-11-26T13:00:00+00:00,9197,70,3,AlphaTauri,,11,32.0,19.141500000000008,92.484,8,10,2,HARD,0,3,90.05599999999998,88.571,26.962820512820517,33.46089743589744,0
Race,United Arab Emirates,Yas Island,2023-11-26T13:00:00+00:00,9197,70,10,Alpine,,13,33.0,20.444000000000003,92.563,14,16,2,HARD,0,3,90.42853846153845,89.016,26.962820512820517,33.46089743589744,0
Race,United Arab Emirates,Yas Island,2023-11-26T13:00:00+00:00,9197,70,4,McLaren,,5,34.0,17.60650000000001,91.445,11,8,-3,HARD,0,3,89.59284000000001,88.164,26.962820512820517,33.46089743589744,0
Race,United Arab Emirates,Yas Island,2023-11-26T13:00:00+00:00,9197,70,27,Haas F1 Team,,15,34.0,18.721499999999992,92.455,15,15,0,HARD,0,3,90.63276,89.217,26.962820512820517,33.46089743589744,0
Race,United Arab Emirates,Yas Island,2023-11-26T13:00:00+00:00,9197,70,63,Mercedes,,3,35.0,19.504499999999993,90.962,12,9,-3,HARD,0,3,89.56733333333334,88.187,26.962820512820517,33.46089743589744,0
Race,United Arab Emirates,Yas Island,2023-11-26T13:00:00+00:00,9197,70,16,Ferrari,,2,36.0,18.58099999999999,91.443,2,4,2,HARD,0,3,89.53604347826088,88.199,26.962820512820517,33.46089743589744,0
Race,United Arab Emirates,Yas Island,2023-11-26T13:00:00+00:00,9197,70,44,Mercedes,,9,36.0,18.35300000000001,91.324,12,10,-2,HARD,0,3,89.95039130434782,88.372,26.962820512820517,33.46089743589744,0
Race,United Arab Emirates,Yas Island,2023-11-26T13:00:00+00:00,9197,70,81,McLaren,,6,37.0,17.673999999999992,91.58,12,9,-3,HARD,0,3,89.54627272727274,88.138,26.962820512820517,33.46089743589744,0
Race,United Arab Emirates,Yas Island,2023-11-26T13:00:00+00:00,9197,70,14,Aston Martin,,7,37.0,19.8005,92.048,10,7,-3,HARD,1,3,89.78545454545454,88.256,26.962820512820517,33.46089743589744,0
Race,United Arab Emirates,Yas Island,2023-11-26T13:00:00+00:00,9197,70,24,Alfa Romeo,,17,38.0,19.9525,92.936,17,15,-2,MEDIUM,0,3,90.66290476190476,88.746,26.962820512820517,33.46089743589744,0
Race,United Arab Emirates,Yas Island,2023-11-26T13:00:00+00:00,9197,70,2,Williams,,16,42.0,19.388999999999996,92.696,19,17,-2,HARD,0,3,90.27458823529412,88.58,26.962820512820517,33.46089743589744,0
Race,United Arab Emirates,Yas Island,2023-11-26T13:00:00+00:00,9197,70,11,Red Bull Racing,,4,43.0,18.853499999999997,90.958,11,11,0,HARD,0,3,89.2176875,87.493,26.962820512820517,33.46089743589744,0
Race,United Arab Emirates,Yas Island,2023-11-26T13:00:00+00:00,9197,70,18,Aston Martin,,10,43.0,18.394999999999996,91.64,14,14,0,MEDIUM,0,3,90.1358125,88.05,26.962820512820517,33.46089743589744,0
Race,United Arab Emirates,Yas Island,2023-11-26T13:00:00+00:00,9197,70,1,Red Bull Racing,,1,44.0,18.977999999999994,91.391,6,5,-1,HARD,0,3,89.20093333333335,86.993,26.962820512820517,33.46089743589744,0
Race,United Arab Emirates,Yas Island,2023-11-26T13:00:00+00:00,9197,70,23,Williams,,14,44.0,19.375000000000014,92.175,14,16,2,HARD,0,3,90.05046666666667,87.845,26.962820512820517,33.46089743589744,0
Race,United Arab Emirates,Yas Island,2023-11-26T13:00:00+00:00,9197,70,55,Ferrari,,18,57.0,,91.454,14,16,2,SOFT,0,3,110.847,110.847,26.962820512820517,33.46089743589744,0
