race_name,country,location,race_date,session_key,circuit_key,driver_number,team_name,grid_position,final_position,pit_lap,pit_duration,lap_duration_before_pit,position_before_pit,position_after_pit,pit_position_loss,compound,tire_age_at_start,stint_number,avg_lap_stint,best_lap_stint,avg_air_temp,avg_track_temp,max_rainfall
Race,Bahrain,Sakhir,2024-03-02T15:00:00+00:00,9472,63,27,Haas F1 Team,,16,2.0,25.28800000000001,113.929,18,20,2,HARD,0,2,99.71515789473683,97.317,18.22738853503185,23.652866242038222,0
Race,Bahrain,Sakhir,2024-03-02T15:00:00+00:00,9472,63,24,Kick Sauber,,11,10.0,20.221000000000004,101.849,12,10,-2,HARD,0,2,98.9621052631579,96.365,18.22738853503185,23.652866242038222,0
Race,Bahrain,Sakhir,2024-03-02T15:00:00+00:00,9472,63,18,Aston Martin,,10,10.0,18.512,102.112,19,17,-2,HARD,0,2,99.03122222222223,96.494,18.22738853503185,23.652866242038222,0
Race,Bahrain,Sakhir,2024-03-02T15:00:00+00:00,9472,63,31,Alpine,,17,11.0,19.393500000000003,101.642,17,16,-1,HARD,0,2,99.47485,97.363,18.22738853503185,23.652866242038222,0
Race,Bahrain,Sakhir,2024-03-02T15:00:00+00:00,9472,63,2,Williams,,20,11.0,2.261499999999984,161.86,14,14,0,HARD,0,2,100.79561111111111,97.594,18.22738853503185,23.652866242038222,0
Race,Bahrain,Sakhir,2024-03-02T15:00:00+00:00,9472,63,63,Mercedes,,5,12.0,19.618999999999986,100.515,9,11,2,HARD,0,2,98.1692,96.234,18.22738853503185,23.652866242038222,0
Race,Bahrain,Sakhir,2024-03-02T15:00:00+00:00,9472,63,16,Ferrari,,4,12.0,18.386500000000012,101.737,8,10,2,HARD,0,2,97.91043478260868,96.432,18.22738853503185,23.652866242038222,0
Race,Bahrain,Sakhir,2024-03-02T15:00:00+00:00,9472,63,20,Haas F1 Team,,12,12.0,20.692999999999998,101.088,14,16,2,HARD,0,2,99.12776190476191,96.89,18.22738853503185,23.652866242038222,0
Race,Bahrain,Sakhir,2024-03-02T15:00:00+00:00,9472,63,11,Red Bull Racing,,2,13.0,19.682500000000005,100.277,4,4,0,HARD,0,2,97.29870833333332,95.606,18.22738853503185,23.652866242038222,0
Race,Bahrain,Sakhir,2024-03-02T15:00:00+00:00,9472,63,81,McLaren,,8,13.0,19.92149999999998,100.739,6,8,2,HARD,0,2,97.99377272727271,96.427,18.22738853503185,23.652866242038222,0
Race,Bahrain,Sakhir,2024-03-02T15:00:00+00:00,9472,63,44,Mercedes,,7,13.0,19.611499999999992,100.889,7,9,2,HARD,0,2,98.05595238095236,96.264,18.22738853503185,23.652866242038222,0
Race,Bahrain,Sakhir,2024-03-02T15:00:00+00:00,9472,63,77,Kick Sauber,,19,13.0,21.28150000000001,103.145,17,15,-2,HARD,0,2,99.42894444444444,96.454,18.22738853503185,23.652866242038222,0
Race,Bahrain,Sakhir,2024-03-02T15:00:00+00:00,9472,63,10,Alpine,,18,13.0,24.992500000000007,101.456,13,15,2,HARD,0,2,99.59847368421052,97.492,18.22738853503185,23.652866242038222,0
Race,Bahrain,Sakhir,2024-03-02T15:00:00+00:00,9472,63,4,McLaren,,6,14.0,18.996499999999983,100.635,4,4,0,HARD,0,2,97.96010000000001,96.416,18.22738853503185,23.652866242038222,0
Race,Bahrain,Sakhir,2024-03-02T15:00:00+00:00,9472,63,3,RB,,13,14.0,19.786500000000004,102.173,8,10,2,HARD,0,2,98.94754545454545,97.07,18.22738853503185,23.652866242038222,0
Race,Bahrain,Sakhir,2024-03-02T15:00:00+00:00,9472,63,55,Ferrari,,3,15.0,19.160499999999985,99.753,17,5,-12,HARD,0,2,97.41861904761906,95.507,18.22738853503185,23.652866242038222,0
Race,Bahrain,Sakhir,2024-03-02T15:00:00+00:00,9472,63,22,RB,,14,15.0,20.260999999999996,101.138,8,10,2,HARD,0,2,98.95420000000001,97.359,18.22738853503185,23.652866242038222,0
Race,Bahrain,Sakhir,2024-03-02T15:00:00+00:00,9472,63,14,Aston Martin,,9,16.0,19.778499999999994,101.101,3,3,0,HARD,0,2,98.24034615384616,96.799,18.22738853503185,23.652866242038222,0
Race,Bahrain,Sakhir,2024-03-02T15:00:00+00:00,9472,63,23,Williams,,15,16.0,20.0595,101.171,7,9,2,HARD,0,2,99.08761904761906,97.392,18.22738853503185,23.652866242038222,0
Race,Bahrain,Sakhir,2024-03-02T15:00:00+00:00,9472,63,1,Red Bull Racing,,1,18.0,20.264499999999998,99.896,5,7,2,HARD,0,2,96.87634999999999,95.16,18.22738853503185,23.652866242038222,0
Race,Bahrain,Sakhir,2024-03-02T15:00:00+00:00,9472,63,27,Haas F1 Team,,16,21.0,19.870999999999995,100.798,18,20,2,HARD,0,3,98.15328571428574,96.548,18.22738853503185,23.652866242038222,0
Race,Bahrain,Sakhir,2024-03-02T15:00:00+00:00,9472,63,18,Aston Martin,,10,28.0,18.358000000000004,100.71,19,17,-2,HARD,0,3,97.10546666666667,95.632,18.22738853503185,23.652866242038222,0
Race,Bahrain,Sakhir,2024-03-02T15:00:00+00:00,9472,63,24,Kick Sauber,,11,29.0,19.009500000000003,100.675,12,10,-2,HARD,0,3,97.57828571428571,95.458,18.22738853503185,23.652866242038222,0
Race,Bahrain,Sakhir,2024-03-02T15:00:00+00:00,9472,63,2,Williams,,20,29.0,23.456000000000003,100.535,14,14,0,HARD,0,3,99.01258333333334,95.715,18.22738853503185,23.652866242038222,0
Race,Bahrain,Sakhir,2024-03-02T15:00:00+00:00,9472,63,31,Alpine,,17,31.0,20.273500000000013,101.21,17,16,-1,HARD,0,3,97.94253846153848,96.226,18.22738853503185,23.652866242038222,0
Race,Bahrain,Sakhir,2024-03-02T15:00:00+00:00,9472,63,63,Mercedes,,5,32.0,19.6455,99.405,9,11,2,HARD,0,3,96.54876923076924,95.065,18.22738853503185,23.652866242038222,0
Race,Bahrain,Sakhir,2024-03-02T15:00:00+00:00,9472,63,77,Kick Sauber,,19,31.0,71.2585,101.252,17,15,-2,HARD,0,3,99.85353846153846,96.202,18.22738853503185,23.652866242038222,0
Race,Bahrain,Sakhir,2024-03-02T15:00:00+00:00,9472,63,10,Alpine,,18,32.0,21.498000000000005,100.432,13,15,2,HARD,0,3,98.70583333333333,96.112,18.22738853503185,23.652866242038222,0
Race,Bahrain,Sakhir,2024-03-02T15:00:00+00:00,9472,63,20,Haas F1 Team,,12,33.0,18.587500000000006,100.565,14,16,2,HARD,0,3,97.34116666666667,95.57,18.22738853503185,23.652866242038222,0
Race,Bahrain,Sakhir,2024-03-02T15:00:00+00:00,9472,63,4,McLaren,,6,34.0,19.846999999999994,99.626,4,4,0,HARD,0,3,96.41708333333332,94.476,18.22738853503185,23.652866242038222,0
Race,Bahrain,Sakhir,2024-03-02T15:00:00+00:00,9472,63,44,Mercedes,,7,34.0,17.381500000000003,99.696,7,9,2,HARD,0,3,96.22941666666668,94.722,18.22738853503185,23.652866242038222,0
Race,Bahrain,Sakhir,2024-03-02T15:00:00+00:00,9472,63,16,Ferrari,,4,35.0,19.313999999999993,99.614,8,10,2,HARD,0,3,96.13273913043481,94.09,18.22738853503185,23.652866242038222,0
Race,Bahrain,Sakhir,2024-03-02T15:00:00+00:00,9472,63,81,McLaren,,8,35.0,22.521,99.211,6,8,2,HARD,0,3,96.55834782608696,94.774,18.22738853503185,23.652866242038222,0
Race,Bahrain,Sakhir,2024-03-02T15:00:00+00:00,9472,63,22,RB,,14,35.0,18.146500000000003,100.835,8,10,2,HARD,0,3,97.61972727272727,95.833,18.22738853503185,23.652866242038222,0
Race,Bahrain,Sakhir,2024-03-02T15:00:00+00:00,9472,63,55,Ferrari,,3,36.0,18.331999999999994,99.274,17,5,-12,HARD,0,3,95.9865909090909,94.507,18.22738853503185,23.652866242038222,0
Race,Bahrain,Sakhir,2024-03-02T15:00:00+00:00,9472,63,3,RB,,13,36.0,19.116000000000014,100.595,8,10,2,SOFT,0,3,97.14157142857144,95.163,18.22738853503185,23.652866242038222,0
Race,Bahrain,Sakhir,2024-03-02T15:00:00+00:00,9472,63,11,Red Bull Racing,,2,37.0,18.723500000000016,99.365,4,4,0,SOFT,0,3,95.97866666666668,94.364,18.22738853503185,23.652866242038222,0
Race,Bahrain,Sakhir,2024-03-02T15:00:00+00:00,9472,63,23,Williams,,15,37.0,19.40100000000001,100.333,7,9,2,HARD,0,3,97.35430000000001,95.723,18.22738853503185,23.652866242038222,0
Race,Bahrain,Sakhir,2024-03-02T15:00:00+00:00,9472,63,1,Red Bull Racing,,1,38.0,20.524,99.234,5,7,2,SOFT,0,3,95.7728,92.608,18.22738853503185,23.652866242038222,0
Race,Bahrain,Sakhir,2024-03-02T15:00:00+00:00,9472,63,14,Aston Martin,,9,42.0,19.215000000000003,100.261,3,3,0,HARD,0,3,96.36156249999999,94.199,18.22738853503185,23.652866242038222,0
Race,Bahrain,Sakhir,2024-03-02T15:00:00+00:00,9472,63,2,Williams,,20,41.0,23.006,99.817,14,14,0,SOFT,0,4,97.59713333333335,94.735,18.22738853503185,23.652866242038222,0
Race,Bahrain,Sakhir,2024-03-02T15:00:00+00:00,9472,63,27,Haas F1 Team,,16,42.0,18.4435,99.569,18,20,2,SOFT,0,4,96.86746666666667,94.834,18.22738853503185,23.652866242038222,0
Race,Bahrain,Sakhir,2024-03-02T15:00:00+00:00,9472,63,10,Alpine,,18,44.0,19.432999999999993,99.291,13,15,2,SOFT,0,4,97.08853846153845,94.805,18.22738853503185,23.652866242038222,0
Race,Saudi Arabia,Jeddah,2024-03-09T17:00:00+00:00,9480,149,1,Red Bull Racing,,1,8.0,47.126000000000005,122.919,1,1,0,HARD,0,2,96.63293023255815,91.773,25.528082191780825,31.59315068493151,0
Race,Saudi Arabia,Jeddah,2024-03-09T17:00:00+00:00,9480,149,11,Red Bull Racing,,2,8.0,45.613500000000016,124.615,2,4,2,HARD,0,2,96.7333953488372,92.273,25.528082191780825,31.59315068493151,0
Race,Saudi Arabia,Jeddah,2024-03-09T17:00:00+00:00,9480,149,16,Ferrari,,3,8.0,44.66650000000001,124.831,4,6,2,HARD,0,2,96.92634883720929,91.632,25.528082191780825,31.59315068493151,0
Race,Saudi Arabia,Jeddah,2024-03-09T17:00:00+00:00,9480,149,14,Aston Martin,,5,8.0,44.3665,126.883,6,6,0,HARD,1,2,97.20327906976745,92.387,25.528082191780825,31.59315068493151,0
Race,Saudi Arabia,Jeddah,2024-03-09T17:00:00+00:00,9480,149,81,McLaren,,4,8.0,42.81399999999999,126.72,6,6,0,HARD,1,2,97.13579069767442,92.31,25.528082191780825,31.59315068493151,0
Race,Saudi Arabia,Jeddah,2024-03-09T17:00:00+00:00,9480,149,63,Mercedes,,6,8.0,43.41799999999998,128.836,8,8,0,HARD,0,2,97.1699069767442,92.254,25.528082191780825,31.59315068493151,0
Race,Saudi Arabia,Jeddah,2024-03-09T17:00:00+00:00,9480,149,20,Haas F1 Team,,12,8.0,41.32900000000001,131.564,13,13,0,HARD,0,2,97.9962093023256,92.338,25.528082191780825,31.59315068493151,0
Race,Saudi Arabia,Jeddah,2024-03-09T17:00:00+00:00,9480,149,22,RB,,14,8.0,40.15700000000004,130.914,13,13,0,HARD,0,2,98.46530952380954,93.523,25.528082191780825,31.59315068493151,0
Race,Saudi Arabia,Jeddah,2024-03-09T17:00:00+00:00,9480,149,38,Ferrari,,7,8.0,40.44550000000001,131.168,12,10,-2,HARD,0,2,97.02030232558138,92.186,25.528082191780825,31.59315068493151,0
Race,Saudi Arabia,Jeddah,2024-03-09T17:00:00+00:00,9480,149,23,Williams,,11,8.0,41.46300000000002,131.613,14,14,0,HARD,0,2,98.04020930232556,92.307,25.528082191780825,31.59315068493151,0
Race,Saudi Arabia,Jeddah,2024-03-09T17:00:00+00:00,9480,149,77,Kick Sauber,,17,8.0,39.62699999999998,133.58,16,16,0,HARD,0,2,100.65539285714286,94.857,25.528082191780825,31.59315068493151,0
Race,Saudi Arabia,Jeddah,2024-03-09T17:00:00+00:00,9480,149,2,Williams,,15,8.0,39.52250000000001,134.35,17,17,0,HARD,0,2,98.23828571428571,93.026,25.528082191780825,31.59315068493151,0
Race,Saudi Arabia,Jeddah,2024-03-09T17:00:00+00:00,9480,149,31,Alpine,,13,8.0,38.14349999999999,132.702,15,15,0,HARD,0,2,98.23142857142855,93.481,25.528082191780825,31.59315068493151,0
Race,Saudi Arabia,Jeddah,2024-03-09T17:00:00+00:00,9480,149,3,RB,,16,8.0,62.476,132.474,14,16,2,HARD,0,2,98.68016666666666,93.323,25.528082191780825,31.59315068493151,0
Race,Saudi Arabia,Jeddah,2024-03-09T17:00:00+00:00,9480,149,27,Haas F1 Team,,10,34.0,17.009500000000003,96.601,8,10,2,HARD,0,2,93.90888235294116,92.366,25.528082191780825,31.59315068493151,0
Race,Saudi Arabia,Jeddah,2024-03-09T17:00:00+00:00,9480,149,77,Kick Sauber,,17,36.0,18.776999999999987,97.864,16,16,0,SOFT,0,3,94.66242857142858,92.706,25.528082191780825,31.59315068493151,0
Race,Saudi Arabia,Jeddah,2024-03-09T17:00:00+00:00,9480,149,44,Mercedes,,9,37.0,15.628500000000003,95.967,5,5,0,SOFT,3,2,93.558,91.746,25.528082191780825,31.59315068493151,0
Race,Saudi Arabia,Jeddah,2024-03-09T17:00:00+00:00,9480,149,4,McLaren,,8,38.0,16.4585,96.675,2,4,2,SOFT,1,2,93.70799999999998,91.944,25.528082191780825,31.59315068493151,0
Race,Saudi Arabia,Jeddah,2024-03-09T17:00:00+00:00,9480,149,24,Kick Sauber,,18,42.0,42.679,96.379,11,13,2,SOFT,0,2,98.3895,92.208,25.528082191780825,31.59315068493151,0
Race,Australia,Melbourne,2024-03-24T04:00:00+00:00,9488,10,3,RB,,12,5.0,11.470500000000001,84.095,14,16,2,HARD,0,2,85.69696,82.83,20.62222222222222,38.40208333333333,0
Race,Australia,Melbourne,2024-03-24T04:00:00+00:00,9488,10,23,Williams,,11,6.0,11.679500000000004,83.916,10,12,2,HARD,0,2,85.80409090909092,82.607,20.62222222222222,38.40208333333333,0
Race,Australia,Melbourne,2024-03-24T04:00:00+00:00,9488,10,24,Kick Sauber,,15,6.0,11.276499999999999,84.161,11,11,0,HARD,1,2,85.94703333333334,82.602,20.62222222222222,38.40208333333333,0
Race,Australia,Melbourne,2024-03-24T04:00:00+00:00,9488,10,44,Mercedes,,18,7.0,11.1935,83.165,12,12,0,HARD,0,2,85.27288888888889,82.444,20.62222222222222,38.40208333333333,0
Race,Australia,Melbourne,2024-03-24T04:00:00+00:00,9488,10,20,Haas F1 Team,,10,7.0,10.978499999999997,83.954,12,12,0,HARD,0,2,85.4662962962963,82.809,20.62222222222222,38.40208333333333,0
Race,Australia,Melbourne,2024-03-24T04:00:00+00:00,9488,10,63,Mercedes,,17,8.0,11.372500000000002,82.764,5,7,2,HARD,0,2,84.22044736842105,82.097,20.62222222222222,38.40208333333333,0
Race,Australia,Melbourne,2024-03-24T04:00:00+00:00,9488,10,18,Aston Martin,,7,8.0,11.879999999999995,83.019,10,8,-2,HARD,1,2,85.03253333333333,82.628,20.62222222222222,38.40208333333333,0
Race,Australia,Melbourne,2024-03-24T04:00:00+00:00,9488,10,77,Kick Sauber,,14,8.0,39.816500000000005,83.738,17,17,0,HARD,0,2,86.14648275862069,82.34,20.62222222222222,38.40208333333333,0
Race,Australia,Melbourne,2024-03-24T04:00:00+00:00,9488,10,81,McLaren,,4,9.0,11.075500000000005,83.052,6,4,-2,HARD,1,2,84.07970967741934,81.597,20.62222222222222,38.40208333333333,0
Race,Australia,Melbourne,2024-03-24T04:00:00+00:00,9488,10,16,Ferrari,,2,9.0,10.614000000000004,82.983,5,3,-2,HARD,0,2,84.17399999999999,81.722,20.62222222222222,38.40208333333333,0
Race,Australia,Melbourne,2024-03-24T04:00:00+00:00,9488,10,22,RB,,8,9.0,11.573499999999996,83.381,11,11,0,HARD,0,2,85.20107142857144,82.673,20.62222222222222,38.40208333333333,0
Race,Australia,Melbourne,2024-03-24T04:00:00+00:00,9488,10,31,Alpine,,16,9.0,11.738500000000002,82.98,13,15,2,HARD,0,2,89.17987500000001,82.882,20.62222222222222,38.40208333333333,0
Race,Australia,Melbourne,2024-03-24T04:00:00+00:00,9488,10,4,McLaren,,3,14.0,12.420000000000002,83.153,4,4,0,HARD,1,2,83.96048148148148,81.446,20.62222222222222,38.40208333333333,0
Race,Australia,Melbourne,2024-03-24T04:00:00+00:00,9488,10,11,Red Bull Racing,,5,14.0,12.906499999999994,83.664,8,6,-2,HARD,0,2,85.05454545454546,81.495,20.62222222222222,38.40208333333333,0
Race,Australia,Melbourne,2024-03-24T04:00:00+00:00,9488,10,55,Ferrari,,1,16.0,3.117500000000007,82.62,1,1,0,HARD,0,2,83.82565384615387,81.078,20.62222222222222,38.40208333333333,0
Race,Australia,Melbourne,2024-03-24T04:00:00+00:00,9488,10,31,Alpine,,16,16.0,15.586500000000015,83.091,13,15,2,HARD,0,3,85.58551851851851,82.587,20.62222222222222,38.40208333333333,0
Race,Australia,Melbourne,2024-03-24T04:00:00+00:00,9488,10,14,Aston Martin,,6,17.0,21.628,83.239,2,4,2,MEDIUM,1,2,84.76508,81.98,20.62222222222222,38.40208333333333,0
Race,Australia,Melbourne,2024-03-24T04:00:00+00:00,9488,10,27,Haas F1 Team,,9,17.0,28.508500000000012,84.025,7,7,0,MEDIUM,0,2,85.57668421052634,82.152,20.62222222222222,38.40208333333333,0
Race,Australia,Melbourne,2024-03-24T04:00:00+00:00,9488,10,10,Alpine,,13,17.0,30.1605,85.367,14,14,0,HARD,0,2,85.76212,82.674,20.62222222222222,38.40208333333333,0
Race,Australia,Melbourne,2024-03-24T04:00:00+00:00,9488,10,23,Williams,,11,27.0,11.072999999999993,83.525,10,12,2,HARD,0,3,84.20496774193548,81.618,20.62222222222222,38.40208333333333,0
Race,Australia,Melbourne,2024-03-24T04:00:00+00:00,9488,10,3,RB,,12,29.0,10.108499999999992,83.863,14,16,2,HARD,0,3,84.23662068965517,81.239,20.62222222222222,38.40208333333333,0
Race,Australia,Melbourne,2024-03-24T04:00:00+00:00,9488,10,20,Haas F1 Team,,10,33.0,11.834500000000006,83.396,12,12,0,HARD,0,3,84.25648,81.082,20.62222222222222,38.40208333333333,0
Race,Australia,Melbourne,2024-03-24T04:00:00+00:00,9488,10,16,Ferrari,,2,34.0,10.975499999999997,82.022,5,3,-2,HARD,0,3,82.67384,79.813,20.62222222222222,38.40208333333333,0
Race,Australia,Melbourne,2024-03-24T04:00:00+00:00,9488,10,11,Red Bull Racing,,5,35.0,14.12299999999999,82.962,8,6,-2,HARD,0,3,84.20170833333333,80.388,20.62222222222222,38.40208333333333,0
Race,Australia,Melbourne,2024-03-24T04:00:00+00:00,9488,10,27,Haas F1 Team,,9,35.0,12.092500000000001,83.143,7,7,0,HARD,0,3,85.17291666666667,81.145,20.62222222222222,38.40208333333333,0
Race,Australia,Melbourne,2024-03-24T04:00:00+00:00,9488,10,24,Kick Sauber,,15,35.0,30.77600000000001,83.068,11,11,0,HARD,0,3,85.83604347826086,81.327,20.62222222222222,38.40208333333333,0
Race,Australia,Melbourne,2024-03-24T04:00:00+00:00,9488,10,22,RB,,8,36.0,10.93950000000001,83.289,11,11,0,HARD,0,3,85.0965652173913,81.134,20.62222222222222,38.40208333333333,0
Race,Australia,Melbourne,2024-03-24T04:00:00+00:00,9488,10,77,Kick Sauber,,14,36.0,12.722999999999999,83.446,17,17,0,HARD,0,3,85.13363636363636,81.422,20.62222222222222,38.40208333333333,0
Race,Australia,Melbourne,2024-03-24T04:00:00+00:00,9488,10,18,Aston Martin,,7,37.0,11.99900000000001,83.207,10,8,-2,HARD,0,3,85.19072727272727,80.93,20.62222222222222,38.40208333333333,0
Race,Australia,Melbourne,2024-03-24T04:00:00+00:00,9488,10,81,McLaren,,4,39.0,10.714500000000001,85.203,6,4,-2,HARD,1,3,84.115,80.199,20.62222222222222,38.40208333333333,0
Race,Australia,Melbourne,2024-03-24T04:00:00+00:00,9488,10,4,McLaren,,3,40.0,11.784500000000008,81.901,4,4,0,HARD,1,3,83.08363157894736,79.915,20.62222222222222,38.40208333333333,0
Race,Australia,Melbourne,2024-03-24T04:00:00+00:00,9488,10,55,Ferrari,,1,41.0,11.180999999999997,81.443,1,1,0,HARD,0,3,83.4093888888889,80.031,20.62222222222222,38.40208333333333,0
Race,Australia,Melbourne,2024-03-24T04:00:00+00:00,9488,10,14,Aston Martin,,6,41.0,13.95750000000001,82.714,2,4,2,HARD,1,3,85.85111111111111,80.493,20.62222222222222,38.40208333333333,0
Race,Australia,Melbourne,2024-03-24T04:00:00+00:00,9488,10,10,Alpine,,13,41.0,17.998499999999993,85.02,14,14,0,HARD,0,3,86.04376470588235,81.09,20.62222222222222,38.40208333333333,0
Race,Australia,Melbourne,2024-03-24T04:00:00+00:00,9488,10,31,Alpine,,16,42.0,12.513999999999996,83.162,13,15,2,HARD,7,4,86.47,81.354,20.62222222222222,38.40208333333333,0
Race,Australia,Melbourne,2024-03-24T04:00:00+00:00,9488,10,63,Mercedes,,17,45.0,12.0775,82.097,5,7,2,HARD,0,3,82.48166666666667,80.284,20.62222222222222,38.40208333333333,0
Race,Japan,Suzuka,2024-04-07T05:00:00+00:00,9496,46,1,Red Bull Racing,,1,2.0,1559.0520000000001,131.236,3,1,-2,MEDIUM,1,2,210.1449333333333,96.437,21.691160220994476,37.50110497237569,0
Race,Japan,Suzuka,2024-04-07T05:00:00+00:00,9496,46,11,Red Bull Racing,,2,2.0,1558.9705000000001,133.193,4,2,-2,MEDIUM,1,2,218.43185714285715,96.568,21.691160220994476,37.50110497237569,0
Race,Japan,Suzuka,2024-04-07T05:00:00+00:00,9496,46,4,McLaren,,5,2.0,1557.301,135.293,4,4,0,MEDIUM,0,2,266.59950000000003,96.853,21.691160220994476,37.50110497237569,0
Race,Japan,Suzuka,2024-04-07T05:00:00+00:00,9496,46,55,Ferrari,,3,2.0,1559.517,138.083,2,2,0,MEDIUM,0,2,218.3557142857143,97.225,21.691160220994476,37.50110497237569,0
Race,Japan,Suzuka,2024-04-07T05:00:00+00:00,9496,46,14,Aston Martin,,6,2.0,1562.791,141.126,7,4,-3,SOFT,1,2,238.57591666666667,97.453,21.691160220994476,37.50110497237569,0
Race,Japan,Suzuka,2024-04-07T05:00:00+00:00,9496,46,81,McLaren,,8,2.0,1561.7855,144.812,11,9,-2,MEDIUM,1,2,251.09463636363637,97.631,21.691160220994476,37.50110497237569,0
Race,Japan,Suzuka,2024-04-07T05:00:00+00:00,9496,46,44,Mercedes,,9,2.0,1554.81,153.173,6,8,2,HARD,0,2,174.93613636363636,98.096,21.691160220994476,37.50110497237569,0
Race,Japan,Suzuka,2024-04-07T05:00:00+00:00,9496,46,16,Ferrari,,4,2.0,1557.5425,155.059,1,3,2,MEDIUM,0,2,165.07236,97.48,21.691160220994476,37.50110497237569,0
Race,Japan,Suzuka,2024-04-07T05:00:00+00:00,9496,46,63,Mercedes,,7,2.0,1552.4175,160.029,7,9,2,HARD,0,2,178.06466666666665,97.737,21.691160220994476,37.50110497237569,0
Race,Japan,Suzuka,2024-04-07T05:00:00+00:00,9496,46,77,Kick Sauber,,14,2.0,1551.493,165.179,17,15,-2,SOFT,0,2,431.3196,98.279,21.691160220994476,37.50110497237569,0
Race,Japan,Suzuka,2024-04-07T05:00:00+00:00,9496,46,27,Haas F1 Team,,11,2.0,1550.421,163.349,18,16,-2,SOFT,1,2,515.8692500000001,100.374,21.691160220994476,37.50110497237569,0
Race,Japan,Suzuka,2024-04-07T05:00:00+00:00,9496,46,22,RB,,10,2.0,,167.931,17,9,-8,SOFT,0,2,120.3374,98.887,21.691160220994476,37.50110497237569,0
Race,Japan,Suzuka,2024-04-07T05:00:00+00:00,9496,46,31,Alpine,,15,2.0,1556.155,170.671,9,11,2,HARD,0,2,192.2770555555556,99.541,21.691160220994476,37.50110497237569,0
Race,Japan,Suzuka,2024-04-07T05:00:00+00:00,9496,46,10,Alpine,,16,2.0,1555.6970000000001,173.696,13,13,0,HARD,0,2,211.00600000000006,99.473,21.691160220994476,37.50110497237569,0
Race,Japan,Suzuka,2024-04-07T05:00:00+00:00,9496,46,18,Aston Martin,,12,2.0,1551.183,180.068,12,14,2,SOFT,0,2,248.8158181818182,98.61,21.691160220994476,37.50110497237569,0
Race,Japan,Suzuka,2024-04-07T05:00:00+00:00,9496,46,20,Haas F1 Team,,13,2.0,1546.201,185.724,12,9,-3,MEDIUM,0,2,177.98885714285717,99.262,21.691160220994476,37.50110497237569,0
Race,Japan,Suzuka,2024-04-07T05:00:00+00:00,9496,46,2,Williams,,17,2.0,1543.74,188.975,15,13,-2,HARD,0,2,177.89880952380952,98.968,21.691160220994476,37.50110497237569,0
Race,Japan,Suzuka,2024-04-07T05:00:00+00:00,9496,46,24,Kick Sauber,,18,2.0,1537.1275,195.562,14,14,0,SOFT,0,2,371.922,99.597,21.691160220994476,37.50110497237569,0
Race,Japan,Suzuka,2024-04-07T05:00:00+00:00,9496,46,27,Haas F1 Team,,11,6.0,18.153999999999996,101.491,18,16,-2,HARD,0,3,99.8462142857143,96.751,21.691160220994476,37.50110497237569,0
Race,Japan,Suzuka,2024-04-07T05:00:00+00:00,9496,46,77,Kick Sauber,,14,7.0,18.451999999999998,101.288,17,15,-2,HARD,0,3,100.1405,96.706,21.691160220994476,37.50110497237569,0
Race,Japan,Suzuka,2024-04-07T05:00:00+00:00,9496,46,22,RB,,10,8.0,18.959999999999994,100.998,17,9,-8,HARD,0,3,100.37486666666663,97.17,21.691160220994476,37.50110497237569,0
Race,Japan,Suzuka,2024-04-07T05:00:00+00:00,9496,46,24,Kick Sauber,,18,8.0,18.385000000000005,102.874,14,14,0,HARD,0,3,103.54475000000001,97.16,21.691160220994476,37.50110497237569,0
Race,Japan,Suzuka,2024-04-07T05:00:00+00:00,9496,46,4,McLaren,,5,12.0,17.382499999999993,100.76,4,4,0,HARD,0,3,98.76186666666666,95.761,21.691160220994476,37.50110497237569,0
Race,Japan,Suzuka,2024-04-07T05:00:00+00:00,9496,46,24,Kick Sauber,,18,12.0,,101.117,14,14,0,HARD,4,4,128.193,128.193,21.691160220994476,37.50110497237569,0
Race,Japan,Suzuka,2024-04-07T05:00:00+00:00,9496,46,81,McLaren,,8,13.0,19.179000000000016,101.083,11,9,-2,HARD,0,3,98.65745,96.747,21.691160220994476,37.50110497237569,0
Race,Japan,Suzuka,2024-04-07T05:00:00+00:00,9496,46,18,Aston Martin,,12,13.0,16.4345,101.638,12,14,2,MEDIUM,0,3,100.934,97.935,21.691160220994476,37.50110497237569,0
Race,Japan,Suzuka,2024-04-07T05:00:00+00:00,9496,46,14,Aston Martin,,6,14.0,17.409499999999994,100.816,7,4,-3,MEDIUM,0,3,98.47810000000001,96.821,21.691160220994476,37.50110497237569,0
Race,Japan,Suzuka,2024-04-07T05:00:00+00:00,9496,46,11,Red Bull Racing,,2,16.0,15.658999999999992,100.906,4,2,-2,MEDIUM,0,3,98.15905555555555,96.206,21.691160220994476,37.50110497237569,0
Race,Japan,Suzuka,2024-04-07T05:00:00+00:00,9496,46,55,Ferrari,,3,16.0,17.705000000000013,100.439,2,2,0,MEDIUM,1,3,98.05523809523811,96.469,21.691160220994476,37.50110497237569,0
Race,Japan,Suzuka,2024-04-07T05:00:00+00:00,9496,46,1,Red Bull Racing,,1,17.0,17.930999999999997,100.272,3,1,-2,MEDIUM,0,3,97.78194444444443,95.617,21.691160220994476,37.50110497237569,0
Race,Japan,Suzuka,2024-04-07T05:00:00+00:00,9496,46,10,Alpine,,16,17.0,17.807000000000002,103.476,13,13,0,MEDIUM,0,3,100.2956875,98.374,21.691160220994476,37.50110497237569,0
Race,Japan,Suzuka,2024-04-07T05:00:00+00:00,9496,46,31,Alpine,,15,20.0,18.375500000000002,102.283,9,11,2,HARD,0,3,100.16085714285714,97.716,21.691160220994476,37.50110497237569,0
Race,Japan,Suzuka,2024-04-07T05:00:00+00:00,9496,46,63,Mercedes,,7,23.0,17.530000000000015,100.895,7,9,2,HARD,0,3,97.904,95.149,21.691160220994476,37.50110497237569,0
Race,Japan,Suzuka,2024-04-07T05:00:00+00:00,9496,46,22,RB,,10,23.0,17.974500000000006,101.916,17,9,-8,HARD,0,4,98.00983333333332,96.342,21.691160220994476,37.50110497237569,0
Race,Japan,Suzuka,2024-04-07T05:00:00+00:00,9496,46,77,Kick Sauber,,14,23.0,21.4285,102.311,17,15,-2,HARD,0,4,98.62923333333333,96.608,21.691160220994476,37.50110497237569,0
Race,Japan,Suzuka,2024-04-07T05:00:00+00:00,9496,46,20,Haas F1 Team,,13,23.0,22.167,102.164,12,9,-3,HARD,0,3,98.61823333333334,96.654,21.691160220994476,37.50110497237569,0
Race,Japan,Suzuka,2024-04-07T05:00:00+00:00,9496,46,2,Williams,,17,23.0,21.801500000000004,101.989,15,13,-2,HARD,0,3,99.98958333333333,96.59,21.691160220994476,37.50110497237569,0
Race,Japan,Suzuka,2024-04-07T05:00:00+00:00,9496,46,18,Aston Martin,,12,23.0,17.198499999999996,102.328,12,14,2,HARD,0,4,99.35183333333333,96.761,21.691160220994476,37.50110497237569,0
Race,Japan,Suzuka,2024-04-07T05:00:00+00:00,9496,46,44,Mercedes,,9,24.0,16.677999999999997,101.466,6,8,2,HARD,0,3,97.733375,95.432,21.691160220994476,37.50110497237569,0
Race,Japan,Suzuka,2024-04-07T05:00:00+00:00,9496,46,16,Ferrari,,4,27.0,15.990500000000011,103.175,1,3,2,HARD,0,3,96.61985185185183,95.044,21.691160220994476,37.50110497237569,0
Race,Japan,Suzuka,2024-04-07T05:00:00+00:00,9496,46,4,McLaren,,5,27.0,18.301999999999992,100.917,4,4,0,HARD,0,4,96.70711111111112,95.186,21.691160220994476,37.50110497237569,0
Race,Japan,Suzuka,2024-04-07T05:00:00+00:00,9496,46,81,McLaren,,8,33.0,18.124499999999998,99.482,11,9,-2,HARD,0,4,96.74023809523813,94.802,21.691160220994476,37.50110497237569,0
Race,Japan,Suzuka,2024-04-07T05:00:00+00:00,9496,46,10,Alpine,,16,33.0,17.633499999999998,101.728,13,13,0,HARD,0,4,98.77940000000001,96.642,21.691160220994476,37.50110497237569,0
Race,Japan,Suzuka,2024-04-07T05:00:00+00:00,9496,46,11,Red Bull Racing,,2,34.0,18.269000000000005,99.409,4,2,-2,HARD,0,4,95.92125000000001,93.945,21.691160220994476,37.50110497237569,0
Race,Japan,Suzuka,2024-04-07T05:00:00+00:00,9496,46,14,Aston Martin,,6,34.0,17.260500000000008,99.794,7,4,-3,HARD,0,4,96.74195,94.726,21.691160220994476,37.50110497237569,0
Race,Japan,Suzuka,2024-04-07T05:00:00+00:00,9496,46,27,Haas F1 Team,,11,34.0,17.468500000000006,103.896,18,16,-2,HARD,0,4,97.30052631578947,95.325,21.691160220994476,37.50110497237569,0
Race,Japan,Suzuka,2024-04-07T05:00:00+00:00,9496,46,31,Alpine,,15,34.0,18.88600000000001,100.764,9,11,2,MEDIUM,0,4,98.49010526315789,96.232,21.691160220994476,37.50110497237569,0
Race,Japan,Suzuka,2024-04-07T05:00:00+00:00,9496,46,1,Red Bull Racing,,1,35.0,18.5805,99.226,3,1,-2,HARD,0,4,95.8201052631579,93.706,21.691160220994476,37.50110497237569,0
Race,Japan,Suzuka,2024-04-07T05:00:00+00:00,9496,46,18,Aston Martin,,12,35.0,15.966499999999996,99.55,12,14,2,SOFT,0,5,97.59266666666666,95.798,21.691160220994476,37.50110497237569,0
Race,Japan,Suzuka,2024-04-07T05:00:00+00:00,9496,46,2,Williams,,17,35.0,18.236499999999992,100.392,15,13,-2,MEDIUM,0,4,105.74914285714286,95.497,21.691160220994476,37.50110497237569,0
Race,Japan,Suzuka,2024-04-07T05:00:00+00:00,9496,46,55,Ferrari,,3,37.0,18.4105,99.31,2,2,0,HARD,0,4,95.92229411764707,93.841,21.691160220994476,37.50110497237569,0
Race,Japan,Suzuka,2024-04-07T05:00:00+00:00,9496,46,63,Mercedes,,7,38.0,17.308000000000007,98.83,7,9,2,MEDIUM,1,4,96.37575,94.404,21.691160220994476,37.50110497237569,0
Race,Japan,Suzuka,2024-04-07T05:00:00+00:00,9496,46,44,Mercedes,,9,40.0,17.918000000000006,99.03,6,8,2,MEDIUM,0,4,96.22478571428572,93.952,21.691160220994476,37.50110497237569,0
Race,Japan,Suzuka,2024-04-07T05:00:00+00:00,9496,46,2,Williams,,17,42.0,-4.170000000000002,143.782,15,13,-2,SOFT,0,5,97.44372727272726,94.9,21.691160220994476,37.50110497237569,0
Race,China,Shanghai,2024-04-21T07:00:00+00:00,9673,49,27,Haas F1 Team,,10,9.0,14.692499999999995,109.064,14,12,-2,HARD,0,2,108.7548,101.42,18.63939393939394,29.792727272727273,0
Race,China,Shanghai,2024-04-21T07:00:00+00:00,9673,49,22,RB,,19,9.0,14.5445,108.43,14,14,0,MEDIUM,0,2,109.30433333333332,101.593,18.63939393939394,29.792727272727273,0
Race,China,Shanghai,2024-04-21T07:00:00+00:00,9673,49,24,Kick Sauber,,14,9.0,15.592500000000001,109.478,16,16,0,HARD,0,2,109.55753333333334,101.765,18.63939393939394,29.792727272727273,0
Race,China,Shanghai,2024-04-21T07:00:00+00:00,9673,49,18,Aston Martin,,15,10.0,15.228499999999997,107.714,10,10,0,MEDIUM,0,2,104.76383333333332,101.281,18.63939393939394,29.792727272727273,0
Race,China,Shanghai,2024-04-21T07:00:00+00:00,9673,49,23,Williams,,12,10.0,15.840000000000003,108.371,17,17,0,MEDIUM,0,2,110.10914285714284,102.151,18.63939393939394,29.792727272727273,0
Race,China,Shanghai,2024-04-21T07:00:00+00:00,9673,49,77,Kick Sauber,,20,10.0,16.389500000000012,107.977,14,12,-2,HARD,0,2,104.1021,101.276,18.63939393939394,29.792727272727273,0
Race,China,Shanghai,2024-04-21T07:00:00+00:00,9673,49,31,Alpine,,11,10.0,15.771,108.29,12,10,-2,HARD,0,2,109.53700000000002,101.472,18.63939393939394,29.792727272727273,0
Race,China,Shanghai,2024-04-21T07:00:00+00:00,9673,49,44,Mercedes,,9,10.0,14.233500000000006,107.942,13,13,0,MEDIUM,0,2,105.35408333333334,101.409,18.63939393939394,29.792727272727273,0
Race,China,Shanghai,2024-04-21T07:00:00+00:00,9673,49,63,Mercedes,,6,12.0,13.602500000000006,108.016,11,9,-2,MEDIUM,0,2,109.43641666666667,100.785,18.63939393939394,29.792727272727273,0
Race,China,Shanghai,2024-04-21T07:00:00+00:00,9673,49,14,Aston Martin,,7,12.0,14.897999999999996,108.048,6,6,0,HARD,0,2,109.41724999999998,100.944,18.63939393939394,29.792727272727273,0
Race,China,Shanghai,2024-04-21T07:00:00+00:00,9673,49,10,Alpine,,13,12.0,32.7585,108.722,18,18,0,HARD,0,2,112.36358333333334,101.071,18.63939393939394,29.792727272727273,0
Race,China,Shanghai,2024-04-21T07:00:00+00:00,9673,49,2,Williams,,17,13.0,15.193499999999986,109.069,12,12,0,MEDIUM,0,2,113.40674999999999,101.0,18.63939393939394,29.792727272727273,0
Race,China,Shanghai,2024-04-21T07:00:00+00:00,9673,49,1,Red Bull Racing,,1,14.0,16.015500000000003,106.526,3,1,-2,HARD,0,2,109.1183,99.519,18.63939393939394,29.792727272727273,0
Race,China,Shanghai,2024-04-21T07:00:00+00:00,9673,49,11,Red Bull Racing,,3,14.0,14.802999999999997,106.866,4,4,0,HARD,0,2,110.0278,100.038,18.63939393939394,29.792727272727273,0
Race,China,Shanghai,2024-04-21T07:00:00+00:00,9673,49,3,RB,,18,15.0,15.859000000000009,107.802,17,15,-2,MEDIUM,0,2,123.06621052631579,100.994,18.63939393939394,29.792727272727273,0
Race,China,Shanghai,2024-04-21T07:00:00+00:00,9673,49,81,McLaren,,8,17.0,15.590999999999994,107.643,8,8,0,MEDIUM,1,2,117.24687500000002,99.739,18.63939393939394,29.792727272727273,0
Race,China,Shanghai,2024-04-21T07:00:00+00:00,9673,49,55,Ferrari,,5,18.0,15.038499999999999,107.863,5,7,2,HARD,0,2,111.07751282051282,99.764,18.63939393939394,29.792727272727273,0
Race,China,Shanghai,2024-04-21T07:00:00+00:00,9673,49,20,Haas F1 Team,,16,18.0,15.219999999999999,110.262,18,20,2,HARD,0,2,126.8579,101.106,18.63939393939394,29.792727272727273,0
Race,China,Shanghai,2024-04-21T07:00:00+00:00,9673,49,16,Ferrari,,4,22.0,27.765000000000015,111.969,5,2,-3,HARD,0,2,111.90328571428572,99.384,18.63939393939394,29.792727272727273,0
Race,China,Shanghai,2024-04-21T07:00:00+00:00,9673,49,18,Aston Martin,,15,22.0,25.052499999999995,118.981,10,10,0,HARD,0,3,139.75039999999998,127.034,18.63939393939394,29.792727272727273,0
Race,China,Shanghai,2024-04-21T07:00:00+00:00,9673,49,44,Mercedes,,9,22.0,21.239499999999992,122.779,13,13,0,HARD,0,3,111.48577142857141,100.835,18.63939393939394,29.792727272727273,0
Race,China,Shanghai,2024-04-21T07:00:00+00:00,9673,49,4,McLaren,,2,23.0,6.066499999999991,138.646,1,3,2,HARD,0,2,111.29329411764706,98.751,18.63939393939394,29.792727272727273,0
Race,China,Shanghai,2024-04-21T07:00:00+00:00,9673,49,1,Red Bull Racing,,1,24.0,24.789999999999992,137.938,3,1,-2,HARD,0,3,110.38045454545454,98.406,18.63939393939394,29.792727272727273,0
Race,China,Shanghai,2024-04-21T07:00:00+00:00,9673,49,11,Red Bull Racing,,3,24.0,11.569000000000017,137.492,4,4,0,HARD,0,3,110.39163636363638,99.388,18.63939393939394,29.792727272727273,0
Race,China,Shanghai,2024-04-21T07:00:00+00:00,9673,49,14,Aston Martin,,7,24.0,12.365000000000009,137.153,6,6,0,SOFT,0,3,116.87495000000001,99.452,18.63939393939394,29.792727272727273,0
Race,China,Shanghai,2024-04-21T07:00:00+00:00,9673,49,63,Mercedes,,6,24.0,14.15700000000001,138.074,11,9,-2,HARD,0,3,110.32430303030303,100.112,18.63939393939394,29.792727272727273,0
Race,China,Shanghai,2024-04-21T07:00:00+00:00,9673,49,27,Haas F1 Team,,10,24.0,21.775000000000006,137.671,14,12,-2,HARD,0,3,110.48390909090908,100.815,18.63939393939394,29.792727272727273,0
Race,China,Shanghai,2024-04-21T07:00:00+00:00,9673,49,31,Alpine,,11,24.0,21.738,137.613,12,10,-2,HARD,0,3,110.36118181818182,100.937,18.63939393939394,29.792727272727273,0
Race,China,Shanghai,2024-04-21T07:00:00+00:00,9673,49,22,RB,,19,24.0,23.447000000000003,137.702,14,14,0,HARD,0,3,135.80433333333335,114.27,18.63939393939394,29.792727272727273,0
Race,China,Shanghai,2024-04-21T07:00:00+00:00,9673,49,23,Williams,,12,24.0,25.527000000000015,136.59,17,17,0,HARD,0,3,110.16830303030302,100.79,18.63939393939394,29.792727272727273,0
Race,China,Shanghai,2024-04-21T07:00:00+00:00,9673,49,24,Kick Sauber,,14,24.0,28.686499999999995,137.614,16,16,0,HARD,0,3,118.43676470588235,101.283,18.63939393939394,29.792727272727273,0
Race,China,Shanghai,2024-04-21T07:00:00+00:00,9673,49,10,Alpine,,13,24.0,25.924999999999997,138.481,18,18,0,HARD,0,3,119.95246666666664,101.071,18.63939393939394,29.792727272727273,0
Race,China,Shanghai,2024-04-21T07:00:00+00:00,9673,49,81,McLaren,,8,25.0,0.7460000000000093,137.575,8,8,0,HARD,0,3,110.05771874999999,100.397,18.63939393939394,29.792727272727273,0
Race,China,Shanghai,2024-04-21T07:00:00+00:00,9673,49,2,Williams,,17,25.0,-11.651499999999984,135.351,12,12,0,HARD,0,3,109.92475,101.096,18.63939393939394,29.792727272727273,0
Race,China,Shanghai,2024-04-21T07:00:00+00:00,9673,49,18,Aston Martin,,15,27.0,74.81500000000003,155.395,10,10,0,MEDIUM,0,4,122.65811111111108,101.485,18.63939393939394,29.792727272727273,0
Race,China,Shanghai,2024-04-21T07:00:00+00:00,9673,49,20,Haas F1 Team,,16,28.0,-2.130500000000012,160.588,18,20,2,MEDIUM,0,3,106.29224137931034,101.077,18.63939393939394,29.792727272727273,0
Race,China,Shanghai,2024-04-21T07:00:00+00:00,9673,49,18,Aston Martin,,15,36.0,28.014999999999986,105.678,10,10,0,HARD,0,5,101.918,99.444,18.63939393939394,29.792727272727273,0
Race,China,Shanghai,2024-04-21T07:00:00+00:00,9673,49,10,Alpine,,13,39.0,15.466000000000008,106.348,18,18,0,MEDIUM,0,4,101.3925,99.198,18.63939393939394,29.792727272727273,0
Race,China,Shanghai,2024-04-21T07:00:00+00:00,9673,49,24,Kick Sauber,,14,41.0,16.376000000000005,106.271,16,16,0,SOFT,0,4,101.44562499999999,98.633,18.63939393939394,29.792727272727273,0
Race,China,Shanghai,2024-04-21T07:00:00+00:00,9673,49,14,Aston Martin,,7,44.0,15.395499999999998,105.953,6,6,0,MEDIUM,0,4,100.93423076923077,97.81,18.63939393939394,29.792727272727273,0
Race,United States,Miami,2024-05-05T20:00:00+00:00,9507,151,23,Williams,,19,11.0,10.903000000000006,99.601,17,17,0,HARD,0,2,97.37358139534882,92.552,28.521999999999995,44.664,0
Race,United States,Miami,2024-05-05T20:00:00+00:00,9507,151,18,Aston Martin,,17,12.0,13.06349999999999,100.203,18,15,-3,HARD,1,2,96.90623529411765,93.362,28.521999999999995,44.664,0
Race,United States,Miami,2024-05-05T20:00:00+00:00,9507,151,2,Williams,,20,12.0,12.298999999999992,99.392,15,17,2,HARD,0,2,95.57762500000001,93.452,28.521999999999995,44.664,0
Race,United States,Miami,2024-05-05T20:00:00+00:00,9507,151,77,Kick Sauber,,16,12.0,12.829499999999996,99.656,19,18,-1,HARD,0,2,98.84683333333334,93.4,28.521999999999995,44.664,0
Race,United States,Miami,2024-05-05T20:00:00+00:00,9507,151,10,Alpine,,12,13.0,11.718499999999992,99.216,12,12,0,HARD,0,2,96.66895555555556,92.055,28.521999999999995,44.664,0
Race,United States,Miami,2024-05-05T20:00:00+00:00,9507,151,27,Haas F1 Team,,11,13.0,11.733000000000004,100.42,14,12,-2,HARD,0,2,96.95806250000001,92.922,28.521999999999995,44.664,0
Race,United States,Miami,2024-05-05T20:00:00+00:00,9507,151,11,Red Bull Racing,,5,18.0,10.477000000000004,98.985,8,10,2,HARD,0,2,96.65718181818183,92.161,28.521999999999995,44.664,0
Race,United States,Miami,2024-05-05T20:00:00+00:00,9507,151,16,Ferrari,,3,20.0,11.236000000000004,98.239,3,5,2,HARD,0,2,96.88134210526316,91.084,28.521999999999995,44.664,0
Race,United States,Miami,2024-05-05T20:00:00+00:00,9507,151,31,Alpine,,10,23.0,14.229,102.357,10,10,0,HARD,0,2,97.13297142857144,92.037,28.521999999999995,44.664,0
Race,United States,Miami,2024-05-05T20:00:00+00:00,9507,151,14,Aston Martin,,9,23.0,11.390999999999991,102.401,14,16,2,MEDIUM,1,2,96.96331428571428,91.727,28.521999999999995,44.664,0
Race,United States,Miami,2024-05-05T20:00:00+00:00,9507,151,20,Haas F1 Team,,18,23.0,9.976500000000001,104.467,17,13,-4,MEDIUM,0,2,104.831,93.148,28.521999999999995,44.664,0
Race,United States,Miami,2024-05-05T20:00:00+00:00,9507,151,1,Red Bull Racing,,2,24.0,4.969000000000008,111.938,2,4,2,HARD,0,2,97.00714705882353,91.261,28.521999999999995,44.664,0
Race,United States,Miami,2024-05-05T20:00:00+00:00,9507,151,63,Mercedes,,8,25.0,12.224000000000004,98.07,7,9,2,HARD,0,2,97.08839393939394,91.921,28.521999999999995,44.664,0
Race,United States,Miami,2024-05-05T20:00:00+00:00,9507,151,44,Mercedes,,6,27.0,2.757000000000005,99.049,5,7,2,MEDIUM,3,2,96.81874193548387,91.233,28.521999999999995,44.664,0
Race,United States,Miami,2024-05-05T20:00:00+00:00,9507,151,55,Ferrari,,4,28.0,-1.5875000000000057,97.282,3,5,2,HARD,0,2,97.52599999999998,90.928,28.521999999999995,44.664,0
Race,United States,Miami,2024-05-05T20:00:00+00:00,9507,151,81,McLaren,,13,28.0,-4.740000000000009,97.602,9,11,2,HARD,0,2,106.42153846153846,91.372,28.521999999999995,44.664,0
Race,United States,Miami,2024-05-05T20:00:00+00:00,9507,151,11,Red Bull Racing,,5,29.0,24.255499999999984,107.036,8,10,2,MEDIUM,5,3,96.63431034482757,90.855,28.521999999999995,44.664,0
Race,United States,Miami,2024-05-05T20:00:00+00:00,9507,151,22,RB,,7,29.0,23.685000000000002,107.67,8,8,0,HARD,0,2,96.90220689655173,91.682,28.521999999999995,44.664,0
Race,United States,Miami,2024-05-05T20:00:00+00:00,9507,151,24,Kick Sauber,,14,29.0,25.30850000000001,113.108,10,8,-2,SOFT,0,2,97.13324137931035,91.991,28.521999999999995,44.664,0
Race,United States,Miami,2024-05-05T20:00:00+00:00,9507,151,3,RB,,15,29.0,23.63449999999999,113.429,11,13,2,MEDIUM,5,2,97.01282758620692,92.122,28.521999999999995,44.664,0
Race,United States,Miami,2024-05-05T20:00:00+00:00,9507,151,27,Haas F1 Team,,11,29.0,25.955500000000015,115.429,14,12,-2,MEDIUM,0,3,96.40834482758619,91.941,28.521999999999995,44.664,0
Race,United States,Miami,2024-05-05T20:00:00+00:00,9507,151,18,Aston Martin,,17,29.0,25.091999999999985,116.594,18,15,-3,MEDIUM,0,3,96.47437931034483,91.588,28.521999999999995,44.664,0
Race,United States,Miami,2024-05-05T20:00:00+00:00,9507,151,20,Haas F1 Team,,18,29.0,20.567000000000007,146.123,17,13,-4,MEDIUM,0,3,116.30166666666668,100.373,28.521999999999995,44.664,0
Race,United States,Miami,2024-05-05T20:00:00+00:00,9507,151,4,McLaren,,1,30.0,12.576499999999982,133.364,5,3,-2,HARD,0,2,96.15117857142856,90.98,28.521999999999995,44.664,0
Race,United States,Miami,2024-05-05T20:00:00+00:00,9507,151,77,Kick Sauber,,16,30.0,2.754000000000005,130.736,19,18,-1,MEDIUM,0,3,95.21578571428572,92.098,28.521999999999995,44.664,0
Race,United States,Miami,2024-05-05T20:00:00+00:00,9507,151,20,Haas F1 Team,,18,32.0,19.012500000000003,100.373,17,13,-4,MEDIUM,3,4,93.30342307692308,91.774,28.521999999999995,44.664,0
Race,United States,Miami,2024-05-05T20:00:00+00:00,9507,151,81,McLaren,,13,41.0,18.004000000000005,100.795,9,11,2,MEDIUM,6,3,93.11964705882353,90.634,28.521999999999995,44.664,0
Race,United States,Miami,2024-05-05T20:00:00+00:00,9507,151,23,Williams,,19,54.0,8.125,106.697,17,17,0,SOFT,0,3,95.2705,90.849,28.521999999999995,44.664,0
Race,Italy,Imola,2024-05-19T13:00:00+00:00,9515,6,14,Aston Martin,,19,8.0,21.298000000000002,87.448,16,16,0,HARD,1,2,83.47869696969697,81.492,25.113986013986015,42.023776223776224,0
Race,Italy,Imola,2024-05-19T13:00:00+00:00,9515,6,23,Williams,,20,9.0,63.0385,86.643,16,18,2,HARD,0,2,163.048,163.048,25.113986013986015,42.023776223776224,0
Race,Italy,Imola,2024-05-19T13:00:00+00:00,9515,6,10,Alpine,,16,9.0,21.14500000000001,86.945,17,17,0,HARD,0,2,83.63113636363636,81.371,25.113986013986015,42.023776223776224,0
Race,Italy,Imola,2024-05-19T13:00:00+00:00,9515,6,77,Kick Sauber,,18,9.0,21.439000000000007,87.265,16,14,-2,HARD,0,2,83.42792592592592,81.455,25.113986013986015,42.023776223776224,0
Race,Italy,Imola,2024-05-19T13:00:00+00:00,9515,6,23,Williams,,20,10.0,-9.007000000000005,163.048,16,18,2,MEDIUM,8,3,84.60307142857143,81.491,25.113986013986015,42.023776223776224,0
Race,Italy,Imola,2024-05-19T13:00:00+00:00,9515,6,3,RB,,13,12.0,20.449500000000015,87.088,15,15,0,HARD,0,2,83.0391568627451,81.569,25.113986013986015,42.023776223776224,0
Race,Italy,Imola,2024-05-19T13:00:00+00:00,9515,6,22,RB,,10,13.0,19.761499999999998,86.755,14,14,0,HARD,0,2,82.9102,80.936,25.113986013986015,42.023776223776224,0
Race,Italy,Imola,2024-05-19T13:00:00+00:00,9515,6,27,Haas F1 Team,,11,14.0,19.90299999999999,86.982,13,15,2,HARD,0,2,83.08118367346938,81.756,25.113986013986015,42.023776223776224,0
Race,Italy,Imola,2024-05-19T13:00:00+00:00,9515,6,63,Mercedes,,7,22.0,21.163500000000013,86.88,10,8,-2,HARD,0,2,82.08687096774193,80.669,25.113986013986015,42.023776223776224,0
Race,Italy,Imola,2024-05-19T13:00:00+00:00,9515,6,4,McLaren,,2,23.0,21.405500000000004,86.107,5,7,2,HARD,1,2,81.19885365853658,79.994,25.113986013986015,42.023776223776224,0
Race,Italy,Imola,2024-05-19T13:00:00+00:00,9515,6,81,McLaren,,4,24.0,20.20049999999999,86.22,6,8,2,HARD,1,2,81.341475,79.907,25.113986013986015,42.023776223776224,0
Race,Italy,Imola,2024-05-19T13:00:00+00:00,9515,6,1,Red Bull Racing,,1,25.0,20.254999999999995,86.212,3,3,0,HARD,0,2,81.30961538461538,80.366,25.113986013986015,42.023776223776224,0
Race,Italy,Imola,2024-05-19T13:00:00+00:00,9515,6,23,Williams,,20,24.0,28.023999999999987,86.978,16,18,2,MEDIUM,14,4,90.51320000000001,82.127,25.113986013986015,42.023776223776224,0
Race,Italy,Imola,2024-05-19T13:00:00+00:00,9515,6,16,Ferrari,,3,26.0,22.027,86.023,2,4,2,HARD,0,2,81.30005263157892,79.935,25.113986013986015,42.023776223776224,0
Race,Italy,Imola,2024-05-19T13:00:00+00:00,9515,6,31,Alpine,,14,26.0,20.667500000000004,87.881,13,15,2,HARD,0,2,83.36075675675676,81.304,25.113986013986015,42.023776223776224,0
Race,Italy,Imola,2024-05-19T13:00:00+00:00,9515,6,55,Ferrari,,5,28.0,20.1545,86.35,1,3,2,HARD,0,2,81.55508333333333,80.22,25.113986013986015,42.023776223776224,0
Race,Italy,Imola,2024-05-19T13:00:00+00:00,9515,6,44,Mercedes,,6,28.0,20.00200000000001,86.215,3,5,2,HARD,0,2,81.61433333333333,80.331,25.113986013986015,42.023776223776224,0
Race,Italy,Imola,2024-05-19T13:00:00+00:00,9515,6,23,Williams,,20,29.0,22.211,88.256,16,18,2,MEDIUM,8,5,83.23252173913045,81.274,25.113986013986015,42.023776223776224,0
Race,Italy,Imola,2024-05-19T13:00:00+00:00,9515,6,10,Alpine,,16,31.0,19.983999999999995,87.963,17,17,0,MEDIUM,0,3,83.14921874999999,81.407,25.113986013986015,42.023776223776224,0
Race,Italy,Imola,2024-05-19T13:00:00+00:00,9515,6,2,Williams,,17,32.0,23.374499999999998,88.215,14,16,2,MEDIUM,0,2,83.21658064516126,81.229,25.113986013986015,42.023776223776224,0
Race,Italy,Imola,2024-05-19T13:00:00+00:00,9515,6,24,Kick Sauber,,15,34.0,19.7975,89.428,11,13,2,MEDIUM,0,2,83.1996551724138,81.016,25.113986013986015,42.023776223776224,0
Race,Italy,Imola,2024-05-19T13:00:00+00:00,9515,6,11,Red Bull Racing,,8,38.0,18.920500000000004,88.056,6,6,0,MEDIUM,0,2,81.36761538461539,79.686,25.113986013986015,42.023776223776224,0
Race,Italy,Imola,2024-05-19T13:00:00+00:00,9515,6,18,Aston Martin,,9,38.0,19.275000000000006,86.977,8,8,0,HARD,1,2,82.09861538461539,80.57,25.113986013986015,42.023776223776224,0
Race,Italy,Imola,2024-05-19T13:00:00+00:00,9515,6,20,Haas F1 Team,,12,38.0,21.4045,87.682,12,14,2,HARD,0,2,82.69760000000001,81.009,25.113986013986015,42.023776223776224,0
Race,Italy,Imola,2024-05-19T13:00:00+00:00,9515,6,14,Aston Martin,,19,41.0,22.1845,87.5,16,16,0,MEDIUM,1,3,83.13763157894736,79.851,25.113986013986015,42.023776223776224,0
Race,Italy,Imola,2024-05-19T13:00:00+00:00,9515,6,63,Mercedes,,7,53.0,20.42949999999999,86.242,10,8,-2,MEDIUM,2,3,82.0170909090909,78.589,25.113986013986015,42.023776223776224,0
Race,Italy,Imola,2024-05-19T13:00:00+00:00,9515,6,14,Aston Martin,,19,60.0,19.361999999999995,88.385,16,16,0,SOFT,0,4,89.714,79.004,25.113986013986015,42.023776223776224,0
Race,Monaco,Monaco,2024-05-26T13:00:00+00:00,9523,22,16,Ferrari,,1,1.0,,,1,1,0,HARD,0,2,79.73018181818182,75.162,21.596499999999995,46.318000000000005,0
Race,Monaco,Monaco,2024-05-26T13:00:00+00:00,9523,22,81,McLaren,,2,1.0,,,2,2,0,HARD,1,2,79.7917142857143,76.281,21.596499999999995,46.318000000000005,0
Race,Monaco,Monaco,2024-05-26T13:00:00+00:00,9523,22,55,Ferrari,,3,1.0,,,9,11,2,HARD,0,2,79.74568831168833,74.726,21.596499999999995,46.318000000000005,0
Race,Monaco,Monaco,2024-05-26T13:00:00+00:00,9523,22,4,McLaren,,4,1.0,,,4,4,0,HARD,0,2,79.69041558441558,75.742,21.596499999999995,46.318000000000005,0
Race,Monaco,Monaco,2024-05-26T13:00:00+00:00,9523,22,63,Mercedes,,5,1.0,,,5,5,0,MEDIUM,0,2,79.67505194805194,75.228,21.596499999999995,46.318000000000005,0
Race,Monaco,Monaco,2024-05-26T13:00:00+00:00,9523,22,1,Red Bull Racing,,6,1.0,,,6,6,0,MEDIUM,0,2,81.56292156862744,78.074,21.596499999999995,46.318000000000005,0
Race,Monaco,Monaco,2024-05-26T13:00:00+00:00,9523,22,44,Mercedes,,7,1.0,,,7,7,0,MEDIUM,0,2,81.58906,77.398,21.596499999999995,46.318000000000005,0
Race,Monaco,Monaco,2024-05-26T13:00:00+00:00,9523,22,22,RB,,8,1.0,,,8,8,0,HARD,1,2,80.8741052631579,74.72,21.596499999999995,46.318000000000005,0
Race,Monaco,Monaco,2024-05-26T13:00:00+00:00,9523,22,10,Alpine,,10,1.0,,,9,9,0,MEDIUM,0,2,81.02763157894736,75.625,21.596499999999995,46.318000000000005,0
Race,Monaco,Monaco,2024-05-26T13:00:00+00:00,9523,22,23,Williams,,9,1.0,,,10,8,-2,HARD,0,2,80.9840657894737,77.06,21.596499999999995,46.318000000000005,0
Race,Monaco,Monaco,2024-05-26T13:00:00+00:00,9523,22,18,Aston Martin,,14,1.0,,,12,14,2,MEDIUM,1,2,82.82460975609757,79.016,21.596499999999995,46.318000000000005,0
Race,Monaco,Monaco,2024-05-26T13:00:00+00:00,9523,22,3,RB,,12,1.0,,,12,12,0,HARD,1,2,81.22948000000001,77.172,21.596499999999995,46.318000000000005,0
Race,Monaco,Monaco,2024-05-26T13:00:00+00:00,9523,22,2,Williams,,15,1.0,,,15,13,-2,HARD,1,2,82.49337500000001,79.511,21.596499999999995,46.318000000000005,0
Race,Monaco,Monaco,2024-05-26T13:00:00+00:00,9523,22,14,Aston Martin,,11,1.0,,,12,12,0,MEDIUM,1,2,81.14965333333333,77.939,21.596499999999995,46.318000000000005,0
Race,Monaco,Monaco,2024-05-26T13:00:00+00:00,9523,22,77,Kick Sauber,,13,1.0,,,15,15,0,MEDIUM,0,2,86.30492857142859,81.221,21.596499999999995,46.318000000000005,0
Race,Monaco,Monaco,2024-05-26T13:00:00+00:00,9523,22,24,Kick Sauber,,16,1.0,,,16,14,-2,HARD,0,2,81.89976811594202,77.936,21.596499999999995,46.318000000000005,0
Race,Monaco,Monaco,2024-05-26T13:00:00+00:00,9523,22,77,Kick Sauber,,13,15.0,17.2825,81.221,15,15,0,HARD,1,3,80.1278064516129,76.561,21.596499999999995,46.318000000000005,0
Race,Monaco,Monaco,2024-05-26T13:00:00+00:00,9523,22,18,Aston Martin,,14,42.0,15.574499999999986,80.2,12,14,2,HARD,0,3,86.09771428571428,78.062,21.596499999999995,46.318000000000005,0
Race,Monaco,Monaco,2024-05-26T13:00:00+00:00,9523,22,18,Aston Martin,,14,48.0,30.5565,78.062,12,14,2,SOFT,0,4,79.53703448275861,76.71,21.596499999999995,46.318000000000005,0
Race,Monaco,Monaco,2024-05-26T13:00:00+00:00,9523,22,44,Mercedes,,7,51.0,16.127499999999998,78.461,7,7,0,HARD,0,3,76.51478571428572,74.165,21.596499999999995,46.318000000000005,0
Race,Monaco,Monaco,2024-05-26T13:00:00+00:00,9523,22,1,Red Bull Racing,,6,52.0,15.472000000000008,78.142,6,6,0,HARD,0,3,76.46885185185185,74.569,21.596499999999995,46.318000000000005,0
Race,Monaco,Monaco,2024-05-26T13:00:00+00:00,9523,22,2,Williams,,15,57.0,17.104499999999987,81.474,15,13,-2,MEDIUM,0,3,78.29195,75.525,21.596499999999995,46.318000000000005,0
Race,Monaco,Monaco,2024-05-26T13:00:00+00:00,9523,22,24,Kick Sauber,,16,70.0,18.008499999999998,80.484,16,14,-2,SOFT,0,3,82.05357142857143,74.718,21.596499999999995,46.318000000000005,0
Race,Canada,Montréal,2024-06-09T18:00:00+00:00,9531,23,20,Haas F1 Team,,12,7.0,19.090500000000006,94.673,12,14,2,INTERMEDIATE,0,2,93.12994736842106,87.144,17.797345132743363,24.569911504424784,1
Race,Canada,Montréal,2024-06-09T18:00:00+00:00,9531,23,27,Haas F1 Team,,11,12.0,17.67150000000001,94.672,14,16,2,INTERMEDIATE,0,2,92.90457142857143,86.137,17.797345132743363,24.569911504424784,1
Race,Canada,Montréal,2024-06-09T18:00:00+00:00,9531,23,24,Kick Sauber,,15,24.0,10.575500000000005,89.086,15,13,-2,INTERMEDIATE,0,2,96.32485714285716,87.01,17.797345132743363,24.569911504424784,1
Race,Canada,Montréal,2024-06-09T18:00:00+00:00,9531,23,63,Mercedes,,3,25.0,13.608499999999992,86.76,2,4,2,INTERMEDIATE,0,2,95.8812857142857,83.694,17.797345132743363,24.569911504424784,1
Race,Canada,Montréal,2024-06-09T18:00:00+00:00,9531,23,1,Red Bull Racing,,1,25.0,15.454499999999996,87.034,2,2,0,INTERMEDIATE,0,2,95.75266666666667,84.079,17.797345132743363,24.569911504424784,1
Race,Canada,Montréal,2024-06-09T18:00:00+00:00,9531,23,81,McLaren,,5,25.0,14.388500000000008,86.273,4,4,0,INTERMEDIATE,0,2,96.46560000000001,83.938,17.797345132743363,24.569911504424784,1
Race,Canada,Montréal,2024-06-09T18:00:00+00:00,9531,23,44,Mercedes,,4,25.0,16.46249999999999,86.331,5,7,2,INTERMEDIATE,0,2,96.35842105263158,83.88,17.797345132743363,24.569911504424784,1
Race,Canada,Montréal,2024-06-09T18:00:00+00:00,9531,23,14,Aston Martin,,6,25.0,15.75099999999999,86.664,6,6,0,INTERMEDIATE,0,2,96.40655000000001,84.453,17.797345132743363,24.569911504424784,1
Race,Canada,Montréal,2024-06-09T18:00:00+00:00,9531,23,18,Aston Martin,,7,25.0,23.611999999999995,86.27,10,8,-2,INTERMEDIATE,0,2,95.33985,85.264,17.797345132743363,24.569911504424784,1
Race,Canada,Montréal,2024-06-09T18:00:00+00:00,9531,23,23,Williams,,17,25.0,26.311999999999998,86.715,10,10,0,INTERMEDIATE,0,2,95.26579999999998,85.222,17.797345132743363,24.569911504424784,1
Race,Canada,Montréal,2024-06-09T18:00:00+00:00,9531,23,16,Ferrari,,19,25.0,25.340999999999994,87.641,10,12,2,INTERMEDIATE,0,2,120.14725,105.291,17.797345132743363,24.569911504424784,1
Race,Canada,Montréal,2024-06-09T18:00:00+00:00,9531,23,10,Alpine,,9,25.0,28.40349999999998,87.539,14,16,2,INTERMEDIATE,0,2,97.356875,86.753,17.797345132743363,24.569911504424784,1
Race,Canada,Montréal,2024-06-09T18:00:00+00:00,9531,23,55,Ferrari,,16,25.0,32.965,86.527,12,14,2,INTERMEDIATE,0,2,95.70926315789474,85.861,17.797345132743363,24.569911504424784,1
Race,Canada,Montréal,2024-06-09T18:00:00+00:00,9531,23,20,Haas F1 Team,,12,25.0,28.77000000000001,87.563,12,14,2,INTERMEDIATE,0,3,96.93282352941176,86.231,17.797345132743363,24.569911504424784,1
Race,Canada,Montréal,2024-06-09T18:00:00+00:00,9531,23,11,Red Bull Racing,,18,25.0,37.067499999999995,86.62,16,14,-2,INTERMEDIATE,0,2,95.29657894736843,85.233,17.797345132743363,24.569911504424784,1
Race,Canada,Montréal,2024-06-09T18:00:00+00:00,9531,23,27,Haas F1 Team,,11,25.0,22.423500000000004,92.444,14,16,2,INTERMEDIATE,0,3,94.28394999999999,85.789,17.797345132743363,24.569911504424784,1
Race,Canada,Montréal,2024-06-09T18:00:00+00:00,9531,23,4,McLaren,,2,26.0,30.130499999999998,91.4,4,3,-1,INTERMEDIATE,0,2,95.31836363636366,83.272,17.797345132743363,24.569911504424784,1
Race,Canada,Montréal,2024-06-09T18:00:00+00:00,9531,23,3,RB,,8,26.0,25.7205,110.163,11,13,2,INTERMEDIATE,0,2,95.56116666666667,85.748,17.797345132743363,24.569911504424784,1
Race,Canada,Montréal,2024-06-09T18:00:00+00:00,9531,23,16,Ferrari,,19,28.0,36.150000000000006,105.291,10,12,2,HARD,0,3,119.25550000000001,99.909,17.797345132743363,24.569911504424784,1
Race,Canada,Montréal,2024-06-09T18:00:00+00:00,9531,23,16,Ferrari,,19,31.0,34.13050000000001,104.706,10,12,2,INTERMEDIATE,0,4,93.3349,86.012,17.797345132743363,24.569911504424784,1
Race,Canada,Montréal,2024-06-09T18:00:00+00:00,9531,23,10,Alpine,,9,40.0,8.286999999999992,87.411,14,16,2,HARD,0,3,86.86983870967742,77.013,17.797345132743363,24.569911504424784,1
Race,Canada,Montréal,2024-06-09T18:00:00+00:00,9531,23,20,Haas F1 Team,,12,41.0,12.141999999999996,86.231,12,14,2,MEDIUM,0,4,88.99064285714284,79.511,17.797345132743363,24.569911504424784,1
Race,Canada,Montréal,2024-06-09T18:00:00+00:00,9531,23,77,Kick Sauber,,13,42.0,10.490499999999997,85.784,12,14,2,MEDIUM,0,2,87.37344827586205,77.25,17.797345132743363,24.569911504424784,1
Race,Canada,Montréal,2024-06-09T18:00:00+00:00,9531,23,44,Mercedes,,4,43.0,12.382999999999996,84.413,5,7,2,MEDIUM,0,3,86.98766666666666,77.435,17.797345132743363,24.569911504424784,1
Race,Canada,Montréal,2024-06-09T18:00:00+00:00,9531,23,11,Red Bull Racing,,18,43.0,12.125500000000002,85.681,16,14,-2,MEDIUM,0,3,85.38177777777777,78.819,17.797345132743363,24.569911504424784,1
Race,Canada,Montréal,2024-06-09T18:00:00+00:00,9531,23,55,Ferrari,,16,43.0,11.789500000000004,85.861,12,14,2,MEDIUM,0,3,84.6487,78.957,17.797345132743363,24.569911504424784,1
Race,Canada,Montréal,2024-06-09T18:00:00+00:00,9531,23,3,RB,,8,43.0,12.0,85.748,11,13,2,MEDIUM,1,3,87.02725,77.076,17.797345132743363,24.569911504424784,1
Race,Canada,Montréal,2024-06-09T18:00:00+00:00,9531,23,81,McLaren,,5,44.0,11.486000000000004,84.465,4,4,0,MEDIUM,0,3,87.31303703703703,76.247,17.797345132743363,24.569911504424784,1
Race,Canada,Montréal,2024-06-09T18:00:00+00:00,9531,23,22,RB,,14,44.0,13.552499999999995,84.662,10,7,-3,MEDIUM,0,2,88.28966666666666,77.309,17.797345132743363,24.569911504424784,1
Race,Canada,Montréal,2024-06-09T18:00:00+00:00,9531,23,14,Aston Martin,,6,44.0,11.551000000000002,84.453,6,6,0,HARD,0,3,87.07011111111109,76.303,17.797345132743363,24.569911504424784,1
Race,Canada,Montréal,2024-06-09T18:00:00+00:00,9531,23,31,Alpine,,10,44.0,12.35799999999999,84.927,10,10,0,MEDIUM,0,2,87.25855555555556,77.012,17.797345132743363,24.569911504424784,1
Race,Canada,Montréal,2024-06-09T18:00:00+00:00,9531,23,18,Aston Martin,,7,44.0,12.539000000000001,85.612,10,8,-2,HARD,1,3,87.07707407407408,76.762,17.797345132743363,24.569911504424784,1
Race,Canada,Montréal,2024-06-09T18:00:00+00:00,9531,23,23,Williams,,17,44.0,14.135999999999996,86.284,10,10,0,MEDIUM,0,3,85.1021111111111,79.359,17.797345132743363,24.569911504424784,1
Race,Canada,Montréal,2024-06-09T18:00:00+00:00,9531,23,27,Haas F1 Team,,11,44.0,13.421499999999995,86.465,14,16,2,MEDIUM,0,4,86.88451851851852,76.683,17.797345132743363,24.569911504424784,1
Race,Canada,Montréal,2024-06-09T18:00:00+00:00,9531,23,1,Red Bull Racing,,1,45.0,13.009999999999991,84.381,2,2,0,MEDIUM,0,3,87.24126923076923,75.569,17.797345132743363,24.569911504424784,1
Race,Canada,Montréal,2024-06-09T18:00:00+00:00,9531,23,24,Kick Sauber,,15,44.0,49.5215,87.246,15,13,-2,MEDIUM,0,3,99.70211111111112,82.032,17.797345132743363,24.569911504424784,1
Race,Canada,Montréal,2024-06-09T18:00:00+00:00,9531,23,63,Mercedes,,3,46.0,-1.6479999999999961,101.273,2,4,2,HARD,0,3,85.59055555555555,78.145,17.797345132743363,24.569911504424784,1
Race,Canada,Montréal,2024-06-09T18:00:00+00:00,9531,23,4,McLaren,,2,47.0,14.14,83.272,4,3,-1,MEDIUM,0,3,87.56195833333334,75.558,17.797345132743363,24.569911504424784,1
Race,Canada,Montréal,2024-06-09T18:00:00+00:00,9531,23,24,Kick Sauber,,15,52.0,18.779999999999987,82.032,15,13,-2,MEDIUM,0,4,88.00805555555556,77.325,17.797345132743363,24.569911504424784,1
Race,Canada,Montréal,2024-06-09T18:00:00+00:00,9531,23,63,Mercedes,,3,54.0,28.0445,78.191,2,4,2,MEDIUM,0,4,89.35482352941176,74.895,17.797345132743363,24.569911504424784,1
Race,Canada,Montréal,2024-06-09T18:00:00+00:00,9531,23,44,Mercedes,,4,54.0,30.424499999999995,77.435,5,7,2,HARD,0,4,89.09382352941176,74.856,17.797345132743363,24.569911504424784,1
Race,Canada,Montréal,2024-06-09T18:00:00+00:00,9531,23,20,Haas F1 Team,,12,54.0,25.562999999999988,93.799,12,14,2,MEDIUM,0,5,87.20235294117646,76.499,17.797345132743363,24.569911504424784,1
Race,Spain,Barcelona,2024-06-23T13:00:00+00:00,9539,15,22,RB,,19,10.0,15.061999999999983,86.004,19,17,-2,MEDIUM,0,2,83.11816666666667,81.392,24.132467532467533,41.096103896103905,1
Race,Spain,Barcelona,2024-06-23T13:00:00+00:00,9539,15,24,Kick Sauber,,13,10.0,15.260999999999996,85.889,14,12,-2,MEDIUM,0,2,82.00796875,80.151,24.132467532467533,41.096103896103905,1
Race,Spain,Barcelona,2024-06-23T13:00:00+00:00,9539,15,20,Haas F1 Team,,17,11.0,16.793999999999997,86.084,15,15,0,MEDIUM,0,2,82.86568421052633,80.95,24.132467532467533,41.096103896103905,1
Race,Spain,Barcelona,2024-06-23T13:00:00+00:00,9539,15,77,Kick Sauber,,16,12.0,16.736000000000004,85.342,15,13,-2,SOFT,3,2,82.93488235294116,79.608,24.132467532467533,41.096103896103905,1
Race,Spain,Barcelona,2024-06-23T13:00:00+00:00,9539,15,27,Haas F1 Team,,11,13.0,16.30749999999999,87.477,14,12,-2,MEDIUM,0,2,82.04215384615385,80.312,24.132467532467533,41.096103896103905,1
Race,Spain,Barcelona,2024-06-23T13:00:00+00:00,9539,15,31,Alpine,,10,14.0,15.241,86.687,8,10,2,MEDIUM,0,2,82.11275,79.883,24.132467532467533,41.096103896103905,1
Race,Spain,Barcelona,2024-06-23T13:00:00+00:00,9539,15,11,Red Bull Racing,,8,14.0,16.291500000000013,85.586,9,9,0,SOFT,3,2,82.12316666666668,80.162,24.132467532467533,41.096103896103905,1
Race,Spain,Barcelona,2024-06-23T13:00:00+00:00,9539,15,10,Alpine,,9,15.0,19.915999999999997,85.491,9,7,-2,MEDIUM,0,2,81.93537500000001,79.989,24.132467532467533,41.096103896103905,1
Race,Spain,Barcelona,2024-06-23T13:00:00+00:00,9539,15,2,Williams,,20,15.0,15.975499999999997,86.379,16,15,-1,MEDIUM,0,2,83.1823,80.908,24.132467532467533,41.096103896103905,1
Race,Spain,Barcelona,2024-06-23T13:00:00+00:00,9539,15,55,Ferrari,,6,16.0,15.017999999999986,85.427,7,7,0,MEDIUM,0,2,81.35752380952381,79.709,24.132467532467533,41.096103896103905,1
Race,Spain,Barcelona,2024-06-23T13:00:00+00:00,9539,15,63,Mercedes,,4,16.0,17.419499999999985,85.364,5,3,-2,MEDIUM,0,2,81.33028571428572,79.511,24.132467532467533,41.096103896103905,1
Race,Spain,Barcelona,2024-06-23T13:00:00+00:00,9539,15,44,Mercedes,,3,17.0,15.829999999999998,84.966,7,5,-2,MEDIUM,0,2,80.88166666666666,79.307,24.132467532467533,41.096103896103905,1
Race,Spain,Barcelona,2024-06-23T13:00:00+00:00,9539,15,3,RB,,15,17.0,16.442999999999998,86.262,17,19,2,MEDIUM,0,2,82.2111923076923,80.849,24.132467532467533,41.096103896103905,1
Race,Spain,Barcelona,2024-06-23T13:00:00+00:00,9539,15,1,Red Bull Racing,,1,18.0,15.356499999999997,84.876,4,2,-2,MEDIUM,0,2,80.66803703703705,79.363,24.132467532467533,41.096103896103905,1
Race,Spain,Barcelona,2024-06-23T13:00:00+00:00,9539,15,18,Aston Martin,,14,18.0,15.366500000000002,86.896,10,12,2,MEDIUM,1,2,82.36295,80.615,24.132467532467533,41.096103896103905,1
Race,Spain,Barcelona,2024-06-23T13:00:00+00:00,9539,15,23,Williams,,18,19.0,16.8035,86.838,17,19,2,SOFT,0,2,82.34248,80.005,24.132467532467533,41.096103896103905,1
Race,Spain,Barcelona,2024-06-23T13:00:00+00:00,9539,15,14,Aston Martin,,12,20.0,15.835999999999999,85.298,8,10,2,MEDIUM,1,2,81.87557692307692,80.345,24.132467532467533,41.096103896103905,1
Race,Spain,Barcelona,2024-06-23T13:00:00+00:00,9539,15,81,McLaren,,7,22.0,15.647500000000008,87.064,6,8,2,MEDIUM,0,2,80.8992,79.622,24.132467532467533,41.096103896103905,1
Race,Spain,Barcelona,2024-06-23T13:00:00+00:00,9539,15,4,McLaren,,2,24.0,15.829000000000008,85.185,4,6,2,MEDIUM,0,2,80.42520833333333,78.503,24.132467532467533,41.096103896103905,1
Race,Spain,Barcelona,2024-06-23T13:00:00+00:00,9539,15,16,Ferrari,,5,25.0,16.102999999999994,85.337,3,5,2,MEDIUM,0,2,80.65791304347826,78.811,24.132467532467533,41.096103896103905,1
Race,Spain,Barcelona,2024-06-23T13:00:00+00:00,9539,15,22,RB,,19,28.0,17.159999999999997,85.581,19,17,-2,HARD,0,3,82.41947058823528,79.573,24.132467532467533,41.096103896103905,1
Race,Spain,Barcelona,2024-06-23T13:00:00+00:00,9539,15,77,Kick Sauber,,16,29.0,16.736000000000004,85.577,15,13,-2,HARD,0,3,81.8048108108108,79.936,24.132467532467533,41.096103896103905,1
Race,Spain,Barcelona,2024-06-23T13:00:00+00:00,9539,15,20,Haas F1 Team,,17,30.0,24.73400000000001,85.381,15,15,0,HARD,0,3,81.77558333333333,79.805,24.132467532467533,41.096103896103905,1
Race,Spain,Barcelona,2024-06-23T13:00:00+00:00,9539,15,11,Red Bull Racing,,8,32.0,14.454999999999998,85.42,9,9,0,MEDIUM,0,3,80.50766666666667,78.652,24.132467532467533,41.096103896103905,1
Race,Spain,Barcelona,2024-06-23T13:00:00+00:00,9539,15,2,Williams,,20,35.0,17.545500000000004,85.825,16,15,-1,HARD,0,3,82.26226666666666,80.172,24.132467532467533,41.096103896103905,1
Race,Spain,Barcelona,2024-06-23T13:00:00+00:00,9539,15,63,Mercedes,,4,37.0,17.981499999999997,84.372,5,3,-2,HARD,0,3,79.7458,78.29,24.132467532467533,41.096103896103905,1
Race,Spain,Barcelona,2024-06-23T13:00:00+00:00,9539,15,55,Ferrari,,6,37.0,17.29549999999999,83.733,7,7,0,HARD,0,3,79.90879999999999,78.539,24.132467532467533,41.096103896103905,1
Race,Spain,Barcelona,2024-06-23T13:00:00+00:00,9539,15,31,Alpine,,10,38.0,14.245000000000005,85.378,8,10,2,HARD,0,3,80.33286206896553,78.982,24.132467532467533,41.096103896103905,1
Race,Spain,Barcelona,2024-06-23T13:00:00+00:00,9539,15,18,Aston Martin,,14,38.0,18.14699999999999,85.201,10,12,2,HARD,1,3,81.07764285714286,79.318,24.132467532467533,41.096103896103905,1
Race,Spain,Barcelona,2024-06-23T13:00:00+00:00,9539,15,10,Alpine,,9,39.0,15.272999999999996,85.413,9,7,-2,HARD,0,3,80.27082142857144,79.045,24.132467532467533,41.096103896103905,1
Race,Spain,Barcelona,2024-06-23T13:00:00+00:00,9539,15,27,Haas F1 Team,,11,39.0,16.956999999999994,84.542,14,12,-2,HARD,0,3,80.28807142857144,78.609,24.132467532467533,41.096103896103905,1
Race,Spain,Barcelona,2024-06-23T13:00:00+00:00,9539,15,24,Kick Sauber,,13,42.0,19.601,85.635,14,12,-2,HARD,0,3,80.65829166666667,78.771,24.132467532467533,41.096103896103905,1
Race,Spain,Barcelona,2024-06-23T13:00:00+00:00,9539,15,3,RB,,15,43.0,18.4105,84.891,17,19,2,HARD,0,3,81.48160869565218,79.45,24.132467532467533,41.096103896103905,1
Race,Spain,Barcelona,2024-06-23T13:00:00+00:00,9539,15,44,Mercedes,,3,44.0,14.739999999999995,84.149,7,5,-2,SOFT,3,3,79.47699999999999,77.809,24.132467532467533,41.096103896103905,1
Race,Spain,Barcelona,2024-06-23T13:00:00+00:00,9539,15,1,Red Bull Racing,,1,45.0,16.396500000000003,83.427,4,2,-2,SOFT,0,3,79.1805,77.776,24.132467532467533,41.096103896103905,1
Race,Spain,Barcelona,2024-06-23T13:00:00+00:00,9539,15,23,Williams,,18,44.0,14.886499999999998,85.925,17,19,2,SOFT,0,3,81.63577272727272,79.132,24.132467532467533,41.096103896103905,1
Race,Spain,Barcelona,2024-06-23T13:00:00+00:00,9539,15,22,RB,,19,45.0,17.521,86.386,19,17,-2,SOFT,0,4,81.41195238095239,79.447,24.132467532467533,41.096103896103905,1
Race,Spain,Barcelona,2024-06-23T13:00:00+00:00,9539,15,14,Aston Martin,,12,46.0,16.80600000000001,84.032,8,10,2,HARD,0,3,80.3458,78.334,24.132467532467533,41.096103896103905,1
Race,Spain,Barcelona,2024-06-23T13:00:00+00:00,9539,15,81,McLaren,,7,47.0,16.118499999999997,84.084,6,8,2,SOFT,3,3,79.402,77.874,24.132467532467533,41.096103896103905,1
Race,Spain,Barcelona,2024-06-23T13:00:00+00:00,9539,15,4,McLaren,,2,48.0,16.944500000000005,82.986,4,6,2,SOFT,0,3,79.0666842105263,77.115,24.132467532467533,41.096103896103905,1
Race,Spain,Barcelona,2024-06-23T13:00:00+00:00,9539,15,16,Ferrari,,5,48.0,16.590500000000006,83.761,3,5,2,SOFT,3,3,79.47305263157897,77.897,24.132467532467533,41.096103896103905,1
Race,Spain,Barcelona,2024-06-23T13:00:00+00:00,9539,15,11,Red Bull Racing,,8,50.0,16.495999999999995,83.203,9,9,0,SOFT,3,4,79.90917647058824,77.785,24.132467532467533,41.096103896103905,1
Race,Austria,Spielberg,2024-06-30T13:00:00+00:00,9550,19,16,Ferrari,,11,2.0,22.182500000000005,82.511,20,18,-2,HARD,0,2,73.19993333333333,70.326,29.42587412587413,46.420979020979026,1
Race,Austria,Spielberg,2024-06-30T13:00:00+00:00,9550,19,2,Williams,,19,2.0,20.989000000000004,85.028,20,20,0,MEDIUM,0,2,74.12757894736842,71.686,29.42587412587413,46.420979020979026,1
Race,Austria,Spielberg,2024-06-30T13:00:00+00:00,9550,19,20,Haas F1 Team,,8,11.0,14.185500000000005,75.218,12,8,-4,HARD,0,2,72.36539285714285,70.994,29.42587412587413,46.420979020979026,1
Race,Austria,Spielberg,2024-06-30T13:00:00+00:00,9550,19,3,RB,,9,11.0,14.926000000000016,74.904,14,11,-3,HARD,0,2,72.41744444444446,71.27,29.42587412587413,46.420979020979026,1
Race,Austria,Spielberg,2024-06-30T13:00:00+00:00,9550,19,27,Haas F1 Team,,6,12.0,16.374499999999998,75.111,11,9,-2,HARD,0,2,72.25064285714286,70.544,29.42587412587413,46.420979020979026,1
Race,Austria,Spielberg,2024-06-30T13:00:00+00:00,9550,19,14,Aston Martin,,18,12.0,14.540500000000009,75.343,14,11,-3,MEDIUM,0,2,72.52454166666666,70.912,29.42587412587413,46.420979020979026,1
Race,Austria,Spielberg,2024-06-30T13:00:00+00:00,9550,19,23,Williams,,15,13.0,15.861499999999992,74.616,14,12,-2,HARD,0,2,72.62644444444443,71.171,29.42587412587413,46.420979020979026,1
Race,Austria,Spielberg,2024-06-30T13:00:00+00:00,9550,19,16,Ferrari,,11,17.0,15.3245,75.204,20,18,-2,MEDIUM,0,3,72.05735294117648,70.309,29.42587412587413,46.420979020979026,1
Race,Austria,Spielberg,2024-06-30T13:00:00+00:00,9550,19,31,Alpine,,12,20.0,15.112000000000009,76.146,13,11,-2,HARD,0,2,72.54537499999999,70.86,29.42587412587413,46.420979020979026,1
Race,Austria,Spielberg,2024-06-30T13:00:00+00:00,9550,19,77,Kick Sauber,,16,20.0,14.516999999999996,76.062,16,18,2,HARD,0,2,72.52900000000001,71.128,29.42587412587413,46.420979020979026,1
Race,Austria,Spielberg,2024-06-30T13:00:00+00:00,9550,19,10,Alpine,,10,21.0,14.472499999999997,75.809,14,12,-2,HARD,0,2,72.4930909090909,70.725,29.42587412587413,46.420979020979026,1
Race,Austria,Spielberg,2024-06-30T13:00:00+00:00,9550,19,18,Aston Martin,,13,21.0,13.774500000000003,76.301,17,15,-2,MEDIUM,0,2,72.43621739130434,71.033,29.42587412587413,46.420979020979026,1
Race,Austria,Spielberg,2024-06-30T13:00:00+00:00,9550,19,2,Williams,,19,21.0,16.501499999999993,76.433,20,20,0,HARD,0,3,72.8434827586207,70.753,29.42587412587413,46.420979020979026,1
Race,Austria,Spielberg,2024-06-30T13:00:00+00:00,9550,19,44,Mercedes,,4,22.0,13.983500000000006,75.73,4,4,0,HARD,0,2,71.33290625000001,70.128,29.42587412587413,46.420979020979026,1
Race,Austria,Spielberg,2024-06-30T13:00:00+00:00,9550,19,11,Red Bull Racing,,7,22.0,14.37400000000001,76.283,7,9,2,HARD,0,2,71.7933,70.492,29.42587412587413,46.420979020979026,1
Race,Austria,Spielberg,2024-06-30T13:00:00+00:00,9550,19,22,RB,,14,22.0,14.439000000000007,76.247,14,16,2,HARD,0,2,72.4058695652174,71.011,29.42587412587413,46.420979020979026,1
Race,Austria,Spielberg,2024-06-30T13:00:00+00:00,9550,19,55,Ferrari,,3,23.0,14.339000000000013,74.879,4,6,2,HARD,0,2,71.32184000000001,69.889,29.42587412587413,46.420979020979026,1
Race,Austria,Spielberg,2024-06-30T13:00:00+00:00,9550,19,63,Mercedes,,1,23.0,14.449000000000012,75.077,3,5,2,MEDIUM,0,2,71.33041666666666,69.563,29.42587412587413,46.420979020979026,1
Race,Austria,Spielberg,2024-06-30T13:00:00+00:00,9550,19,1,Red Bull Racing,,5,24.0,15.171500000000009,74.679,1,3,2,HARD,0,2,70.84957142857142,69.451,29.42587412587413,46.420979020979026,1
Race,Austria,Spielberg,2024-06-30T13:00:00+00:00,9550,19,4,McLaren,,20,24.0,16.0235,75.037,6,8,2,HARD,0,2,70.90842857142857,69.4,29.42587412587413,46.420979020979026,1
Race,Austria,Spielberg,2024-06-30T13:00:00+00:00,9550,19,81,McLaren,,2,26.0,14.757999999999996,74.343,3,5,2,HARD,0,2,71.20303846153845,69.516,29.42587412587413,46.420979020979026,1
Race,Austria,Spielberg,2024-06-30T13:00:00+00:00,9550,19,24,Kick Sauber,,17,29.0,16.7915,76.494,13,15,2,MEDIUM,0,2,72.77308695652172,70.713,29.42587412587413,46.420979020979026,1
Race,Austria,Spielberg,2024-06-30T13:00:00+00:00,9550,19,16,Ferrari,,11,34.0,16.072999999999993,74.757,20,18,-2,MEDIUM,1,4,71.64833333333333,69.894,29.42587412587413,46.420979020979026,1
Race,Austria,Spielberg,2024-06-30T13:00:00+00:00,9550,19,14,Aston Martin,,18,36.0,26.497500000000016,78.118,14,11,-3,HARD,1,3,73.0829090909091,70.576,29.42587412587413,46.420979020979026,1
Race,Austria,Spielberg,2024-06-30T13:00:00+00:00,9550,19,3,RB,,9,38.0,14.220499999999987,75.305,14,11,-3,HARD,0,3,71.86444117647059,70.426,29.42587412587413,46.420979020979026,1
Race,Austria,Spielberg,2024-06-30T13:00:00+00:00,9550,19,20,Haas F1 Team,,8,39.0,14.15549999999999,75.311,12,8,-4,HARD,0,3,71.90142424242424,70.125,29.42587412587413,46.420979020979026,1
Race,Austria,Spielberg,2024-06-30T13:00:00+00:00,9550,19,27,Haas F1 Team,,6,40.0,14.043999999999997,74.884,11,9,-2,HARD,0,3,71.86434375,70.215,29.42587412587413,46.420979020979026,1
Race,Austria,Spielberg,2024-06-30T13:00:00+00:00,9550,19,23,Williams,,15,40.0,14.331500000000005,77.195,14,12,-2,HARD,0,3,72.2824193548387,70.364,29.42587412587413,46.420979020979026,1
Race,Austria,Spielberg,2024-06-30T13:00:00+00:00,9550,19,10,Alpine,,10,43.0,14.615499999999997,75.358,14,12,-2,MEDIUM,0,3,71.82475862068966,69.609,29.42587412587413,46.420979020979026,1
Race,Austria,Spielberg,2024-06-30T13:00:00+00:00,9550,19,77,Kick Sauber,,16,43.0,16.316500000000005,75.36,16,18,2,HARD,0,3,72.55678571428571,70.449,29.42587412587413,46.420979020979026,1
Race,Austria,Spielberg,2024-06-30T13:00:00+00:00,9550,19,31,Alpine,,12,44.0,14.162500000000009,75.176,13,11,-2,MEDIUM,0,3,72.03457142857143,69.649,29.42587412587413,46.420979020979026,1
Race,Austria,Spielberg,2024-06-30T13:00:00+00:00,9550,19,18,Aston Martin,,13,44.0,15.644499999999994,74.734,17,15,-2,HARD,1,3,72.35940740740742,70.143,29.42587412587413,46.420979020979026,1
Race,Austria,Spielberg,2024-06-30T13:00:00+00:00,9550,19,22,RB,,14,45.0,18.824499999999986,75.062,14,16,2,HARD,0,3,72.59757692307691,70.318,29.42587412587413,46.420979020979026,1
Race,Austria,Spielberg,2024-06-30T13:00:00+00:00,9550,19,63,Mercedes,,1,47.0,13.718500000000006,75.687,3,5,2,HARD,0,3,71.19684000000001,69.164,29.42587412587413,46.420979020979026,1
Race,Austria,Spielberg,2024-06-30T13:00:00+00:00,9550,19,55,Ferrari,,3,48.0,14.159999999999997,74.811,4,6,2,MEDIUM,0,3,71.27679166666667,69.282,29.42587412587413,46.420979020979026,1
Race,Austria,Spielberg,2024-06-30T13:00:00+00:00,9550,19,2,Williams,,19,50.0,16.471000000000004,75.384,20,20,0,MEDIUM,0,4,73.18084999999999,70.406,29.42587412587413,46.420979020979026,1
Race,Austria,Spielberg,2024-06-30T13:00:00+00:00,9550,19,1,Red Bull Racing,,5,52.0,20.26899999999999,73.86,1,3,2,MEDIUM,3,3,73.31776923076924,68.623,29.42587412587413,46.420979020979026,1
Race,Austria,Spielberg,2024-06-30T13:00:00+00:00,9550,19,4,McLaren,,20,52.0,14.468500000000006,74.573,6,8,2,MEDIUM,0,3,74.4813076923077,68.016,29.42587412587413,46.420979020979026,1
Race,Austria,Spielberg,2024-06-30T13:00:00+00:00,9550,19,81,McLaren,,2,52.0,13.855000000000004,73.906,3,5,2,MEDIUM,0,3,71.1268,68.697,29.42587412587413,46.420979020979026,1
Race,Austria,Spielberg,2024-06-30T13:00:00+00:00,9550,19,11,Red Bull Racing,,7,52.0,20.870999999999995,76.263,7,9,2,MEDIUM,5,3,72.6144,69.694,29.42587412587413,46.420979020979026,1
Race,Austria,Spielberg,2024-06-30T13:00:00+00:00,9550,19,16,Ferrari,,11,52.0,13.744500000000002,73.925,20,18,-2,MEDIUM,6,5,71.75625,69.584,29.42587412587413,46.420979020979026,1
Race,Austria,Spielberg,2024-06-30T13:00:00+00:00,9550,19,24,Kick Sauber,,17,52.0,15.495499999999993,75.549,13,15,2,HARD,0,3,72.81163157894737,70.47,29.42587412587413,46.420979020979026,1
Race,Austria,Spielberg,2024-06-30T13:00:00+00:00,9550,19,44,Mercedes,,4,54.0,20.200000000000003,75.339,4,4,0,MEDIUM,0,3,72.12816666666669,69.562,29.42587412587413,46.420979020979026,1
Race,Austria,Spielberg,2024-06-30T13:00:00+00:00,9550,19,1,Red Bull Racing,,5,65.0,2.8360000000000127,98.003,1,3,2,SOFT,0,4,74.53385714285716,67.719,29.42587412587413,46.420979020979026,1
Race,Austria,Spielberg,2024-06-30T13:00:00+00:00,9550,19,14,Aston Martin,,18,69.0,18.696000000000012,75.636,14,11,-3,SOFT,0,4,79.0275,67.694,29.42587412587413,46.420979020979026,1
Race,United Kingdom,Silverstone,2024-07-07T14:00:00+00:00,9558,2,24,Kick Sauber,,18,13.0,21.706500000000005,94.235,14,16,2,MEDIUM,0,2,99.89085714285714,92.45,15.77074829931973,27.670068027210885,1
Race,United Kingdom,Silverstone,2024-07-07T14:00:00+00:00,9558,2,16,Ferrari,,14,20.0,15.912000000000006,105.868,11,13,2,INTERMEDIATE,0,2,108.33250000000001,102.846,15.77074829931973,27.670068027210885,1
Race,United Kingdom,Silverstone,2024-07-07T14:00:00+00:00,9558,2,11,Red Bull Racing,,17,20.0,17.2175,101.868,16,16,0,INTERMEDIATE,0,2,108.20566666666667,101.997,15.77074829931973,27.670068027210885,1
Race,United Kingdom,Silverstone,2024-07-07T14:00:00+00:00,9558,2,31,Alpine,,16,20.0,20.291500000000013,101.731,18,18,0,INTERMEDIATE,0,2,110.38050000000001,99.736,15.77074829931973,27.670068027210885,1
Race,United Kingdom,Silverstone,2024-07-07T14:00:00+00:00,9558,2,24,Kick Sauber,,18,20.0,20.518500000000003,106.313,14,16,2,INTERMEDIATE,0,3,110.43842857142856,104.56,15.77074829931973,27.670068027210885,1
Race,United Kingdom,Silverstone,2024-07-07T14:00:00+00:00,9558,2,31,Alpine,,16,22.0,17.596000000000004,99.736,18,18,0,MEDIUM,0,3,106.96860000000001,95.488,15.77074829931973,27.670068027210885,1
Race,United Kingdom,Silverstone,2024-07-07T14:00:00+00:00,9558,2,1,Red Bull Racing,,2,27.0,17.835499999999996,101.491,5,5,0,INTERMEDIATE,0,2,102.78424999999999,95.963,15.77074829931973,27.670068027210885,1
Race,United Kingdom,Silverstone,2024-07-07T14:00:00+00:00,9558,2,55,Ferrari,,5,27.0,19.102999999999994,102.481,4,3,-1,INTERMEDIATE,0,2,103.36392307692307,96.802,15.77074829931973,27.670068027210885,1
Race,United Kingdom,Silverstone,2024-07-07T14:00:00+00:00,9558,2,27,Haas F1 Team,,6,27.0,20.852000000000004,101.853,7,9,2,INTERMEDIATE,0,2,103.79030769230768,97.245,15.77074829931973,27.670068027210885,1
Race,United Kingdom,Silverstone,2024-07-07T14:00:00+00:00,9558,2,18,Aston Martin,,7,27.0,20.125500000000002,100.784,8,10,2,INTERMEDIATE,0,2,103.9906153846154,97.759,15.77074829931973,27.670068027210885,1
Race,United Kingdom,Silverstone,2024-07-07T14:00:00+00:00,9558,2,3,RB,,13,27.0,18.71249999999999,104.813,14,16,2,INTERMEDIATE,0,2,105.51809090909092,100.483,15.77074829931973,27.670068027210885,1
Race,United Kingdom,Silverstone,2024-07-07T14:00:00+00:00,9558,2,77,Kick Sauber,,15,27.0,19.319500000000005,109.533,18,16,-2,INTERMEDIATE,0,2,105.78127272727274,99.987,15.77074829931973,27.670068027210885,1
Race,United Kingdom,Silverstone,2024-07-07T14:00:00+00:00,9558,2,4,McLaren,,3,28.0,18.379000000000005,104.806,3,1,-2,INTERMEDIATE,0,2,102.57650000000001,96.746,15.77074829931973,27.670068027210885,1
Race,United Kingdom,Silverstone,2024-07-07T14:00:00+00:00,9558,2,44,Mercedes,,1,28.0,18.064499999999995,105.183,2,2,0,INTERMEDIATE,0,2,102.91672727272727,97.22,15.77074829931973,27.670068027210885,1
Race,United Kingdom,Silverstone,2024-07-07T14:00:00+00:00,9558,2,63,Mercedes,,19,28.0,20.290499999999994,107.698,7,9,2,INTERMEDIATE,0,2,106.19866666666667,100.405,15.77074829931973,27.670068027210885,1
Race,United Kingdom,Silverstone,2024-07-07T14:00:00+00:00,9558,2,14,Aston Martin,,8,28.0,18.634500000000003,108.513,8,7,-1,INTERMEDIATE,0,2,104.67218181818181,98.684,15.77074829931973,27.670068027210885,1
Race,United Kingdom,Silverstone,2024-07-07T14:00:00+00:00,9558,2,22,RB,,10,28.0,17.510499999999993,108.126,10,9,-1,INTERMEDIATE,0,2,105.0139090909091,98.67,15.77074829931973,27.670068027210885,1
Race,United Kingdom,Silverstone,2024-07-07T14:00:00+00:00,9558,2,23,Williams,,9,28.0,23.718999999999994,107.754,12,9,-3,INTERMEDIATE,0,2,105.2198181818182,97.843,15.77074829931973,27.670068027210885,1
Race,United Kingdom,Silverstone,2024-07-07T14:00:00+00:00,9558,2,31,Alpine,,16,27.0,12.52300000000001,118.71,18,18,0,INTERMEDIATE,0,4,104.62733333333334,99.44,15.77074829931973,27.670068027210885,1
Race,United Kingdom,Silverstone,2024-07-07T14:00:00+00:00,9558,2,20,Haas F1 Team,,12,28.0,18.215500000000006,111.325,13,10,-3,INTERMEDIATE,0,2,106.20249999999999,102.038,15.77074829931973,27.670068027210885,1
Race,United Kingdom,Silverstone,2024-07-07T14:00:00+00:00,9558,2,2,Williams,,11,28.0,18.750499999999988,112.246,13,12,-1,INTERMEDIATE,0,2,105.62990909090908,98.811,15.77074829931973,27.670068027210885,1
Race,United Kingdom,Silverstone,2024-07-07T14:00:00+00:00,9558,2,24,Kick Sauber,,18,27.0,21.025500000000008,105.113,14,16,2,INTERMEDIATE,0,4,105.57254545454545,101.608,15.77074829931973,27.670068027210885,1
Race,United Kingdom,Silverstone,2024-07-07T14:00:00+00:00,9558,2,81,McLaren,,4,29.0,14.449999999999989,112.976,1,3,2,INTERMEDIATE,0,2,103.68229999999998,97.106,15.77074829931973,27.670068027210885,1
Race,United Kingdom,Silverstone,2024-07-07T14:00:00+00:00,9558,2,16,Ferrari,,14,28.0,19.381,105.912,11,13,2,INTERMEDIATE,0,3,104.24680000000001,98.357,15.77074829931973,27.670068027210885,1
Race,United Kingdom,Silverstone,2024-07-07T14:00:00+00:00,9558,2,11,Red Bull Racing,,17,29.0,21.762500000000003,105.224,16,16,0,INTERMEDIATE,0,3,105.09766666666667,99.697,15.77074829931973,27.670068027210885,1
Race,United Kingdom,Silverstone,2024-07-07T14:00:00+00:00,9558,2,20,Haas F1 Team,,12,38.0,26.305999999999997,102.038,13,10,-3,SOFT,0,3,93.46346666666665,90.093,15.77074829931973,27.670068027210885,1
Race,United Kingdom,Silverstone,2024-07-07T14:00:00+00:00,9558,2,3,RB,,13,38.0,26.5175,100.483,14,16,2,SOFT,0,3,94.19742857142857,90.735,15.77074829931973,27.670068027210885,1
Race,United Kingdom,Silverstone,2024-07-07T14:00:00+00:00,9558,2,77,Kick Sauber,,15,38.0,28.0775,99.987,18,16,-2,SOFT,0,3,94.97378571428574,91.277,15.77074829931973,27.670068027210885,1
Race,United Kingdom,Silverstone,2024-07-07T14:00:00+00:00,9558,2,44,Mercedes,,1,39.0,23.61999999999999,97.22,2,2,0,SOFT,0,3,91.74042857142855,89.438,15.77074829931973,27.670068027210885,1
Race,United Kingdom,Silverstone,2024-07-07T14:00:00+00:00,9558,2,1,Red Bull Racing,,2,39.0,25.301500000000004,95.963,5,5,0,HARD,0,3,91.45292857142856,88.952,15.77074829931973,27.670068027210885,1
Race,United Kingdom,Silverstone,2024-07-07T14:00:00+00:00,9558,2,81,McLaren,,4,39.0,21.1485,97.106,1,3,2,MEDIUM,0,3,91.1984285714286,88.748,15.77074829931973,27.670068027210885,1
Race,United Kingdom,Silverstone,2024-07-07T14:00:00+00:00,9558,2,16,Ferrari,,14,38.0,22.89200000000001,98.357,11,13,2,SOFT,0,4,92.376,89.748,15.77074829931973,27.670068027210885,1
Race,United Kingdom,Silverstone,2024-07-07T14:00:00+00:00,9558,2,11,Red Bull Racing,,17,38.0,23.961500000000015,99.697,16,16,0,MEDIUM,0,4,93.95859999999999,90.136,15.77074829931973,27.670068027210885,1
Race,United Kingdom,Silverstone,2024-07-07T14:00:00+00:00,9558,2,14,Aston Martin,,8,39.0,24.319000000000003,98.684,8,7,-1,MEDIUM,0,3,92.43328571428573,89.71,15.77074829931973,27.670068027210885,1
Race,United Kingdom,Silverstone,2024-07-07T14:00:00+00:00,9558,2,22,RB,,10,39.0,23.143,98.67,10,9,-1,SOFT,0,3,93.19842857142855,90.229,15.77074829931973,27.670068027210885,1
Race,United Kingdom,Silverstone,2024-07-07T14:00:00+00:00,9558,2,23,Williams,,9,39.0,23.311999999999998,97.843,12,9,-3,MEDIUM,0,3,92.206,89.718,15.77074829931973,27.670068027210885,1
Race,United Kingdom,Silverstone,2024-07-07T14:00:00+00:00,9558,2,2,Williams,,11,39.0,21.174000000000007,98.811,13,12,-1,SOFT,0,3,92.76321428571428,89.972,15.77074829931973,27.670068027210885,1
Race,United Kingdom,Silverstone,2024-07-07T14:00:00+00:00,9558,2,4,McLaren,,3,40.0,21.60050000000001,96.746,3,1,-2,SOFT,2,3,92.02484615384616,89.262,15.77074829931973,27.670068027210885,1
Race,United Kingdom,Silverstone,2024-07-07T14:00:00+00:00,9558,2,24,Kick Sauber,,18,38.0,29.576999999999998,101.608,14,16,2,SOFT,1,5,94.39546153846153,91.014,15.77074829931973,27.670068027210885,1
Race,United Kingdom,Silverstone,2024-07-07T14:00:00+00:00,9558,2,55,Ferrari,,5,40.0,23.114500000000007,96.802,4,3,-1,HARD,0,3,92.15718181818181,89.415,15.77074829931973,27.670068027210885,1
Race,United Kingdom,Silverstone,2024-07-07T14:00:00+00:00,9558,2,27,Haas F1 Team,,6,40.0,21.488000000000014,97.245,7,9,2,SOFT,3,3,92.34853846153845,89.836,15.77074829931973,27.670068027210885,1
Race,United Kingdom,Silverstone,2024-07-07T14:00:00+00:00,9558,2,18,Aston Martin,,7,40.0,22.103499999999997,97.759,8,10,2,MEDIUM,0,3,92.05223076923077,89.897,15.77074829931973,27.670068027210885,1
Race,United Kingdom,Silverstone,2024-07-07T14:00:00+00:00,9558,2,31,Alpine,,16,39.0,23.991,99.44,18,18,0,MEDIUM,0,5,94.27550000000001,90.875,15.77074829931973,27.670068027210885,1
Race,United Kingdom,Silverstone,2024-07-07T14:00:00+00:00,9558,2,11,Red Bull Racing,,17,48.0,31.429500000000004,90.795,16,16,0,SOFT,0,5,104.19133333333333,89.707,15.77074829931973,27.670068027210885,1
Race,United Kingdom,Silverstone,2024-07-07T14:00:00+00:00,9558,2,55,Ferrari,,5,51.0,23.682500000000005,89.434,4,3,-1,SOFT,3,4,100.4195,88.293,15.77074829931973,27.670068027210885,1
Race,Hungary,Budapest,2024-07-21T13:00:00+00:00,9566,4,27,Haas F1 Team,,13,3.0,15.101000000000013,88.821,11,13,2,HARD,0,2,86.0742962962963,83.509,28.82387096774194,44.91612903225806,0
Race,Hungary,Budapest,2024-07-21T13:00:00+00:00,9566,4,31,Alpine,,18,7.0,15.340999999999994,88.553,16,16,0,HARD,0,2,86.280375,84.287,28.82387096774194,44.91612903225806,0
Race,Hungary,Budapest,2024-07-21T13:00:00+00:00,9566,4,23,Williams,,14,7.0,15.856999999999985,88.058,14,14,0,HARD,0,2,86.24591304347825,84.572,28.82387096774194,44.91612903225806,0
Race,Hungary,Budapest,2024-07-21T13:00:00+00:00,9566,4,20,Haas F1 Team,,15,7.0,16.10900000000001,88.066,18,16,-2,HARD,0,2,86.19032142857145,84.576,28.82387096774194,44.91612903225806,0
Race,Hungary,Budapest,2024-07-21T13:00:00+00:00,9566,4,14,Aston Martin,,11,8.0,17.727499999999992,86.161,12,10,-2,MEDIUM,1,2,85.71526666666665,83.792,28.82387096774194,44.91612903225806,0
Race,Hungary,Budapest,2024-07-21T13:00:00+00:00,9566,4,3,RB,,12,8.0,17.580000000000013,86.3,16,18,2,HARD,0,2,86.42376190476192,84.708,28.82387096774194,44.91612903225806,0
Race,Hungary,Budapest,2024-07-21T13:00:00+00:00,9566,4,24,Kick Sauber,,19,8.0,15.914500000000004,88.146,18,15,-3,HARD,0,2,86.48927586206895,84.663,28.82387096774194,44.91612903225806,0
Race,Hungary,Budapest,2024-07-21T13:00:00+00:00,9566,4,2,Williams,,17,9.0,16.608999999999995,87.436,17,19,2,HARD,0,2,86.25796000000003,84.735,28.82387096774194,44.91612903225806,0
Race,Hungary,Budapest,2024-07-21T13:00:00+00:00,9566,4,18,Aston Martin,,10,15.0,18.658500000000004,88.097,13,11,-2,MEDIUM,1,2,85.66303225806452,84.176,28.82387096774194,44.91612903225806,0
Race,Hungary,Budapest,2024-07-21T13:00:00+00:00,9566,4,44,Mercedes,,3,17.0,15.018,87.246,6,6,0,HARD,0,2,84.669125,83.145,28.82387096774194,44.91612903225806,0
Race,Hungary,Budapest,2024-07-21T13:00:00+00:00,9566,4,77,Kick Sauber,,16,17.0,15.908000000000001,88.01,18,16,-2,HARD,0,2,86.12755172413793,83.887,28.82387096774194,44.91612903225806,0
Race,Hungary,Budapest,2024-07-21T13:00:00+00:00,9566,4,4,McLaren,,2,18.0,16.674999999999997,86.485,4,3,-1,HARD,1,2,84.42049999999999,82.82,28.82387096774194,44.91612903225806,0
Race,Hungary,Budapest,2024-07-21T13:00:00+00:00,9566,4,81,McLaren,,1,19.0,17.429500000000004,86.496,3,1,-2,HARD,1,2,84.45534482758619,82.654,28.82387096774194,44.91612903225806,0
Race,Hungary,Budapest,2024-07-21T13:00:00+00:00,9566,4,1,Red Bull Racing,,5,22.0,16.89,87.027,5,3,-2,HARD,0,2,84.45275000000001,82.655,28.82387096774194,44.91612903225806,0
Race,Hungary,Budapest,2024-07-21T13:00:00+00:00,9566,4,55,Ferrari,,6,22.0,16.5,87.324,6,8,2,HARD,0,2,84.49923076923076,82.908,28.82387096774194,44.91612903225806,0
Race,Hungary,Budapest,2024-07-21T13:00:00+00:00,9566,4,16,Ferrari,,4,24.0,17.033500000000004,86.918,2,4,2,HARD,0,2,84.65029411764705,82.182,28.82387096774194,44.91612903225806,0
Race,Hungary,Budapest,2024-07-21T13:00:00+00:00,9566,4,11,Red Bull Racing,,7,29.0,15.863,88.128,11,13,2,MEDIUM,0,2,84.31363157894735,82.197,28.82387096774194,44.91612903225806,0
Race,Hungary,Budapest,2024-07-21T13:00:00+00:00,9566,4,10,Alpine,,20,29.0,15.462000000000003,88.972,16,18,2,MEDIUM,0,2,87.8184,83.34,28.82387096774194,44.91612903225806,0
Race,Hungary,Budapest,2024-07-21T13:00:00+00:00,9566,4,3,RB,,12,29.0,14.541000000000011,88.132,16,18,2,HARD,0,3,84.71470731707318,82.64,28.82387096774194,44.91612903225806,0
Race,Hungary,Budapest,2024-07-21T13:00:00+00:00,9566,4,22,RB,,9,30.0,15.639499999999998,88.185,7,7,0,HARD,0,2,84.58634146341463,83.533,28.82387096774194,44.91612903225806,0
Race,Hungary,Budapest,2024-07-21T13:00:00+00:00,9566,4,27,Haas F1 Team,,13,30.0,16.858500000000006,87.89,11,13,2,HARD,0,3,85.16062500000001,83.461,28.82387096774194,44.91612903225806,0
Race,Hungary,Budapest,2024-07-21T13:00:00+00:00,9566,4,23,Williams,,14,30.0,17.786999999999992,87.968,14,14,0,HARD,0,3,85.21669999999999,83.93,28.82387096774194,44.91612903225806,0
Race,Hungary,Budapest,2024-07-21T13:00:00+00:00,9566,4,31,Alpine,,18,31.0,14.938000000000002,88.594,16,16,0,HARD,0,3,85.55714705882353,84.057,28.82387096774194,44.91612903225806,0
Race,Hungary,Budapest,2024-07-21T13:00:00+00:00,9566,4,63,Mercedes,,8,34.0,14.856499999999997,88.191,7,7,0,MEDIUM,0,2,83.76329999999999,82.211,28.82387096774194,44.91612903225806,0
Race,Hungary,Budapest,2024-07-21T13:00:00+00:00,9566,4,2,Williams,,17,34.0,15.381499999999988,88.01,17,19,2,HARD,0,3,85.59646666666669,84.09,28.82387096774194,44.91612903225806,0
Race,Hungary,Budapest,2024-07-21T13:00:00+00:00,9566,4,20,Haas F1 Team,,15,35.0,17.333,88.105,18,16,-2,HARD,0,3,85.33482857142856,83.553,28.82387096774194,44.91612903225806,0
Race,Hungary,Budapest,2024-07-21T13:00:00+00:00,9566,4,24,Kick Sauber,,19,37.0,17.609499999999997,89.15,18,15,-3,HARD,0,3,85.42072727272729,83.487,28.82387096774194,44.91612903225806,0
Race,Hungary,Budapest,2024-07-21T13:00:00+00:00,9566,4,14,Aston Martin,,11,38.0,15.379000000000005,87.324,12,10,-2,HARD,1,3,84.3672727272727,83.063,28.82387096774194,44.91612903225806,0
Race,Hungary,Budapest,2024-07-21T13:00:00+00:00,9566,4,16,Ferrari,,4,41.0,15.798000000000002,87.274,2,4,2,MEDIUM,0,3,83.62353333333334,82.299,28.82387096774194,44.91612903225806,0
Race,Hungary,Budapest,2024-07-21T13:00:00+00:00,9566,4,44,Mercedes,,3,41.0,15.892499999999998,87.733,6,6,0,HARD,0,3,83.50603333333332,82.153,28.82387096774194,44.91612903225806,0
Race,Hungary,Budapest,2024-07-21T13:00:00+00:00,9566,4,4,McLaren,,2,46.0,14.141999999999996,86.328,4,3,-1,MEDIUM,1,3,83.27604000000001,81.712,28.82387096774194,44.91612903225806,0
Race,Hungary,Budapest,2024-07-21T13:00:00+00:00,9566,4,18,Aston Martin,,10,46.0,17.087000000000003,87.098,13,11,-2,HARD,1,3,83.96508,82.338,28.82387096774194,44.91612903225806,0
Race,Hungary,Budapest,2024-07-21T13:00:00+00:00,9566,4,77,Kick Sauber,,16,46.0,16.366500000000002,88.675,18,16,-2,HARD,0,3,85.34587499999999,82.792,28.82387096774194,44.91612903225806,0
Race,Hungary,Budapest,2024-07-21T13:00:00+00:00,9566,4,81,McLaren,,1,48.0,17.063000000000002,86.252,3,1,-2,MEDIUM,1,3,83.19878260869565,81.716,28.82387096774194,44.91612903225806,0
Race,Hungary,Budapest,2024-07-21T13:00:00+00:00,9566,4,55,Ferrari,,6,48.0,15.707999999999998,87.215,6,8,2,MEDIUM,0,3,83.38160869565219,81.441,28.82387096774194,44.91612903225806,0
Race,Hungary,Budapest,2024-07-21T13:00:00+00:00,9566,4,11,Red Bull Racing,,7,48.0,16.021,85.878,11,13,2,MEDIUM,0,3,83.15143478260869,81.096,28.82387096774194,44.91612903225806,0
Race,Hungary,Budapest,2024-07-21T13:00:00+00:00,9566,4,1,Red Bull Racing,,5,50.0,15.602000000000004,86.468,5,3,-2,MEDIUM,0,3,83.67714285714285,80.908,28.82387096774194,44.91612903225806,0
Race,Hungary,Budapest,2024-07-21T13:00:00+00:00,9566,4,63,Mercedes,,8,54.0,15.745999999999995,85.333,7,7,0,HARD,0,3,83.28964705882355,80.305,28.82387096774194,44.91612903225806,0
Race,Hungary,Budapest,2024-07-21T13:00:00+00:00,9566,4,2,Williams,,17,64.0,14.534999999999997,89.989,17,19,2,SOFT,0,4,84.7485,80.561,28.82387096774194,44.91612903225806,0
Race,Hungary,Budapest,2024-07-21T13:00:00+00:00,9566,4,31,Alpine,,18,65.0,14.6965,91.815,16,16,0,SOFT,0,4,86.53899999999999,81.61,28.82387096774194,44.91612903225806,0
Race,Belgium,Spa-Francorchamps,2024-07-28T13:00:00+00:00,9574,7,27,Haas F1 Team,,19,8.0,12.238,115.52,14,14,0,HARD,0,2,111.689,109.269,21.32846715328467,42.26715328467153,0
Race,Belgium,Spa-Francorchamps,2024-07-28T13:00:00+00:00,9574,7,23,Williams,,13,9.0,10.657499999999999,115.365,11,9,-2,MEDIUM,0,2,111.21853333333333,109.702,21.32846715328467,42.26715328467153,0
Race,Belgium,Spa-Francorchamps,2024-07-28T13:00:00+00:00,9574,7,3,RB,,11,9.0,10.37700000000001,115.595,13,15,2,MEDIUM,0,2,111.19730769230767,109.471,21.32846715328467,42.26715328467153,0
Race,Belgium,Spa-Francorchamps,2024-07-28T13:00:00+00:00,9574,7,2,Williams,,18,9.0,11.354,115.636,19,17,-2,MEDIUM,0,2,111.952375,109.428,21.32846715328467,42.26715328467153,0
Race,Belgium,Spa-Francorchamps,2024-07-28T13:00:00+00:00,9574,7,10,Alpine,,14,10.0,12.026499999999999,116.01,16,14,-2,HARD,0,2,110.8483157894737,109.287,21.32846715328467,42.26715328467153,0
Race,Belgium,Spa-Francorchamps,2024-07-28T13:00:00+00:00,9574,7,63,Mercedes,,1,11.0,10.194000000000003,114.652,11,9,-2,HARD,0,2,108.42702941176469,107.113,21.32846715328467,42.26715328467153,0
Race,Belgium,Spa-Francorchamps,2024-07-28T13:00:00+00:00,9574,7,1,Red Bull Racing,,5,11.0,11.260000000000005,114.655,12,10,-2,HARD,0,2,109.39527777777779,107.431,21.32846715328467,42.26715328467153,0
Race,Belgium,Spa-Francorchamps,2024-07-28T13:00:00+00:00,9574,7,44,Mercedes,,2,12.0,13.52600000000001,114.328,3,1,-2,HARD,0,2,109.49393333333333,107.845,21.32846715328467,42.26715328467153,0
Race,Belgium,Spa-Francorchamps,2024-07-28T13:00:00+00:00,9574,7,11,Red Bull Racing,,8,12.0,11.896,114.844,6,4,-2,MEDIUM,0,2,110.77650000000001,108.305,21.32846715328467,42.26715328467153,0
Race,Belgium,Spa-Francorchamps,2024-07-28T13:00:00+00:00,9574,7,81,McLaren,,3,12.0,12.184999999999988,114.271,9,6,-3,HARD,0,2,108.99784210526315,107.024,21.32846715328467,42.26715328467153,0
Race,Belgium,Spa-Francorchamps,2024-07-28T13:00:00+00:00,9574,7,77,Kick Sauber,,16,12.0,10.671500000000009,115.226,17,15,-2,HARD,0,2,110.36970833333334,108.766,21.32846715328467,42.26715328467153,0
Race,Belgium,Spa-Francorchamps,2024-07-28T13:00:00+00:00,9574,7,16,Ferrari,,4,13.0,11.50800000000001,114.091,2,4,2,HARD,0,2,109.65084615384616,107.971,21.32846715328467,42.26715328467153,0
Race,Belgium,Spa-Francorchamps,2024-07-28T13:00:00+00:00,9574,7,31,Alpine,,10,13.0,10.831000000000003,115.525,17,15,-2,HARD,0,2,110.18444444444445,108.419,21.32846715328467,42.26715328467153,0
Race,Belgium,Spa-Francorchamps,2024-07-28T13:00:00+00:00,9574,7,18,Aston Martin,,12,13.0,12.332000000000008,115.246,15,17,2,HARD,0,2,109.8046875,108.105,21.32846715328467,42.26715328467153,0
Race,Belgium,Spa-Francorchamps,2024-07-28T13:00:00+00:00,9574,7,14,Aston Martin,,9,14.0,11.9315,114.654,9,11,2,HARD,0,2,109.58277419354839,108.051,21.32846715328467,42.26715328467153,0
Race,Belgium,Spa-Francorchamps,2024-07-28T13:00:00+00:00,9574,7,4,McLaren,,6,16.0,11.036000000000001,113.928,6,8,2,HARD,0,2,109.24785714285716,107.515,21.32846715328467,42.26715328467153,0
Race,Belgium,Spa-Francorchamps,2024-07-28T13:00:00+00:00,9574,7,22,RB,,17,16.0,11.9285,116.408,11,13,2,HARD,1,2,109.89206896551724,107.969,21.32846715328467,42.26715328467153,0
Race,Belgium,Spa-Francorchamps,2024-07-28T13:00:00+00:00,9574,7,20,Haas F1 Team,,15,18.0,12.557500000000005,114.556,20,12,-8,HARD,0,2,109.61414814814815,107.848,21.32846715328467,42.26715328467153,0
Race,Belgium,Spa-Francorchamps,2024-07-28T13:00:00+00:00,9574,7,55,Ferrari,,7,21.0,11.810999999999993,113.718,5,7,2,MEDIUM,0,2,110.463375,107.75,21.32846715328467,42.26715328467153,0
Race,Belgium,Spa-Francorchamps,2024-07-28T13:00:00+00:00,9574,7,27,Haas F1 Team,,19,21.0,11.780999999999992,114.819,14,14,0,MEDIUM,0,3,110.09362500000002,108.954,21.32846715328467,42.26715328467153,0
Race,Belgium,Spa-Francorchamps,2024-07-28T13:00:00+00:00,9574,7,11,Red Bull Racing,,8,22.0,10.878500000000003,114.682,6,4,-2,HARD,0,3,108.85871428571429,107.223,21.32846715328467,42.26715328467153,0
Race,Belgium,Spa-Francorchamps,2024-07-28T13:00:00+00:00,9574,7,3,RB,,11,22.0,13.110500000000002,114.387,13,15,2,HARD,1,3,108.9354347826087,107.435,21.32846715328467,42.26715328467153,0
Race,Belgium,Spa-Francorchamps,2024-07-28T13:00:00+00:00,9574,7,23,Williams,,13,24.0,11.922000000000011,114.299,11,9,-2,HARD,0,3,109.29895238095239,107.996,21.32846715328467,42.26715328467153,0
Race,Belgium,Spa-Francorchamps,2024-07-28T13:00:00+00:00,9574,7,2,Williams,,18,25.0,11.9435,115.713,19,17,-2,HARD,0,3,109.27740000000001,107.49,21.32846715328467,42.26715328467153,0
Race,Belgium,Spa-Francorchamps,2024-07-28T13:00:00+00:00,9574,7,16,Ferrari,,4,26.0,12.275999999999996,112.358,2,4,2,HARD,0,3,108.16026315789475,107.013,21.32846715328467,42.26715328467153,0
Race,Belgium,Spa-Francorchamps,2024-07-28T13:00:00+00:00,9574,7,44,Mercedes,,2,27.0,11.578500000000005,112.047,3,1,-2,HARD,0,3,107.88383333333334,106.653,21.32846715328467,42.26715328467153,0
Race,Belgium,Spa-Francorchamps,2024-07-28T13:00:00+00:00,9574,7,1,Red Bull Racing,,5,29.0,11.252499999999998,112.026,12,10,-2,MEDIUM,0,3,107.7643125,106.128,21.32846715328467,42.26715328467153,0
Race,Belgium,Spa-Francorchamps,2024-07-28T13:00:00+00:00,9574,7,55,Ferrari,,7,29.0,11.973500000000001,112.56,5,7,2,HARD,0,3,108.02306250000001,106.364,21.32846715328467,42.26715328467153,0
Race,Belgium,Spa-Francorchamps,2024-07-28T13:00:00+00:00,9574,7,10,Alpine,,14,29.0,11.973500000000001,113.715,16,14,-2,HARD,0,3,109.01062499999999,107.418,21.32846715328467,42.26715328467153,0
Race,Belgium,Spa-Francorchamps,2024-07-28T13:00:00+00:00,9574,7,4,McLaren,,6,30.0,11.590000000000003,111.781,6,8,2,HARD,0,3,107.76646666666666,105.563,21.32846715328467,42.26715328467153,0
Race,Belgium,Spa-Francorchamps,2024-07-28T13:00:00+00:00,9574,7,81,McLaren,,3,31.0,12.635000000000005,111.738,9,6,-3,HARD,0,3,107.72050000000002,105.84,21.32846715328467,42.26715328467153,0
Race,Belgium,Spa-Francorchamps,2024-07-28T13:00:00+00:00,9574,7,31,Alpine,,10,31.0,12.66449999999999,112.671,17,15,-2,HARD,0,3,108.83057142857142,106.957,21.32846715328467,42.26715328467153,0
Race,Belgium,Spa-Francorchamps,2024-07-28T13:00:00+00:00,9574,7,77,Kick Sauber,,16,36.0,12.040499999999994,113.284,17,15,-2,MEDIUM,0,3,109.48077777777777,107.019,21.32846715328467,42.26715328467153,0
Race,Belgium,Spa-Francorchamps,2024-07-28T13:00:00+00:00,9574,7,11,Red Bull Racing,,8,43.0,14.739499999999992,112.866,6,4,-2,SOFT,0,4,114.112,104.701,21.32846715328467,42.26715328467153,0
Race,Belgium,Spa-Francorchamps,2024-07-28T13:00:00+00:00,9574,7,14,Aston Martin,,9,45.0,,108.068,9,11,2,MEDIUM,0,3,,,21.32846715328467,42.26715328467153,0
Race,Belgium,Spa-Francorchamps,2024-07-28T13:00:00+00:00,9574,7,3,RB,,11,45.0,,107.675,13,15,2,SOFT,0,4,,,21.32846715328467,42.26715328467153,0
Race,Belgium,Spa-Francorchamps,2024-07-28T13:00:00+00:00,9574,7,18,Aston Martin,,12,45.0,,108.105,15,17,2,MEDIUM,0,3,,,21.32846715328467,42.26715328467153,0
Race,Belgium,Spa-Francorchamps,2024-07-28T13:00:00+00:00,9574,7,22,RB,,17,45.0,,107.969,11,13,2,SOFT,0,3,,,21.32846715328467,42.26715328467153,0
Race,Netherlands,Zandvoort,2024-08-25T13:00:00+00:00,9582,55,23,Williams,,14,13.0,16.83,80.841,11,13,2,HARD,0,2,77.24371428571429,75.52,19.00588235294118,30.80588235294118,0
Race,Netherlands,Zandvoort,2024-08-25T13:00:00+00:00,9582,55,22,RB,,17,15.0,17.494,81.182,14,12,-2,MEDIUM,0,2,77.97944444444445,75.552,19.00588235294118,30.80588235294118,0
Race,Netherlands,Zandvoort,2024-08-25T13:00:00+00:00,9582,55,27,Haas F1 Team,,11,15.0,16.56949999999999,81.339,13,13,0,HARD,0,2,76.646649122807,75.657,19.00588235294118,30.80588235294118,0
Race,Netherlands,Zandvoort,2024-08-25T13:00:00+00:00,9582,55,77,Kick Sauber,,19,16.0,16.387,82.849,16,16,0,HARD,0,2,77.93271428571428,76.073,19.00588235294118,30.80588235294118,0
Race,Netherlands,Zandvoort,2024-08-25T13:00:00+00:00,9582,55,24,Kick Sauber,,20,19.0,18.320999999999998,81.758,18,20,2,HARD,0,2,78.30663636363637,76.4,19.00588235294118,30.80588235294118,0
Race,Netherlands,Zandvoort,2024-08-25T13:00:00+00:00,9582,55,2,Williams,,16,23.0,16.862499999999997,83.235,19,17,-2,HARD,0,2,77.13612244897959,75.539,19.00588235294118,30.80588235294118,0
Race,Netherlands,Zandvoort,2024-08-25T13:00:00+00:00,9582,55,44,Mercedes,,8,24.0,16.072500000000005,80.674,16,14,-2,HARD,0,2,76.16708,74.709,19.00588235294118,30.80588235294118,0
Race,Netherlands,Zandvoort,2024-08-25T13:00:00+00:00,9582,55,16,Ferrari,,3,25.0,15.387500000000003,79.947,6,4,-2,HARD,0,2,75.50341666666667,74.585,19.00588235294118,30.80588235294118,0
Race,Netherlands,Zandvoort,2024-08-25T13:00:00+00:00,9582,55,63,Mercedes,,7,26.0,18.956000000000017,79.178,5,5,0,HARD,0,2,76.24962068965516,74.532,19.00588235294118,30.80588235294118,0
Race,Netherlands,Zandvoort,2024-08-25T13:00:00+00:00,9582,55,1,Red Bull Racing,,2,28.0,17.108500000000006,79.89,3,3,0,HARD,0,2,75.54273333333335,74.752,19.00588235294118,30.80588235294118,0
Race,Netherlands,Zandvoort,2024-08-25T13:00:00+00:00,9582,55,4,McLaren,,1,29.0,18.244,79.241,2,4,2,HARD,0,2,75.16104545454546,73.817,19.00588235294118,30.80588235294118,0
Race,Netherlands,Zandvoort,2024-08-25T13:00:00+00:00,9582,55,11,Red Bull Racing,,6,30.0,18.7975,80.183,9,7,-2,HARD,0,2,75.6283488372093,74.587,19.00588235294118,30.80588235294118,0
Race,Netherlands,Zandvoort,2024-08-25T13:00:00+00:00,9582,55,3,RB,,12,30.0,16.96950000000001,81.621,17,15,-2,HARD,0,2,76.30842857142856,75.222,19.00588235294118,30.80588235294118,0
Race,Netherlands,Zandvoort,2024-08-25T13:00:00+00:00,9582,55,55,Ferrari,,5,31.0,17.159999999999997,79.673,6,8,2,HARD,0,2,75.39030952380952,74.117,19.00588235294118,30.80588235294118,0
Race,Netherlands,Zandvoort,2024-08-25T13:00:00+00:00,9582,55,18,Aston Martin,,13,31.0,17.178500000000014,80.575,15,13,-2,HARD,0,2,76.36556097560975,75.255,19.00588235294118,30.80588235294118,0
Race,Netherlands,Zandvoort,2024-08-25T13:00:00+00:00,9582,55,31,Alpine,,15,31.0,16.979,81.104,17,19,2,HARD,0,2,76.71521951219512,75.39,19.00588235294118,30.80588235294118,0
Race,Netherlands,Zandvoort,2024-08-25T13:00:00+00:00,9582,55,14,Aston Martin,,10,32.0,17.058499999999995,81.976,12,14,2,HARD,0,2,76.24555000000001,74.758,19.00588235294118,30.80588235294118,0
Race,Netherlands,Zandvoort,2024-08-25T13:00:00+00:00,9582,55,10,Alpine,,9,33.0,19.786500000000004,80.262,11,13,2,HARD,0,2,76.22876923076923,74.855,19.00588235294118,30.80588235294118,0
Race,Netherlands,Zandvoort,2024-08-25T13:00:00+00:00,9582,55,22,RB,,17,33.0,18.212000000000003,79.729,14,12,-2,HARD,0,3,77.18597435897433,75.561,19.00588235294118,30.80588235294118,0
Race,Netherlands,Zandvoort,2024-08-25T13:00:00+00:00,9582,55,81,McLaren,,4,34.0,17.358499999999992,79.492,4,4,0,HARD,0,2,75.40256410256411,74.237,19.00588235294118,30.80588235294118,0
Race,Netherlands,Zandvoort,2024-08-25T13:00:00+00:00,9582,55,20,Haas F1 Team,,18,41.0,15.694000000000017,83.97,11,11,0,MEDIUM,0,2,77.12241935483873,74.954,19.00588235294118,30.80588235294118,0
Race,Netherlands,Zandvoort,2024-08-25T13:00:00+00:00,9582,55,77,Kick Sauber,,19,44.0,17.4585,80.969,16,16,0,MEDIUM,0,3,77.28762962962963,75.822,19.00588235294118,30.80588235294118,0
Race,Netherlands,Zandvoort,2024-08-25T13:00:00+00:00,9582,55,44,Mercedes,,8,49.0,17.545500000000004,78.25,16,14,-2,SOFT,0,3,75.20762500000001,73.878,19.00588235294118,30.80588235294118,0
Race,Netherlands,Zandvoort,2024-08-25T13:00:00+00:00,9582,55,24,Kick Sauber,,20,52.0,21.043000000000006,80.809,18,20,2,SOFT,0,3,77.60715789473684,75.724,19.00588235294118,30.80588235294118,0
Race,Netherlands,Zandvoort,2024-08-25T13:00:00+00:00,9582,55,63,Mercedes,,7,55.0,16.701000000000008,79.082,5,5,0,SOFT,3,3,75.4125,73.927,19.00588235294118,30.80588235294118,0
Race,Netherlands,Zandvoort,2024-08-25T13:00:00+00:00,9582,55,23,Williams,,14,55.0,17.508499999999998,79.155,11,13,2,MEDIUM,0,3,76.22635294117649,74.434,19.00588235294118,30.80588235294118,0
Race,Italy,Monza,2024-09-01T13:00:00+00:00,9590,39,27,Haas F1 Team,,17,6.0,31.372500000000002,91.729,16,18,2,HARD,0,2,86.93674074074072,84.983,33.1015037593985,49.31127819548872,0
Race,Italy,Monza,2024-09-01T13:00:00+00:00,9590,39,10,Alpine,,15,11.0,17.374500000000012,91.535,13,15,2,HARD,0,2,86.8752,84.816,33.1015037593985,49.31127819548872,0
Race,Italy,Monza,2024-09-01T13:00:00+00:00,9590,39,63,Mercedes,,7,12.0,25.551500000000004,91.175,15,13,-2,HARD,0,2,85.87777272727271,83.177,33.1015037593985,49.31127819548872,0
Race,Italy,Monza,2024-09-01T13:00:00+00:00,9590,39,3,RB,,13,12.0,23.146,91.962,17,15,-2,HARD,1,2,85.66852380952382,84.219,33.1015037593985,49.31127819548872,0
Race,Italy,Monza,2024-09-01T13:00:00+00:00,9590,39,14,Aston Martin,,11,13.0,17.807999999999993,89.74,14,12,-2,HARD,1,2,86.13104347826086,84.504,33.1015037593985,49.31127819548872,0
Race,Italy,Monza,2024-09-01T13:00:00+00:00,9590,39,4,McLaren,,3,15.0,17.054500000000004,89.417,6,4,-2,HARD,0,2,85.13955555555555,83.067,33.1015037593985,49.31127819548872,0
Race,Italy,Monza,2024-09-01T13:00:00+00:00,9590,39,20,Haas F1 Team,,10,15.0,19.2295,89.943,17,15,-2,HARD,0,2,85.15651282051283,83.437,33.1015037593985,49.31127819548872,0
Race,Italy,Monza,2024-09-01T13:00:00+00:00,9590,39,16,Ferrari,,1,16.0,17.65700000000001,90.192,7,5,-2,HARD,0,2,84.1845,83.226,33.1015037593985,49.31127819548872,0
Race,Italy,Monza,2024-09-01T13:00:00+00:00,9590,39,44,Mercedes,,5,16.0,18.060000000000002,90.365,10,8,-2,HARD,0,2,85.11877272727271,83.328,33.1015037593985,49.31127819548872,0
Race,Italy,Monza,2024-09-01T13:00:00+00:00,9590,39,24,Kick Sauber,,18,16.0,20.558000000000007,92.048,18,18,0,HARD,1,2,86.56472972972975,85.092,33.1015037593985,49.31127819548872,0
Race,Italy,Monza,2024-09-01T13:00:00+00:00,9590,39,81,McLaren,,2,17.0,17.266500000000008,89.939,4,2,-2,HARD,0,2,84.65090909090908,82.968,33.1015037593985,49.31127819548872,0
Race,Italy,Monza,2024-09-01T13:00:00+00:00,9590,39,43,Williams,,12,17.0,18.510000000000005,91.193,13,15,2,HARD,0,2,85.4555945945946,83.728,33.1015037593985,49.31127819548872,0
Race,Italy,Monza,2024-09-01T13:00:00+00:00,9590,39,23,Williams,,9,18.0,17.688000000000002,91.436,11,13,2,HARD,0,2,85.3848611111111,83.918,33.1015037593985,49.31127819548872,0
Race,Italy,Monza,2024-09-01T13:00:00+00:00,9590,39,55,Ferrari,,4,20.0,17.367500000000007,90.388,4,6,2,HARD,0,2,84.3865,83.219,33.1015037593985,49.31127819548872,0
Race,Italy,Monza,2024-09-01T13:00:00+00:00,9590,39,18,Aston Martin,,19,20.0,17.644000000000005,91.321,14,16,2,HARD,1,2,86.40717647058825,84.437,33.1015037593985,49.31127819548872,0
Race,Italy,Monza,2024-09-01T13:00:00+00:00,9590,39,1,Red Bull Racing,,6,23.0,21.232499999999987,89.668,4,6,2,HARD,0,2,85.13563157894737,83.424,33.1015037593985,49.31127819548872,0
Race,Italy,Monza,2024-09-01T13:00:00+00:00,9590,39,11,Red Bull Racing,,8,24.0,18.02799999999999,89.869,3,5,2,HARD,0,2,86.00508333333333,83.473,33.1015037593985,49.31127819548872,0
Race,Italy,Monza,2024-09-01T13:00:00+00:00,9590,39,10,Alpine,,15,31.0,18.043499999999995,91.004,13,15,2,HARD,0,3,85.62163636363636,83.755,33.1015037593985,49.31127819548872,0
Race,Italy,Monza,2024-09-01T13:00:00+00:00,9590,39,31,Alpine,,14,32.0,17.005499999999998,90.757,8,6,-2,MEDIUM,0,2,85.88542857142858,84.343,33.1015037593985,49.31127819548872,0
Race,Italy,Monza,2024-09-01T13:00:00+00:00,9590,39,4,McLaren,,3,33.0,18.94749999999999,87.414,6,4,-2,HARD,0,3,83.71809523809523,81.432,33.1015037593985,49.31127819548872,0
Race,Italy,Monza,2024-09-01T13:00:00+00:00,9590,39,27,Haas F1 Team,,17,33.0,29.808999999999997,89.903,16,18,2,HARD,0,3,85.82849999999999,83.275,33.1015037593985,49.31127819548872,0
Race,Italy,Monza,2024-09-01T13:00:00+00:00,9590,39,63,Mercedes,,7,34.0,19.259,88.264,15,13,-2,HARD,0,3,83.9727,82.036,33.1015037593985,49.31127819548872,0
Race,Italy,Monza,2024-09-01T13:00:00+00:00,9590,39,77,Kick Sauber,,16,34.0,17.332000000000008,90.924,9,11,2,MEDIUM,1,2,85.99136842105263,83.609,33.1015037593985,49.31127819548872,0
Race,Italy,Monza,2024-09-01T13:00:00+00:00,9590,39,11,Red Bull Racing,,8,36.0,18.301000000000002,88.255,3,5,2,MEDIUM,0,3,84.85283333333332,82.971,33.1015037593985,49.31127819548872,0
Race,Italy,Monza,2024-09-01T13:00:00+00:00,9590,39,14,Aston Martin,,11,36.0,17.400999999999996,89.799,14,12,-2,HARD,2,3,84.70383333333332,82.944,33.1015037593985,49.31127819548872,0
Race,Italy,Monza,2024-09-01T13:00:00+00:00,9590,39,18,Aston Martin,,19,37.0,17.299499999999995,89.334,14,16,2,MEDIUM,1,3,86.09207142857143,83.427,33.1015037593985,49.31127819548872,0
Race,Italy,Monza,2024-09-01T13:00:00+00:00,9590,39,44,Mercedes,,5,38.0,16.7675,88.349,10,8,-2,HARD,0,3,83.923375,81.512,33.1015037593985,49.31127819548872,0
Race,Italy,Monza,2024-09-01T13:00:00+00:00,9590,39,81,McLaren,,2,39.0,18.243499999999997,88.125,4,2,-2,HARD,0,3,83.857,81.943,33.1015037593985,49.31127819548872,0
Race,Italy,Monza,2024-09-01T13:00:00+00:00,9590,39,1,Red Bull Racing,,6,42.0,18.8485,88.738,4,6,2,MEDIUM,0,3,84.554,81.745,33.1015037593985,49.31127819548872,0
Race,Italy,Monza,2024-09-01T13:00:00+00:00,9590,39,18,Aston Martin,,19,51.0,24.771,90.186,14,16,2,SOFT,0,4,96.606,82.232,33.1015037593985,49.31127819548872,0
Race,Azerbaijan,Baku,2024-09-15T11:00:00+00:00,9598,144,18,Aston Martin,,19,2.0,7.281499999999994,131.452,18,20,2,HARD,1,2,111.29214285714285,109.143,26.70592105263158,44.34934210526316,0
Race,Azerbaijan,Baku,2024-09-15T11:00:00+00:00,9598,144,43,Williams,,8,11.0,14.985500000000002,113.374,14,12,-2,HARD,0,2,111.14863414634146,107.274,26.70592105263158,44.34934210526316,0
Race,Azerbaijan,Baku,2024-09-15T11:00:00+00:00,9598,144,14,Aston Martin,,6,12.0,14.159999999999997,113.492,13,13,0,HARD,0,2,111.125575,107.057,26.70592105263158,44.34934210526316,0
Race,Azerbaijan,Baku,2024-09-15T11:00:00+00:00,9598,144,77,Kick Sauber,,16,12.0,12.957999999999998,117.809,19,19,0,HARD,1,2,111.5729487179487,108.418,26.70592105263158,44.34934210526316,0
Race,Azerbaijan,Baku,2024-09-15T11:00:00+00:00,9598,144,1,Red Bull Racing,,5,13.0,15.096000000000004,114.511,10,8,-2,HARD,0,2,108.72162162162162,106.798,26.70592105263158,44.34934210526316,0
Race,Azerbaijan,Baku,2024-09-15T11:00:00+00:00,9598,144,63,Mercedes,,3,13.0,11.991500000000016,114.565,11,10,-1,HARD,0,2,109.8432564102564,106.628,26.70592105263158,44.34934210526316,0
Race,Azerbaijan,Baku,2024-09-15T11:00:00+00:00,9598,144,44,Mercedes,,9,13.0,14.621499999999997,115.287,17,17,0,HARD,0,2,110.91366666666666,107.236,26.70592105263158,44.34934210526316,0
Race,Azerbaijan,Baku,2024-09-15T11:00:00+00:00,9598,144,22,RB,,20,13.0,8.336999999999989,121.304,14,16,2,HARD,1,2,128.9195,125.9,26.70592105263158,44.34934210526316,0
Race,Azerbaijan,Baku,2024-09-15T11:00:00+00:00,9598,144,11,Red Bull Racing,,17,14.0,13.872500000000002,113.398,4,6,2,HARD,0,2,108.29508333333332,107.013,26.70592105263158,44.34934210526316,0
Race,Azerbaijan,Baku,2024-09-15T11:00:00+00:00,9598,144,50,Haas F1 Team,,10,15.0,14.703500000000005,114.465,12,14,2,HARD,0,2,111.10335135135134,107.048,26.70592105263158,44.34934210526316,0
Race,Azerbaijan,Baku,2024-09-15T11:00:00+00:00,9598,144,81,McLaren,,1,16.0,12.219499999999996,113.511,4,2,-2,HARD,0,2,109.40586111111111,107.06,26.70592105263158,44.34934210526316,0
Race,Azerbaijan,Baku,2024-09-15T11:00:00+00:00,9598,144,27,Haas F1 Team,,11,16.0,14.404499999999999,114.956,10,12,2,HARD,0,2,111.20488888888887,107.691,26.70592105263158,44.34934210526316,0
Race,Azerbaijan,Baku,2024-09-15T11:00:00+00:00,9598,144,16,Ferrari,,2,17.0,14.969999999999999,113.844,2,2,0,HARD,0,2,109.85997142857144,107.067,26.70592105263158,44.34934210526316,0
Race,Azerbaijan,Baku,2024-09-15T11:00:00+00:00,9598,144,55,Ferrari,,18,18.0,14.419500000000014,113.944,4,6,2,HARD,0,2,108.11934375,106.866,26.70592105263158,44.34934210526316,0
Race,Azerbaijan,Baku,2024-09-15T11:00:00+00:00,9598,144,18,Aston Martin,,19,23.0,13.275500000000008,115.365,18,20,2,HARD,0,3,110.12743478260867,108.148,26.70592105263158,44.34934210526316,0
Race,Azerbaijan,Baku,2024-09-15T11:00:00+00:00,9598,144,23,Williams,,7,32.0,15.939499999999995,112.482,3,5,2,MEDIUM,0,2,112.99549999999999,106.947,26.70592105263158,44.34934210526316,0
Race,Azerbaijan,Baku,2024-09-15T11:00:00+00:00,9598,144,24,Kick Sauber,,14,35.0,15.218500000000006,113.797,14,16,2,MEDIUM,1,2,114.34482352941177,107.644,26.70592105263158,44.34934210526316,0
Race,Azerbaijan,Baku,2024-09-15T11:00:00+00:00,9598,144,4,McLaren,,4,38.0,14.141499999999994,111.037,5,5,0,MEDIUM,0,2,111.5977857142857,105.255,26.70592105263158,44.34934210526316,0
Race,Azerbaijan,Baku,2024-09-15T11:00:00+00:00,9598,144,1,Red Bull Racing,,5,50.0,24.99799999999999,112.022,10,8,-2,SOFT,3,3,155.50650000000002,153.336,26.70592105263158,44.34934210526316,0
Race,Azerbaijan,Baku,2024-09-15T11:00:00+00:00,9598,144,3,RB,,13,50.0,33.627500000000026,113.511,10,12,2,SOFT,0,2,160.861,154.226,26.70592105263158,44.34934210526316,0
Race,Azerbaijan,Baku,2024-09-15T11:00:00+00:00,9598,144,31,Alpine,,15,50.0,,115.188,16,16,0,SOFT,0,2,166.111,166.111,26.70592105263158,44.34934210526316,0
Race,Azerbaijan,Baku,2024-09-15T11:00:00+00:00,9598,144,10,Alpine,,12,51.0,,145.969,11,10,-1,SOFT,0,2,164.48,164.48,26.70592105263158,44.34934210526316,0
Race,Singapore,Marina Bay,2024-09-22T12:00:00+00:00,9606,61,3,RB,,18,11.0,17.346499999999992,107.68,18,16,-2,MEDIUM,0,2,100.34875000000002,98.261,30.786250000000003,36.445625,0
Race,Singapore,Marina Bay,2024-09-22T12:00:00+00:00,9606,61,23,Williams,,20,12.0,16.248999999999995,106.666,13,15,2,HARD,0,2,111.733,96.888,30.786250000000003,36.445625,0
Race,Singapore,Marina Bay,2024-09-22T12:00:00+00:00,9606,61,55,Ferrari,,7,14.0,15.150499999999994,107.072,15,17,2,HARD,0,2,98.78318367346937,96.561,30.786250000000003,36.445625,0
Race,Singapore,Marina Bay,2024-09-22T12:00:00+00:00,9606,61,44,Mercedes,,6,18.0,16.176000000000002,106.862,12,10,-2,HARD,0,2,98.93435555555554,97.393,30.786250000000003,36.445625,0
Race,Singapore,Marina Bay,2024-09-22T12:00:00+00:00,9606,61,14,Aston Martin,,8,26.0,15.089500000000001,108.707,7,9,2,HARD,1,2,98.92716666666666,97.741,30.786250000000003,36.445625,0
Race,Singapore,Marina Bay,2024-09-22T12:00:00+00:00,9606,61,18,Aston Martin,,14,27.0,16.36999999999999,108.829,16,16,0,MEDIUM,1,2,99.35968571428572,97.851,30.786250000000003,36.445625,0
Race,Singapore,Marina Bay,2024-09-22T12:00:00+00:00,9606,61,63,Mercedes,,4,28.0,15.061000000000007,106.903,7,7,0,HARD,0,2,98.30568571428573,97.047,30.786250000000003,36.445625,0
Race,Singapore,Marina Bay,2024-09-22T12:00:00+00:00,9606,61,11,Red Bull Racing,,10,29.0,13.78200000000001,107.385,7,9,2,HARD,0,2,98.79045454545454,97.477,30.786250000000003,36.445625,0
Race,Singapore,Marina Bay,2024-09-22T12:00:00+00:00,9606,61,20,Haas F1 Team,,19,29.0,16.065000000000012,109.569,13,15,2,MEDIUM,0,2,103.09666666666665,97.926,30.786250000000003,36.445625,0
Race,Singapore,Marina Bay,2024-09-22T12:00:00+00:00,9606,61,1,Red Bull Racing,,2,30.0,16.7085,107.873,3,3,0,HARD,0,2,97.39469696969697,95.967,30.786250000000003,36.445625,0
Race,Singapore,Marina Bay,2024-09-22T12:00:00+00:00,9606,61,43,Williams,,11,30.0,17.18650000000001,108.344,7,9,2,HARD,0,2,98.92456250000001,97.262,30.786250000000003,36.445625,0
Race,Singapore,Marina Bay,2024-09-22T12:00:00+00:00,9606,61,27,Haas F1 Team,,9,30.0,18.093000000000004,108.55,6,8,2,HARD,0,2,98.89271875,97.47,30.786250000000003,36.445625,0
Race,Singapore,Marina Bay,2024-09-22T12:00:00+00:00,9606,61,31,Alpine,,13,30.0,16.138000000000005,110.059,10,12,2,HARD,0,2,99.4733125,97.964,30.786250000000003,36.445625,0
Race,Singapore,Marina Bay,2024-09-22T12:00:00+00:00,9606,61,4,McLaren,,1,31.0,16.3545,107.073,1,1,0,HARD,0,2,97.39728124999999,94.925,30.786250000000003,36.445625,0
Race,Singapore,Marina Bay,2024-09-22T12:00:00+00:00,9606,61,22,RB,,12,34.0,17.715000000000003,107.942,9,9,0,SOFT,0,2,98.43639285714285,96.393,30.786250000000003,36.445625,0
Race,Singapore,Marina Bay,2024-09-22T12:00:00+00:00,9606,61,77,Kick Sauber,,16,34.0,15.535999999999987,108.688,18,16,-2,MEDIUM,0,2,99.17657142857142,97.524,30.786250000000003,36.445625,0
Race,Singapore,Marina Bay,2024-09-22T12:00:00+00:00,9606,61,24,Kick Sauber,,15,35.0,16.0205,108.825,17,15,-2,MEDIUM,0,2,99.16796296296296,97.461,30.786250000000003,36.445625,0
Race,Singapore,Marina Bay,2024-09-22T12:00:00+00:00,9606,61,16,Ferrari,,5,37.0,15.348000000000013,107.084,20,7,-13,HARD,0,2,97.48584615384615,95.371,30.786250000000003,36.445625,0
Race,Singapore,Marina Bay,2024-09-22T12:00:00+00:00,9606,61,10,Alpine,,17,38.0,16.497500000000002,112.264,13,10,-3,SOFT,0,2,99.00983333333333,96.927,30.786250000000003,36.445625,0
Race,Singapore,Marina Bay,2024-09-22T12:00:00+00:00,9606,61,81,McLaren,,3,39.0,16.048500000000004,106.395,3,3,0,HARD,0,2,97.54233333333333,95.745,30.786250000000003,36.445625,0
Race,Singapore,Marina Bay,2024-09-22T12:00:00+00:00,9606,61,3,RB,,18,47.0,15.713999999999999,110.55,18,16,-2,SOFT,0,3,99.97733333333333,96.357,30.786250000000003,36.445625,0
Race,Singapore,Marina Bay,2024-09-22T12:00:00+00:00,9606,61,20,Haas F1 Team,,19,50.0,2.078000000000003,170.66,13,15,2,SOFT,0,3,103.569125,94.754,30.786250000000003,36.445625,0
Race,Singapore,Marina Bay,2024-09-22T12:00:00+00:00,9606,61,3,RB,,18,59.0,19.168000000000006,104.94,18,16,-2,SOFT,3,4,104.30566666666668,94.486,30.786250000000003,36.445625,0
Race,United States,Austin,2024-10-20T19:00:00+00:00,9617,9,23,Williams,,16,4.0,16.821500000000015,136.698,17,14,-3,MEDIUM,0,2,105.26186666666666,101.287,28.12129032258064,46.60193548387097,0
Race,United States,Austin,2024-10-20T19:00:00+00:00,9617,9,24,Kick Sauber,,19,14.0,20.933499999999995,102.427,15,17,2,MEDIUM,0,2,102.57536363636363,101.13,28.12129032258064,46.60193548387097,0
Race,United States,Austin,2024-10-20T19:00:00+00:00,9617,9,77,Kick Sauber,,17,16.0,19.894500000000008,102.714,15,17,2,HARD,0,2,101.795975,100.575,28.12129032258064,46.60193548387097,0
Race,United States,Austin,2024-10-20T19:00:00+00:00,9617,9,20,Haas F1 Team,,11,18.0,18.40950000000001,101.895,15,13,-2,HARD,0,2,101.33204761904764,99.585,28.12129032258064,46.60193548387097,0
Race,United States,Austin,2024-10-20T19:00:00+00:00,9617,9,10,Alpine,,12,19.0,24.504999999999995,101.038,14,16,2,HARD,0,2,100.86639473684212,98.311,28.12129032258064,46.60193548387097,0
Race,United States,Austin,2024-10-20T19:00:00+00:00,9617,9,22,RB,,14,19.0,20.911,102.676,13,15,2,HARD,0,2,101.20502702702704,99.193,28.12129032258064,46.60193548387097,0
Race,United States,Austin,2024-10-20T19:00:00+00:00,9617,9,55,Ferrari,,2,22.0,18.18400000000001,100.695,4,4,0,HARD,0,2,99.20645714285715,97.763,28.12129032258064,46.60193548387097,0
Race,United States,Austin,2024-10-20T19:00:00+00:00,9617,9,1,Red Bull Racing,,3,26.0,19.736999999999995,100.718,5,3,-2,HARD,0,2,99.48387096774194,98.117,28.12129032258064,46.60193548387097,0
Race,United States,Austin,2024-10-20T19:00:00+00:00,9617,9,16,Ferrari,,1,27.0,20.08550000000001,100.211,2,2,0,HARD,0,2,99.20640000000002,97.834,28.12129032258064,46.60193548387097,0
Race,United States,Austin,2024-10-20T19:00:00+00:00,9617,9,11,Red Bull Racing,,7,27.0,19.59150000000001,100.789,9,11,2,HARD,0,2,99.95363333333333,98.514,28.12129032258064,46.60193548387097,0
Race,United States,Austin,2024-10-20T19:00:00+00:00,9617,9,14,Aston Martin,,13,27.0,19.501500000000007,102.193,10,12,2,HARD,1,2,100.81220689655171,99.261,28.12129032258064,46.60193548387097,0
Race,United States,Austin,2024-10-20T19:00:00+00:00,9617,9,27,Haas F1 Team,,8,28.0,21.228499999999997,101.173,8,10,2,HARD,0,2,99.96606896551724,98.404,28.12129032258064,46.60193548387097,0
Race,United States,Austin,2024-10-20T19:00:00+00:00,9617,9,18,Aston Martin,,15,28.0,22.343999999999994,102.199,16,13,-3,MEDIUM,0,2,100.99964285714285,99.214,28.12129032258064,46.60193548387097,0
Race,United States,Austin,2024-10-20T19:00:00+00:00,9617,9,4,McLaren,,4,32.0,19.549999999999997,101.469,2,4,2,HARD,0,2,99.17935999999997,97.679,28.12129032258064,46.60193548387097,0
Race,United States,Austin,2024-10-20T19:00:00+00:00,9617,9,31,Alpine,,18,32.0,18.94550000000001,103.409,14,13,-1,HARD,0,2,101.23179999999999,99.573,28.12129032258064,46.60193548387097,0
Race,United States,Austin,2024-10-20T19:00:00+00:00,9617,9,81,McLaren,,5,33.0,19.542999999999992,101.107,4,2,-2,HARD,0,2,99.19645833333334,97.883,28.12129032258064,46.60193548387097,0
Race,United States,Austin,2024-10-20T19:00:00+00:00,9617,9,23,Williams,,16,34.0,20.68350000000001,101.702,17,14,-3,HARD,0,3,100.7892727272727,99.084,28.12129032258064,46.60193548387097,0
Race,United States,Austin,2024-10-20T19:00:00+00:00,9617,9,24,Kick Sauber,,19,36.0,25.120999999999995,101.783,15,17,2,HARD,0,3,101.33849999999998,99.272,28.12129032258064,46.60193548387097,0
Race,United States,Austin,2024-10-20T19:00:00+00:00,9617,9,30,RB,,9,37.0,19.474499999999992,101.342,9,7,-2,MEDIUM,0,2,99.75975,98.091,28.12129032258064,46.60193548387097,0
Race,United States,Austin,2024-10-20T19:00:00+00:00,9617,9,20,Haas F1 Team,,11,39.0,19.208000000000013,99.843,15,13,-2,MEDIUM,0,3,99.89177777777779,98.21,28.12129032258064,46.60193548387097,0
Race,United States,Austin,2024-10-20T19:00:00+00:00,9617,9,43,Williams,,10,40.0,19.195000000000007,100.591,11,9,-2,MEDIUM,0,2,99.55541176470588,97.611,28.12129032258064,46.60193548387097,0
Race,United States,Austin,2024-10-20T19:00:00+00:00,9617,9,63,Mercedes,,6,41.0,25.06449999999998,100.641,12,9,-3,MEDIUM,0,2,99.79668749999999,97.656,28.12129032258064,46.60193548387097,0
Race,United States,Austin,2024-10-20T19:00:00+00:00,9617,9,31,Alpine,,18,52.0,30.186000000000007,101.838,14,13,-1,SOFT,3,3,106.773,97.33,28.12129032258064,46.60193548387097,0
Race,Mexico,Mexico City,2024-10-27T20:00:00+00:00,9625,65,11,Red Bull Racing,,17,21.0,20.570000000000007,89.685,13,15,2,MEDIUM,0,2,84.29539130434782,81.659,19.88867924528302,35.60251572327045,0
Race,Mexico,Mexico City,2024-10-27T20:00:00+00:00,9625,65,1,Red Bull Racing,,6,27.0,37.954499999999996,85.562,8,10,2,HARD,0,2,82.30324444444445,80.872,19.88867924528302,35.60251572327045,0
Race,Mexico,Mexico City,2024-10-27T20:00:00+00:00,9625,65,18,Aston Martin,,11,27.0,16.621499999999997,87.333,12,14,2,HARD,1,2,82.6290909090909,81.311,19.88867924528302,35.60251572327045,0
Race,Mexico,Mexico City,2024-10-27T20:00:00+00:00,9625,65,44,Mercedes,,4,29.0,17.1515,87.112,6,8,2,HARD,0,2,81.61502325581395,80.371,19.88867924528302,35.60251572327045,0
Race,Mexico,Mexico City,2024-10-27T20:00:00+00:00,9625,65,10,Alpine,,10,29.0,17.32549999999999,87.318,11,13,2,HARD,0,2,82.62395238095237,81.274,19.88867924528302,35.60251572327045,0
Race,Mexico,Mexico City,2024-10-27T20:00:00+00:00,9625,65,27,Haas F1 Team,,9,30.0,16.401500000000013,86.75,10,12,2,HARD,0,2,82.3050487804878,80.748,19.88867924528302,35.60251572327045,0
Race,Mexico,Mexico City,2024-10-27T20:00:00+00:00,9625,65,4,McLaren,,2,31.0,16.347499999999997,86.051,4,6,2,HARD,0,2,80.90978048780488,79.691,19.88867924528302,35.60251572327045,0
Race,Mexico,Mexico City,2024-10-27T20:00:00+00:00,9625,65,20,Haas F1 Team,,7,31.0,17.727999999999994,87.122,7,9,2,HARD,0,2,81.82143902439024,80.637,19.88867924528302,35.60251572327045,0
Race,Mexico,Mexico City,2024-10-27T20:00:00+00:00,9625,65,16,Ferrari,,3,32.0,17.134,85.993,3,2,-1,HARD,0,2,81.42015789473685,80.156,19.88867924528302,35.60251572327045,0
Race,Mexico,Mexico City,2024-10-27T20:00:00+00:00,9625,65,63,Mercedes,,5,32.0,18.6515,85.753,5,3,-2,HARD,0,2,81.792925,80.731,19.88867924528302,35.60251572327045,0
Race,Mexico,Mexico City,2024-10-27T20:00:00+00:00,9625,65,55,Ferrari,,1,33.0,16.740499999999997,85.108,2,2,0,HARD,0,2,81.1303076923077,80.137,19.88867924528302,35.60251572327045,0
Race,Mexico,Mexico City,2024-10-27T20:00:00+00:00,9625,65,81,McLaren,,8,40.0,16.999499999999998,85.068,8,6,-2,HARD,0,2,81.34578125,80.064,19.88867924528302,35.60251572327045,0
Race,Mexico,Mexico City,2024-10-27T20:00:00+00:00,9625,65,30,RB,,16,40.0,19.94449999999999,86.308,8,10,2,MEDIUM,0,2,83.08057692307692,81.302,19.88867924528302,35.60251572327045,0
Race,Mexico,Mexico City,2024-10-27T20:00:00+00:00,9625,65,24,Kick Sauber,,15,44.0,18.064499999999995,87.429,14,12,-2,MEDIUM,1,2,82.94637037037036,81.553,19.88867924528302,35.60251572327045,0
Race,Mexico,Mexico City,2024-10-27T20:00:00+00:00,9625,65,11,Red Bull Racing,,17,44.0,15.959000000000003,87.059,13,15,2,MEDIUM,0,3,82.70667999999999,80.97,19.88867924528302,35.60251572327045,0
Race,Mexico,Mexico City,2024-10-27T20:00:00+00:00,9625,65,43,Williams,,12,48.0,18.73150000000001,87.309,8,8,0,MEDIUM,0,2,82.29108695652174,80.09,19.88867924528302,35.60251572327045,0
Race,Mexico,Mexico City,2024-10-27T20:00:00+00:00,9625,65,31,Alpine,,13,49.0,16.153999999999996,88.34,12,12,0,MEDIUM,0,2,82.19336363636364,80.659,19.88867924528302,35.60251572327045,0
Race,Mexico,Mexico City,2024-10-27T20:00:00+00:00,9625,65,77,Kick Sauber,,14,50.0,18.099499999999992,85.822,11,9,-2,MEDIUM,0,2,82.55919047619048,81.085,19.88867924528302,35.60251572327045,0
Race,Mexico,Mexico City,2024-10-27T20:00:00+00:00,9625,65,30,RB,,16,66.0,23.614000000000004,91.102,8,10,2,SOFT,0,3,87.36720000000001,79.502,19.88867924528302,35.60251572327045,0
Race,Mexico,Mexico City,2024-10-27T20:00:00+00:00,9625,65,16,Ferrari,,3,70.0,17.5745,84.799,3,2,-1,SOFT,0,3,88.739,78.336,19.88867924528302,35.60251572327045,0
Race,Mexico,Mexico City,2024-10-27T20:00:00+00:00,9625,65,11,Red Bull Racing,,17,69.0,17.64999999999999,85.925,13,15,2,SOFT,0,4,89.713,79.209,19.88867924528302,35.60251572327045,0
Race,Brazil,São Paulo,2024-11-03T15:30:00+00:00,9636,14,16,Ferrari,,5,25.0,18.343999999999994,88.997,13,10,-3,INTERMEDIATE,3,2,111.426875,84.479,21.662686567164172,25.769651741293536,1
Race,Brazil,São Paulo,2024-11-03T15:30:00+00:00,9636,14,27,Haas F1 Team,,18,26.0,-53.6695,90.41,12,14,2,INTERMEDIATE,0,2,168.429,106.643,21.662686567164172,25.769651741293536,1
Race,Brazil,São Paulo,2024-11-03T15:30:00+00:00,9636,14,43,Williams,,17,27.0,25.796499999999995,89.885,13,13,0,INTERMEDIATE,0,2,114.822,102.804,21.662686567164172,25.769651741293536,1
Race,Brazil,São Paulo,2024-11-03T15:30:00+00:00,9636,14,81,McLaren,,8,28.0,22.5775,96.487,9,9,0,INTERMEDIATE,4,2,124.7806,101.078,21.662686567164172,25.769651741293536,1
Race,Brazil,São Paulo,2024-11-03T15:30:00+00:00,9636,14,14,Aston Martin,,14,28.0,19.1695,98.089,9,9,0,INTERMEDIATE,3,2,124.625,105.422,21.662686567164172,25.769651741293536,1
Race,Brazil,São Paulo,2024-11-03T15:30:00+00:00,9636,14,44,Mercedes,,10,28.0,17.146500000000003,100.067,13,11,-2,INTERMEDIATE,0,2,122.83420000000001,105.316,21.662686567164172,25.769651741293536,1
Race,Brazil,São Paulo,2024-11-03T15:30:00+00:00,9636,14,50,Haas F1 Team,,12,28.0,30.344499999999996,98.431,11,11,0,INTERMEDIATE,0,2,126.8946,103.986,21.662686567164172,25.769651741293536,1
Race,Brazil,São Paulo,2024-11-03T15:30:00+00:00,9636,14,55,Ferrari,,16,28.0,21.156999999999996,101.195,14,14,0,INTERMEDIATE,0,2,123.57660000000001,102.131,21.662686567164172,25.769651741293536,1
Race,Brazil,São Paulo,2024-11-03T15:30:00+00:00,9636,14,11,Red Bull Racing,,11,28.0,18.758499999999998,102.155,18,16,-2,WET,5,2,123.71900000000001,101.662,21.662686567164172,25.769651741293536,1
Race,Brazil,São Paulo,2024-11-03T15:30:00+00:00,9636,14,24,Kick Sauber,,15,28.0,2.835499999999996,108.354,16,16,0,INTERMEDIATE,0,2,126.376,126.376,21.662686567164172,25.769651741293536,1
Race,Brazil,São Paulo,2024-11-03T15:30:00+00:00,9636,14,4,McLaren,,6,29.0,6.233999999999995,115.212,5,5,0,INTERMEDIATE,4,2,131.6475,117.236,21.662686567164172,25.769651741293536,1
Race,Brazil,São Paulo,2024-11-03T15:30:00+00:00,9636,14,63,Mercedes,,4,29.0,4.724499999999992,114.428,3,5,2,INTERMEDIATE,3,2,133.35925,122.081,21.662686567164172,25.769651741293536,1
Race,Brazil,São Paulo,2024-11-03T15:30:00+00:00,9636,14,22,RB,,7,29.0,-0.5025000000000119,117.034,7,7,0,WET,0,2,129.623,114.797,21.662686567164172,25.769651741293536,1
Race,Brazil,São Paulo,2024-11-03T15:30:00+00:00,9636,14,30,RB,,9,29.0,11.33850000000001,113.045,6,8,2,WET,0,2,127.7735,112.061,21.662686567164172,25.769651741293536,1
Race,Brazil,São Paulo,2024-11-03T15:30:00+00:00,9636,14,24,Kick Sauber,,15,29.0,12.857500000000002,126.376,16,16,0,WET,5,3,141.53666666666666,125.363,21.662686567164172,25.769651741293536,1
Race,Brazil,São Paulo,2024-11-03T15:30:00+00:00,9636,14,27,Haas F1 Team,,18,28.0,-10.194500000000005,230.215,12,14,2,WET,0,3,148.113,127.542,21.662686567164172,25.769651741293536,1
Race,Brazil,São Paulo,2024-11-03T15:30:00+00:00,9636,14,43,Williams,,17,31.0,,130.874,13,13,0,INTERMEDIATE,0,3,,,21.662686567164172,25.769651741293536,1
Race,Brazil,São Paulo,2024-11-03T15:30:00+00:00,9636,14,27,Haas F1 Team,,18,30.0,,127.542,12,14,2,INTERMEDIATE,0,4,174.656,174.656,21.662686567164172,25.769651741293536,1
Race,Brazil,São Paulo,2024-11-03T15:30:00+00:00,9636,14,24,Kick Sauber,,15,32.0,1225.161,160.52,16,16,0,INTERMEDIATE,0,4,1392.307,1392.307,21.662686567164172,25.769651741293536,1
Race,Brazil,São Paulo,2024-11-03T15:30:00+00:00,9636,14,31,Alpine,,2,33.0,1434.0135,158.23,3,2,-1,INTERMEDIATE,2,2,127.29475675675675,81.771,21.662686567164172,25.769651741293536,1
Race,Brazil,São Paulo,2024-11-03T15:30:00+00:00,9636,14,1,Red Bull Racing,,1,33.0,1431.9155,158.629,9,7,-2,INTERMEDIATE,0,2,126.715,80.472,21.662686567164172,25.769651741293536,1
Race,Brazil,São Paulo,2024-11-03T15:30:00+00:00,9636,14,10,Alpine,,3,33.0,1423.344,160.808,8,6,-2,INTERMEDIATE,0,2,127.14851351351354,81.645,21.662686567164172,25.769651741293536,1
Race,Brazil,São Paulo,2024-11-03T15:30:00+00:00,9636,14,4,McLaren,,6,33.0,1421.3085,159.932,5,5,0,INTERMEDIATE,4,3,127.35627027027029,81.517,21.662686567164172,25.769651741293536,1
Race,Brazil,São Paulo,2024-11-03T15:30:00+00:00,9636,14,63,Mercedes,,4,33.0,1415.8195,162.892,3,5,2,INTERMEDIATE,3,3,126.9932702702703,81.645,21.662686567164172,25.769651741293536,1
Race,Brazil,São Paulo,2024-11-03T15:30:00+00:00,9636,14,22,RB,,7,33.0,1412.451,163.084,7,7,0,INTERMEDIATE,3,3,127.44664864864865,81.828,21.662686567164172,25.769651741293536,1
Race,Brazil,São Paulo,2024-11-03T15:30:00+00:00,9636,14,16,Ferrari,,5,33.0,1410.8005,163.725,13,10,-3,INTERMEDIATE,3,3,127.05764864864867,81.631,21.662686567164172,25.769651741293536,1
Race,Brazil,São Paulo,2024-11-03T15:30:00+00:00,9636,14,81,McLaren,,8,33.0,1406.412,164.524,9,9,0,INTERMEDIATE,0,3,127.08751351351353,81.532,21.662686567164172,25.769651741293536,1
Race,Brazil,São Paulo,2024-11-03T15:30:00+00:00,9636,14,14,Aston Martin,,14,33.0,1405.7794999999999,161.09,9,9,0,INTERMEDIATE,0,3,128.1796216216216,82.293,21.662686567164172,25.769651741293536,1
Race,Brazil,São Paulo,2024-11-03T15:30:00+00:00,9636,14,30,RB,,9,33.0,1405.3104999999998,158.789,6,8,2,INTERMEDIATE,3,3,127.36905405405405,82.123,21.662686567164172,25.769651741293536,1
Race,Brazil,São Paulo,2024-11-03T15:30:00+00:00,9636,14,77,Kick Sauber,,13,33.0,1401.0404999999998,151.847,16,11,-5,INTERMEDIATE,0,2,127.48586486486487,82.877,21.662686567164172,25.769651741293536,1
Race,Brazil,São Paulo,2024-11-03T15:30:00+00:00,9636,14,44,Mercedes,,10,33.0,1403.1435000000001,160.982,13,11,-2,INTERMEDIATE,0,3,127.30078378378379,82.041,21.662686567164172,25.769651741293536,1
Race,Brazil,São Paulo,2024-11-03T15:30:00+00:00,9636,14,11,Red Bull Racing,,11,33.0,1393.2595,156.778,18,16,-2,INTERMEDIATE,0,3,126.95024324324326,82.143,21.662686567164172,25.769651741293536,1
Race,Brazil,São Paulo,2024-11-03T15:30:00+00:00,9636,14,55,Ferrari,,16,33.0,1397.0124999999998,154.208,14,14,0,INTERMEDIATE,0,3,329.8538333333333,86.771,21.662686567164172,25.769651741293536,1
Race,Brazil,São Paulo,2024-11-03T15:30:00+00:00,9636,14,50,Haas F1 Team,,12,33.0,1399.028,158.79,11,11,0,INTERMEDIATE,0,3,126.98800000000001,82.494,21.662686567164172,25.769651741293536,1
Race,Brazil,São Paulo,2024-11-03T15:30:00+00:00,9636,14,24,Kick Sauber,,15,33.0,-571.673,1392.307,16,16,0,INTERMEDIATE,0,5,91.15813513513514,83.058,21.662686567164172,25.769651741293536,1
Race,United States,Las Vegas,2024-11-24T06:00:00+00:00,9644,152,14,Aston Martin,,11,5.0,13.156999999999996,105.129,12,10,-2,HARD,0,2,100.6922,98.437,17.825174825174823,17.723776223776223,0
Race,United States,Las Vegas,2024-11-24T06:00:00+00:00,9644,152,16,Ferrari,,4,10.0,11.117000000000004,107.546,16,12,-4,HARD,0,2,99.1755909090909,97.13,17.825174825174823,17.723776223776223,0
Race,United States,Las Vegas,2024-11-24T06:00:00+00:00,9644,152,4,McLaren,,6,10.0,12.729500000000002,105.24,14,10,-4,HARD,0,2,99.76309523809525,97.795,17.825174825174823,17.723776223776223,0
Race,United States,Las Vegas,2024-11-24T06:00:00+00:00,9644,152,23,Williams,,19,10.0,14.79849999999999,104.883,13,11,-2,HARD,0,2,100.79237499999999,98.008,17.825174825174823,17.723776223776223,0
Race,United States,Las Vegas,2024-11-24T06:00:00+00:00,9644,152,18,Aston Martin,,15,10.0,27.239499999999992,105.282,15,14,-1,HARD,0,2,100.96873684210526,98.424,17.825174825174823,17.723776223776223,0
Race,United States,Las Vegas,2024-11-24T06:00:00+00:00,9644,152,55,Ferrari,,3,11.0,10.981000000000009,106.562,8,6,-2,HARD,0,2,99.64755555555556,97.477,17.825174825174823,17.723776223776223,0
Race,United States,Las Vegas,2024-11-24T06:00:00+00:00,9644,152,22,RB,,9,11.0,13.780000000000001,105.973,11,9,-2,HARD,0,2,100.24063157894734,98.177,17.825174825174823,17.723776223776223,0
Race,United States,Las Vegas,2024-11-24T06:00:00+00:00,9644,152,10,Alpine,,20,11.0,14.271999999999991,106.263,13,15,2,HARD,0,2,105.02380000000001,98.314,17.825174825174823,17.723776223776223,0
Race,United States,Las Vegas,2024-11-24T06:00:00+00:00,9644,152,81,McLaren,,7,11.0,19.234499999999997,105.43,16,14,-2,HARD,0,2,100.51966666666667,97.942,17.825174825174823,17.723776223776223,0
Race,United States,Las Vegas,2024-11-24T06:00:00+00:00,9644,152,1,Red Bull Racing,,5,12.0,13.688999999999993,104.351,4,2,-2,HARD,0,2,99.40268749999998,97.524,17.825174825174823,17.723776223776223,0
Race,United States,Las Vegas,2024-11-24T06:00:00+00:00,9644,152,31,Alpine,,17,12.0,3.956000000000003,105.832,18,15,-3,MEDIUM,0,2,114.887,114.887,17.825174825174823,17.723776223776223,0
Race,United States,Las Vegas,2024-11-24T06:00:00+00:00,9644,152,24,Kick Sauber,,13,12.0,15.868499999999997,106.469,15,13,-2,HARD,0,2,100.45843478260869,98.775,17.825174825174823,17.723776223776223,0
Race,United States,Las Vegas,2024-11-24T06:00:00+00:00,9644,152,30,RB,,16,12.0,13.974000000000004,106.707,18,16,-2,HARD,1,2,100.42892592592592,98.737,17.825174825174823,17.723776223776223,0
Race,United States,Las Vegas,2024-11-24T06:00:00+00:00,9644,152,63,Mercedes,,1,13.0,13.844999999999999,103.522,1,1,0,HARD,1,2,98.8455,97.359,17.825174825174823,17.723776223776223,0
Race,United States,Las Vegas,2024-11-24T06:00:00+00:00,9644,152,31,Alpine,,17,13.0,9.12100000000001,114.887,18,15,-3,HARD,0,3,99.74799999999999,98.207,17.825174825174823,17.723776223776223,0
Race,United States,Las Vegas,2024-11-24T06:00:00+00:00,9644,152,44,Mercedes,,2,14.0,14.447000000000003,103.19,6,8,2,HARD,1,2,99.30078571428571,97.055,17.825174825174823,17.723776223776223,0
Race,United States,Las Vegas,2024-11-24T06:00:00+00:00,9644,152,27,Haas F1 Team,,8,15.0,12.809499999999986,106.441,13,15,2,HARD,0,2,99.6796842105263,97.634,17.825174825174823,17.723776223776223,0
Race,United States,Las Vegas,2024-11-24T06:00:00+00:00,9644,152,43,Williams,,14,17.0,12.945999999999998,106.201,15,17,2,MEDIUM,0,2,100.47780000000002,97.866,17.825174825174823,17.723776223776223,0
Race,United States,Las Vegas,2024-11-24T06:00:00+00:00,9644,152,11,Red Bull Racing,,10,18.0,12.799999999999997,108.327,8,10,2,MEDIUM,0,2,99.88886666666667,97.883,17.825174825174823,17.723776223776223,0
Race,United States,Las Vegas,2024-11-24T06:00:00+00:00,9644,152,77,Kick Sauber,,18,18.0,11.673500000000004,107.928,11,11,0,MEDIUM,0,2,100.77972222222223,98.594,17.825174825174823,17.723776223776223,0
Race,United States,Las Vegas,2024-11-24T06:00:00+00:00,9644,152,20,Haas F1 Team,,12,18.0,14.135000000000005,107.306,8,8,0,HARD,0,2,98.8260303030303,96.557,17.825174825174823,17.723776223776223,0
Race,United States,Las Vegas,2024-11-24T06:00:00+00:00,9644,152,14,Aston Martin,,11,25.0,12.619500000000002,104.985,12,10,-2,HARD,1,3,98.56196153846153,96.553,17.825174825174823,17.723776223776223,0
Race,United States,Las Vegas,2024-11-24T06:00:00+00:00,9644,152,81,McLaren,,7,26.0,13.228499999999997,103.929,16,14,-2,HARD,0,3,98.24995999999999,96.598,17.825174825174823,17.723776223776223,0
Race,United States,Las Vegas,2024-11-24T06:00:00+00:00,9644,152,43,Williams,,14,27.0,11.96050000000001,102.724,15,17,2,HARD,0,3,98.46416666666669,96.867,17.825174825174823,17.723776223776223,0
Race,United States,Las Vegas,2024-11-24T06:00:00+00:00,9644,152,1,Red Bull Racing,,5,28.0,14.498999999999995,103.108,4,2,-2,HARD,0,3,97.78178260869566,96.248,17.825174825174823,17.723776223776223,0
Race,United States,Las Vegas,2024-11-24T06:00:00+00:00,9644,152,44,Mercedes,,2,28.0,12.511499999999998,103.83,6,8,2,HARD,1,3,97.20765217391306,95.48,17.825174825174823,17.723776223776223,0
Race,United States,Las Vegas,2024-11-24T06:00:00+00:00,9644,152,55,Ferrari,,3,29.0,12.584000000000003,103.655,8,6,-2,HARD,0,3,97.2736818181818,95.875,17.825174825174823,17.723776223776223,0
Race,United States,Las Vegas,2024-11-24T06:00:00+00:00,9644,152,18,Aston Martin,,15,29.0,12.513499999999993,106.525,15,14,-1,HARD,0,3,98.68163636363637,97.179,17.825174825174823,17.723776223776223,0
Race,United States,Las Vegas,2024-11-24T06:00:00+00:00,9644,152,22,RB,,9,30.0,13.704999999999998,104.582,11,9,-2,HARD,1,3,98.65219047619047,96.957,17.825174825174823,17.723776223776223,0
Race,United States,Las Vegas,2024-11-24T06:00:00+00:00,9644,152,4,McLaren,,6,31.0,12.113499999999988,104.646,14,10,-4,HARD,0,3,97.68244444444446,95.527,17.825174825174823,17.723776223776223,0
Race,United States,Las Vegas,2024-11-24T06:00:00+00:00,9644,152,16,Ferrari,,4,32.0,14.521499999999989,102.968,16,12,-4,HARD,0,3,97.42747368421053,95.674,17.825174825174823,17.723776223776223,0
Race,United States,Las Vegas,2024-11-24T06:00:00+00:00,9644,152,63,Mercedes,,1,33.0,13.778000000000006,102.229,1,1,0,HARD,0,3,97.5635,95.717,17.825174825174823,17.723776223776223,0
Race,United States,Las Vegas,2024-11-24T06:00:00+00:00,9644,152,11,Red Bull Racing,,10,33.0,14.116,103.652,8,10,2,HARD,0,3,98.17511111111112,96.326,17.825174825174823,17.723776223776223,0
Race,United States,Las Vegas,2024-11-24T06:00:00+00:00,9644,152,27,Haas F1 Team,,8,34.0,14.384999999999991,103.457,13,15,2,HARD,0,3,98.41635294117648,96.585,17.825174825174823,17.723776223776223,0
Race,United States,Las Vegas,2024-11-24T06:00:00+00:00,9644,152,24,Kick Sauber,,13,35.0,14.534999999999997,104.144,15,13,-2,HARD,0,3,98.2465625,96.324,17.825174825174823,17.723776223776223,0
Race,United States,Las Vegas,2024-11-24T06:00:00+00:00,9644,152,77,Kick Sauber,,18,36.0,14.518500000000003,107.595,11,11,0,HARD,0,3,98.9727857142857,96.601,17.825174825174823,17.723776223776223,0
Race,United States,Las Vegas,2024-11-24T06:00:00+00:00,9644,152,30,RB,,16,39.0,12.772999999999996,105.262,18,16,-2,HARD,1,3,98.74466666666666,96.98,17.825174825174823,17.723776223776223,0
Race,United States,Las Vegas,2024-11-24T06:00:00+00:00,9644,152,31,Alpine,,17,46.0,14.502500000000012,103.454,18,15,-3,SOFT,0,4,101.30199999999999,96.511,17.825174825174823,17.723776223776223,0
Race,United States,Las Vegas,2024-11-24T06:00:00+00:00,9644,152,4,McLaren,,6,49.0,14.423999999999992,100.9,14,10,-4,SOFT,4,4,103.594,94.876,17.825174825174823,17.723776223776223,0
Race,Qatar,Lusail,2024-12-01T16:00:00+00:00,9655,150,18,Aston Martin,,18,2.0,10.070999999999998,137.136,16,16,0,HARD,0,2,115.65116666666667,90.935,18.926490066225167,22.773509933774836,0
Race,Qatar,Lusail,2024-12-01T16:00:00+00:00,9655,150,27,Haas F1 Team,,16,2.0,-21.567999999999984,165.641,15,15,0,HARD,0,2,91.8145,86.235,18.926490066225167,22.773509933774836,0
Race,Qatar,Lusail,2024-12-01T16:00:00+00:00,9655,150,18,Aston Martin,,18,8.0,,96.33,16,16,0,HARD,0,3,140.862,140.862,18.926490066225167,22.773509933774836,0
Race,Qatar,Lusail,2024-12-01T16:00:00+00:00,9655,150,63,Mercedes,,4,24.0,25.741500000000002,89.591,1,3,2,HARD,0,2,90.54,85.498,18.926490066225167,22.773509933774836,0
Race,Qatar,Lusail,2024-12-01T16:00:00+00:00,9655,150,77,Kick Sauber,,11,25.0,22.68350000000001,90.542,14,16,2,HARD,0,2,96.2819090909091,86.288,18.926490066225167,22.773509933774836,0
Race,Qatar,Lusail,2024-12-01T16:00:00+00:00,9655,150,20,Haas F1 Team,,9,28.0,20.986999999999995,90.05,9,11,2,HARD,0,2,96.57944444444443,85.307,18.926490066225167,22.773509933774836,0
Race,Qatar,Lusail,2024-12-01T16:00:00+00:00,9655,150,27,Haas F1 Team,,16,32.0,18.573999999999998,90.767,15,15,0,MEDIUM,0,3,104.4442,85.767,18.926490066225167,22.773509933774836,0
Race,Qatar,Lusail,2024-12-01T16:00:00+00:00,9655,150,81,McLaren,,3,35.0,18.884,89.34,16,18,2,HARD,0,2,127.88199999999999,127.624,18.926490066225167,22.773509933774836,0
Race,Qatar,Lusail,2024-12-01T16:00:00+00:00,9655,150,55,Ferrari,,6,35.0,32.86150000000001,107.696,5,7,2,HARD,0,2,135.8365,123.309,18.926490066225167,22.773509933774836,0
Race,Qatar,Lusail,2024-12-01T16:00:00+00:00,9655,150,4,McLaren,,10,36.0,39.95700000000002,93.654,2,4,2,HARD,0,2,170.429,170.429,18.926490066225167,22.773509933774836,0
Race,Qatar,Lusail,2024-12-01T16:00:00+00:00,9655,150,44,Mercedes,,12,35.0,24.378000000000014,136.781,13,15,2,HARD,0,2,177.756,177.756,18.926490066225167,22.773509933774836,0
Race,Qatar,Lusail,2024-12-01T16:00:00+00:00,9655,150,1,Red Bull Racing,,1,36.0,38.6755,92.307,11,13,2,HARD,0,2,169.155,169.155,18.926490066225167,22.773509933774836,0
Race,Qatar,Lusail,2024-12-01T16:00:00+00:00,9655,150,16,Ferrari,,2,36.0,24.983000000000004,98.515,4,4,0,HARD,0,2,157.723,157.723,18.926490066225167,22.773509933774836,0
Race,Qatar,Lusail,2024-12-01T16:00:00+00:00,9655,150,11,Red Bull Racing,,17,36.0,11.179000000000002,106.636,4,6,2,HARD,0,2,143.642,143.642,18.926490066225167,22.773509933774836,0
Race,Qatar,Lusail,2024-12-01T16:00:00+00:00,9655,150,10,Alpine,,5,36.0,15.759500000000003,111.497,13,11,-2,HARD,0,2,142.16,142.16,18.926490066225167,22.773509933774836,0
Race,Qatar,Lusail,2024-12-01T16:00:00+00:00,9655,150,14,Aston Martin,,7,36.0,21.04249999999999,115.097,10,10,0,HARD,0,2,146.362,146.362,18.926490066225167,22.773509933774836,0
Race,Qatar,Lusail,2024-12-01T16:00:00+00:00,9655,150,63,Mercedes,,4,36.0,17.419999999999987,114.752,1,3,2,HARD,0,3,142.188,142.188,18.926490066225167,22.773509933774836,0
Race,Qatar,Lusail,2024-12-01T16:00:00+00:00,9655,150,24,Kick Sauber,,8,36.0,23.611999999999995,115.892,16,16,0,HARD,0,2,146.39,146.39,18.926490066225167,22.773509933774836,0
Race,Qatar,Lusail,2024-12-01T16:00:00+00:00,9655,150,23,Williams,,15,36.0,22.479000000000013,121.917,14,12,-2,SOFT,0,2,142.739,142.739,18.926490066225167,22.773509933774836,0
Race,Qatar,Lusail,2024-12-01T16:00:00+00:00,9655,150,22,RB,,13,36.0,22.812999999999988,121.862,12,12,0,HARD,0,2,143.242,143.242,18.926490066225167,22.773509933774836,0
Race,Qatar,Lusail,2024-12-01T16:00:00+00:00,9655,150,30,RB,,14,36.0,39.964,123.205,18,16,-2,HARD,0,2,159.436,159.436,18.926490066225167,22.773509933774836,0
Race,Qatar,Lusail,2024-12-01T16:00:00+00:00,9655,150,44,Mercedes,,12,36.0,20.656499999999994,177.756,13,15,2,HARD,0,3,169.975,169.975,18.926490066225167,22.773509933774836,0
Race,Qatar,Lusail,2024-12-01T16:00:00+00:00,9655,150,1,Red Bull Racing,,1,37.0,8.529999999999973,169.155,11,13,2,HARD,1,3,168.652,168.652,18.926490066225167,22.773509933774836,0
Race,Qatar,Lusail,2024-12-01T16:00:00+00:00,9655,150,4,McLaren,,10,37.0,7.494499999999988,170.429,2,4,2,HARD,0,3,167.29,167.29,18.926490066225167,22.773509933774836,0
Race,Qatar,Lusail,2024-12-01T16:00:00+00:00,9655,150,77,Kick Sauber,,11,36.0,35.9785,150.13,14,16,2,MEDIUM,0,3,171.06,171.06,18.926490066225167,22.773509933774836,0
Race,Qatar,Lusail,2024-12-01T16:00:00+00:00,9655,150,16,Ferrari,,2,37.0,13.928500000000014,157.723,4,4,0,HARD,0,3,166.965,166.965,18.926490066225167,22.773509933774836,0
Race,Qatar,Lusail,2024-12-01T16:00:00+00:00,9655,150,81,McLaren,,3,37.0,27.330000000000013,128.14,16,18,2,HARD,0,3,165.54,165.54,18.926490066225167,22.773509933774836,0
Race,Qatar,Lusail,2024-12-01T16:00:00+00:00,9655,150,11,Red Bull Racing,,17,37.0,12.9375,143.642,4,6,2,HARD,1,3,158.29,158.29,18.926490066225167,22.773509933774836,0
Race,Qatar,Lusail,2024-12-01T16:00:00+00:00,9655,150,10,Alpine,,5,37.0,-3.069999999999993,142.16,13,11,-2,HARD,0,3,141.304,141.304,18.926490066225167,22.773509933774836,0
Race,Qatar,Lusail,2024-12-01T16:00:00+00:00,9655,150,63,Mercedes,,4,37.0,-9.5,142.188,1,3,2,HARD,1,4,134.784,134.784,18.926490066225167,22.773509933774836,0
Race,Qatar,Lusail,2024-12-01T16:00:00+00:00,9655,150,55,Ferrari,,6,37.0,-1.6175000000000068,123.309,5,7,2,HARD,2,3,133.402,133.402,18.926490066225167,22.773509933774836,0
Race,Qatar,Lusail,2024-12-01T16:00:00+00:00,9655,150,24,Kick Sauber,,8,37.0,-16.747000000000014,146.39,16,16,0,HARD,0,3,129.664,129.664,18.926490066225167,22.773509933774836,0
Race,Qatar,Lusail,2024-12-01T16:00:00+00:00,9655,150,20,Haas F1 Team,,9,37.0,-6.076999999999998,125.526,9,11,2,HARD,27,3,130.074,130.074,18.926490066225167,22.773509933774836,0
Race,Qatar,Lusail,2024-12-01T16:00:00+00:00,9655,150,14,Aston Martin,,7,37.0,-9.873999999999995,146.362,10,10,0,MEDIUM,6,3,135.542,135.542,18.926490066225167,22.773509933774836,0
Race,Qatar,Lusail,2024-12-01T16:00:00+00:00,9655,150,22,RB,,13,37.0,-26.016000000000005,143.242,12,12,0,HARD,1,3,118.996,118.996,18.926490066225167,22.773509933774836,0
Race,Qatar,Lusail,2024-12-01T16:00:00+00:00,9655,150,23,Williams,,15,37.0,-25.916999999999987,142.739,14,12,-2,SOFT,0,3,118.603,118.603,18.926490066225167,22.773509933774836,0
Race,Qatar,Lusail,2024-12-01T16:00:00+00:00,9655,150,27,Haas F1 Team,,16,37.0,-10.926500000000019,116.135,15,15,0,MEDIUM,5,4,119.627,119.627,18.926490066225167,22.773509933774836,0
Race,Qatar,Lusail,2024-12-01T16:00:00+00:00,9655,150,30,RB,,14,37.0,-31.127499999999998,159.436,18,16,-2,HARD,1,3,115.739,115.739,18.926490066225167,22.773509933774836,0
Race,Qatar,Lusail,2024-12-01T16:00:00+00:00,9655,150,1,Red Bull Racing,,1,38.0,-6.313499999999976,168.652,11,13,2,HARD,0,4,96.62750000000001,82.905,18.926490066225167,22.773509933774836,0
Race,Qatar,Lusail,2024-12-01T16:00:00+00:00,9655,150,44,Mercedes,,12,37.0,-7.582999999999998,169.975,13,15,2,HARD,0,4,101.84736363636365,84.726,18.926490066225167,22.773509933774836,0
Race,Qatar,Lusail,2024-12-01T16:00:00+00:00,9655,150,77,Kick Sauber,,11,37.0,-9.596500000000006,171.06,14,16,2,MEDIUM,0,4,94.16471428571427,85.533,18.926490066225167,22.773509933774836,0
Race,Qatar,Lusail,2024-12-01T16:00:00+00:00,9655,150,4,McLaren,,10,38.0,-6.706499999999977,167.29,2,4,2,HARD,2,4,116.798125,83.473,18.926490066225167,22.773509933774836,0
Race,Qatar,Lusail,2024-12-01T16:00:00+00:00,9655,150,16,Ferrari,,2,38.0,-6.541500000000013,166.965,4,4,0,HARD,2,4,96.58919999999999,83.242,18.926490066225167,22.773509933774836,0
Race,Qatar,Lusail,2024-12-01T16:00:00+00:00,9655,150,11,Red Bull Racing,,17,38.0,,158.29,4,6,2,HARD,0,4,147.063,147.063,18.926490066225167,22.773509933774836,0
Race,Qatar,Lusail,2024-12-01T16:00:00+00:00,9655,150,81,McLaren,,3,38.0,-5.426000000000016,165.54,16,18,2,HARD,3,4,96.5688,83.218,18.926490066225167,22.773509933774836,0
Race,Qatar,Lusail,2024-12-01T16:00:00+00:00,9655,150,10,Alpine,,5,38.0,6.296500000000009,141.304,13,11,-2,HARD,2,4,96.83644999999999,83.705,18.926490066225167,22.773509933774836,0
Race,Qatar,Lusail,2024-12-01T16:00:00+00:00,9655,150,63,Mercedes,,4,38.0,10.473500000000001,134.784,1,3,2,HARD,2,5,96.32165,83.355,18.926490066225167,22.773509933774836,0
Race,Qatar,Lusail,2024-12-01T16:00:00+00:00,9655,150,55,Ferrari,,6,38.0,12.14149999999998,133.402,5,7,2,HARD,3,4,96.6826,83.465,18.926490066225167,22.773509933774836,0
Race,Qatar,Lusail,2024-12-01T16:00:00+00:00,9655,150,14,Aston Martin,,7,38.0,9.696499999999986,135.542,10,10,0,MEDIUM,7,4,96.5447,83.667,18.926490066225167,22.773509933774836,0
Race,Qatar,Lusail,2024-12-01T16:00:00+00:00,9655,150,24,Kick Sauber,,8,38.0,13.847000000000008,129.664,16,16,0,HARD,0,4,96.99815,83.889,18.926490066225167,22.773509933774836,0
Race,Qatar,Lusail,2024-12-01T16:00:00+00:00,9655,150,20,Haas F1 Team,,9,38.0,15.728499999999997,130.074,9,11,2,HARD,28,4,97.14075,84.259,18.926490066225167,22.773509933774836,0
Race,Qatar,Lusail,2024-12-01T16:00:00+00:00,9655,150,22,RB,,13,38.0,22.410500000000013,118.996,12,12,0,HARD,2,4,131.92333333333332,119.241,18.926490066225167,22.773509933774836,0
Race,Qatar,Lusail,2024-12-01T16:00:00+00:00,9655,150,23,Williams,,15,38.0,22.470499999999987,118.603,14,12,-2,SOFT,0,4,99.78733333333332,85.559,18.926490066225167,22.773509933774836,0
Race,Qatar,Lusail,2024-12-01T16:00:00+00:00,9655,150,30,RB,,14,38.0,13.575999999999993,115.739,18,16,-2,HARD,0,4,126.88233333333334,120.647,18.926490066225167,22.773509933774836,0
Race,Qatar,Lusail,2024-12-01T16:00:00+00:00,9655,150,27,Haas F1 Team,,16,38.0,21.167500000000018,119.627,15,15,0,MEDIUM,6,5,136.477,127.982,18.926490066225167,22.773509933774836,0
Race,Qatar,Lusail,2024-12-01T16:00:00+00:00,9655,150,22,RB,,13,41.0,9.507000000000005,119.241,12,12,0,SOFT,0,5,92.55070588235294,86.144,18.926490066225167,22.773509933774836,0
Race,Qatar,Lusail,2024-12-01T16:00:00+00:00,9655,150,30,RB,,14,41.0,11.213999999999999,120.647,18,16,-2,SOFT,0,5,92.48641176470588,86.076,18.926490066225167,22.773509933774836,0
Race,Qatar,Lusail,2024-12-01T16:00:00+00:00,9655,150,4,McLaren,,10,46.0,27.376000000000005,87.666,2,4,2,HARD,0,5,85.84175,82.384,18.926490066225167,22.773509933774836,0
Race,Qatar,Lusail,2024-12-01T16:00:00+00:00,9655,150,44,Mercedes,,12,48.0,14.884999999999991,89.954,13,15,2,HARD,13,5,86.551,83.865,18.926490066225167,22.773509933774836,0
Race,Qatar,Lusail,2024-12-01T16:00:00+00:00,9655,150,23,Williams,,15,56.0,,92.223,14,12,-2,SOFT,0,5,123.543,123.543,18.926490066225167,22.773509933774836,0
Race,Qatar,Lusail,2024-12-01T16:00:00+00:00,9655,150,43,Williams,,19,,,,20,20,0,MEDIUM,0,2,,,18.926490066225167,22.773509933774836,0
Race,Qatar,Lusail,2024-12-01T16:00:00+00:00,9655,150,31,Alpine,,20,,,,18,20,2,MEDIUM,0,2,,,18.926490066225167,22.773509933774836,0
Race,United Arab Emirates,Yas Island,2024-12-08T13:00:00+00:00,9662,70,43,Williams,,19,4.0,5.085499999999996,130.71,18,18,0,HARD,0,2,91.96460869565216,89.411,26.76824324324324,31.805405405405406,0
Race,United Arab Emirates,Yas Island,2024-12-08T13:00:00+00:00,9662,70,81,McLaren,,10,5.0,20.311499999999995,92.201,18,14,-4,HARD,0,2,90.55785714285715,88.95,26.76824324324324,31.805405405405406,0
Race,United Arab Emirates,Yas Island,2024-12-08T13:00:00+00:00,9662,70,77,Kick Sauber,,18,7.0,38.6395,93.388,12,14,2,HARD,0,2,94.06858333333332,89.482,26.76824324324324,31.805405405405406,0
Race,United Arab Emirates,Yas Island,2024-12-08T13:00:00+00:00,9662,70,18,Aston Martin,,14,12.0,20.318000000000012,92.854,14,14,0,HARD,1,2,91.31614285714286,89.744,26.76824324324324,31.805405405405406,0
Race,United Arab Emirates,Yas Island,2024-12-08T13:00:00+00:00,9662,70,20,Haas F1 Team,,16,13.0,22.67750000000001,92.565,11,13,2,HARD,0,2,91.7055294117647,89.826,26.76824324324324,31.805405405405406,0
Race,United Arab Emirates,Yas Island,2024-12-08T13:00:00+00:00,9662,70,23,Williams,,11,13.0,18.923999999999992,92.201,13,15,2,HARD,0,2,90.46540000000002,89.438,26.76824324324324,31.805405405405406,0
Race,United Arab Emirates,Yas Island,2024-12-08T13:00:00+00:00,9662,70,24,Kick Sauber,,13,13.0,20.8335,92.863,13,15,2,HARD,0,2,90.96022222222221,89.708,26.76824324324324,31.805405405405406,0
Race,United Arab Emirates,Yas Island,2024-12-08T13:00:00+00:00,9662,70,27,Haas F1 Team,,8,14.0,18.510999999999996,92.49,10,10,0,HARD,0,2,90.15415555555555,89.152,26.76824324324324,31.805405405405406,0
Race,United Arab Emirates,Yas Island,2024-12-08T13:00:00+00:00,9662,70,14,Aston Martin,,9,14.0,20.292,93.244,11,9,-2,HARD,1,2,90.88333333333333,89.565,26.76824324324324,31.805405405405406,0
Race,United Arab Emirates,Yas Island,2024-12-08T13:00:00+00:00,9662,70,10,Alpine,,7,15.0,18.700000000000003,92.241,10,8,-2,HARD,0,2,90.1896590909091,89.212,26.76824324324324,31.805405405405406,0
Race,United Arab Emirates,Yas Island,2024-12-08T13:00:00+00:00,9662,70,16,Ferrari,,3,21.0,17.666500000000013,92.189,6,4,-2,HARD,0,2,89.11415789473685,88.018,26.76824324324324,31.805405405405406,0
Race,United Arab Emirates,Yas Island,2024-12-08T13:00:00+00:00,9662,70,61,Alpine,,15,23.0,19.567999999999998,93.037,9,11,2,HARD,0,2,90.60982857142858,89.121,26.76824324324324,31.805405405405406,0
Race,United Arab Emirates,Yas Island,2024-12-08T13:00:00+00:00,9662,70,22,RB,,12,23.0,19.07199999999999,92.597,11,8,-3,HARD,0,2,90.33191428571429,89.2,26.76824324324324,31.805405405405406,0
Race,United Arab Emirates,Yas Island,2024-12-08T13:00:00+00:00,9662,70,30,RB,,17,24.0,13.9525,94.497,10,7,-3,HARD,0,2,116.467,116.467,26.76824324324324,31.805405405405406,0
Race,United Arab Emirates,Yas Island,2024-12-08T13:00:00+00:00,9662,70,30,RB,,17,25.0,7.492999999999995,116.467,10,7,-3,HARD,1,3,94.33739999999999,89.585,26.76824324324324,31.805405405405406,0
Race,United Arab Emirates,Yas Island,2024-12-08T13:00:00+00:00,9662,70,55,Ferrari,,2,26.0,18.0475,90.842,4,3,-1,HARD,0,2,88.78542424242424,87.765,26.76824324324324,31.805405405405406,0
Race,United Arab Emirates,Yas Island,2024-12-08T13:00:00+00:00,9662,70,4,McLaren,,1,27.0,17.567000000000007,91.567,1,1,0,HARD,0,2,88.68621875,87.438,26.76824324324324,31.805405405405406,0
Race,United Arab Emirates,Yas Island,2024-12-08T13:00:00+00:00,9662,70,63,Mercedes,,5,27.0,18.5895,92.057,2,4,2,HARD,0,2,89.15221875,88.195,26.76824324324324,31.805405405405406,0
Race,United Arab Emirates,Yas Island,2024-12-08T13:00:00+00:00,9662,70,1,Red Bull Racing,,6,30.0,29.522500000000008,91.857,8,8,0,HARD,0,2,89.32010344827586,87.765,26.76824324324324,31.805405405405406,0
Race,United Arab Emirates,Yas Island,2024-12-08T13:00:00+00:00,9662,70,20,Haas F1 Team,,16,30.0,19.87150000000001,91.849,11,13,2,HARD,0,3,121.98,121.98,26.76824324324324,31.805405405405406,0
Race,United Arab Emirates,Yas Island,2024-12-08T13:00:00+00:00,9662,70,30,RB,,17,30.0,32.4525,92.322,10,7,-3,HARD,6,4,90.69692307692308,88.751,26.76824324324324,31.805405405405406,0
Race,United Arab Emirates,Yas Island,2024-12-08T13:00:00+00:00,9662,70,20,Haas F1 Team,,16,31.0,7.760499999999993,121.98,11,13,2,SOFT,0,4,90.61172,87.235,26.76824324324324,31.805405405405406,0
Race,United Arab Emirates,Yas Island,2024-12-08T13:00:00+00:00,9662,70,18,Aston Martin,,14,33.0,19.138499999999993,92.228,14,14,0,HARD,0,3,90.08856,88.604,26.76824324324324,31.805405405405406,0
Race,United Arab Emirates,Yas Island,2024-12-08T13:00:00+00:00,9662,70,81,McLaren,,10,33.0,30.346500000000006,91.627,18,14,-4,HARD,0,3,89.5676153846154,87.69,26.76824324324324,31.805405405405406,0
Race,United Arab Emirates,Yas Island,2024-12-08T13:00:00+00:00,9662,70,44,Mercedes,,4,35.0,18.924499999999995,91.792,10,7,-3,MEDIUM,1,2,88.575375,87.278,26.76824324324324,31.805405405405406,0
Race,United Arab Emirates,Yas Island,2024-12-08T13:00:00+00:00,9662,70,14,Aston Martin,,9,38.0,19.262000000000015,91.999,11,9,-2,HARD,1,3,89.4662857142857,87.948,26.76824324324324,31.805405405405406,0
Race,United Arab Emirates,Yas Island,2024-12-08T13:00:00+00:00,9662,70,24,Kick Sauber,,13,40.0,26.493499999999997,91.75,13,15,2,HARD,0,3,90.13344444444445,87.982,26.76824324324324,31.805405405405406,0
Race,United Arab Emirates,Yas Island,2024-12-08T13:00:00+00:00,9662,70,20,Haas F1 Team,,16,56.0,24.1965,91.958,11,13,2,SOFT,3,5,99.3155,85.637,26.76824324324324,31.805405405405406,0
