race_name,country,location,race_date,session_key,circuit_key,driver_number,team_name,grid_position,final_position,pit_lap,pit_duration,lap_duration_before_pit,position_before_pit,position_after_pit,pit_position_loss,compound,tire_age_at_start,stint_number,avg_lap_stint,best_lap_stint,avg_air_temp,avg_track_temp,max_rainfall
Race,Australia,Melbourne,2025-03-16T04:00:00+00:00,9693,10,30,Red Bull Racing,,15,,,,12,6,-6,INTERMEDIATE,0,2,,,15.707865168539326,18.942134831460674,1
Race,Australia,Melbourne,2025-03-16T04:00:00+00:00,9693,10,30,Red Bull Racing,,15,1.0,,,12,6,-6,INTERMEDIATE,0,3,159.223,149.147,15.707865168539326,18.942134831460674,1
Race,Australia,Melbourne,2025-03-16T04:00:00+00:00,9693,10,4,McLaren,,1,2.0,30.311499999999995,117.43,3,5,2,INTERMEDIATE,0,2,165.8055,161.723,15.707865168539326,18.942134831460674,1
Race,Australia,Melbourne,2025-03-16T04:00:00+00:00,9693,10,1,Red Bull Racing,,2,2.0,28.397500000000008,119.704,2,4,2,INTERMEDIATE,2,2,165.7335,162.145,15.707865168539326,18.942134831460674,1
Race,Australia,Melbourne,2025-03-16T04:00:00+00:00,9693,10,81,McLaren,,9,2.0,27.7885,121.202,11,13,2,INTERMEDIATE,0,2,165.925,162.307,15.707865168539326,18.942134831460674,1
Race,Australia,Melbourne,2025-03-16T04:00:00+00:00,9693,10,63,Mercedes,,3,2.0,24.362499999999983,125.09,6,8,2,INTERMEDIATE,2,2,165.2815,162.437,15.707865168539326,18.942134831460674,1
Race,Australia,Melbourne,2025-03-16T04:00:00+00:00,9693,10,16,Ferrari,,8,2.0,21.716499999999996,128.872,4,4,0,INTERMEDIATE,2,2,164.697,162.161,15.707865168539326,18.942134831460674,1
Race,Australia,Melbourne,2025-03-16T04:00:00+00:00,9693,10,23,Williams,,4,2.0,20.76200000000003,132.581,6,8,2,INTERMEDIATE,0,2,166.24349999999998,163.623,15.707865168539326,18.942134831460674,1
Race,Australia,Melbourne,2025-03-16T04:00:00+00:00,9693,10,22,Racing Bulls,,12,2.0,21.276999999999987,130.964,4,6,2,INTERMEDIATE,2,2,165.5695,162.92,15.707865168539326,18.942134831460674,1
Race,Australia,Melbourne,2025-03-16T04:00:00+00:00,9693,10,10,Alpine,,11,2.0,22.647500000000008,134.433,5,7,2,INTERMEDIATE,0,2,167.101,162.892,15.707865168539326,18.942134831460674,1
Race,Australia,Melbourne,2025-03-16T04:00:00+00:00,9693,10,44,Ferrari,,10,2.0,21.34299999999999,133.317,2,4,2,INTERMEDIATE,2,2,166.8605,163.813,15.707865168539326,18.942134831460674,1
Race,Australia,Melbourne,2025-03-16T04:00:00+00:00,9693,10,14,Aston Martin,,17,2.0,18.990999999999985,137.489,12,14,2,INTERMEDIATE,2,2,166.3765,163.345,15.707865168539326,18.942134831460674,1
Race,Australia,Melbourne,2025-03-16T04:00:00+00:00,9693,10,27,Kick Sauber,,7,2.0,16.518,141.537,12,12,0,INTERMEDIATE,0,2,166.8105,164.223,15.707865168539326,18.942134831460674,1
Race,Australia,Melbourne,2025-03-16T04:00:00+00:00,9693,10,18,Aston Martin,,6,2.0,17.633499999999998,139.757,10,10,0,INTERMEDIATE,2,2,166.7095,163.938,15.707865168539326,18.942134831460674,1
Race,Australia,Melbourne,2025-03-16T04:00:00+00:00,9693,10,5,Kick Sauber,,16,2.0,14.745499999999993,144.436,15,13,-2,INTERMEDIATE,0,2,169.572,169.572,15.707865168539326,18.942134831460674,1
Race,Australia,Melbourne,2025-03-16T04:00:00+00:00,9693,10,31,Haas F1 Team,,13,2.0,14.354000000000013,146.059,15,15,0,INTERMEDIATE,2,2,167.495,165.071,15.707865168539326,18.942134831460674,1
Race,Australia,Melbourne,2025-03-16T04:00:00+00:00,9693,10,12,Mercedes,,5,2.0,16.089500000000015,142.666,11,9,-2,INTERMEDIATE,2,2,167.2775,164.755,15.707865168539326,18.942134831460674,1
Race,Australia,Melbourne,2025-03-16T04:00:00+00:00,9693,10,30,Red Bull Racing,,15,2.0,12.055000000000007,149.147,12,6,-6,INTERMEDIATE,2,4,167.32,165.341,15.707865168539326,18.942134831460674,1
Race,Australia,Melbourne,2025-03-16T04:00:00+00:00,9693,10,87,Haas F1 Team,,14,2.0,12.297500000000014,149.622,17,15,-2,INTERMEDIATE,0,2,169.798,169.798,15.707865168539326,18.942134831460674,1
Race,Australia,Melbourne,2025-03-16T04:00:00+00:00,9693,10,5,Kick Sauber,,16,3.0,3.0200000000000102,169.572,15,13,-2,INTERMEDIATE,0,3,165.217,165.217,15.707865168539326,18.942134831460674,1
Race,Australia,Melbourne,2025-03-16T04:00:00+00:00,9693,10,87,Haas F1 Team,,14,3.0,-2.3920000000000243,169.798,17,15,-2,INTERMEDIATE,0,3,165.379,165.379,15.707865168539326,18.942134831460674,1
Race,Australia,Melbourne,2025-03-16T04:00:00+00:00,9693,10,1,Red Bull Racing,,2,3.0,-0.40349999999997976,169.322,2,4,2,INTERMEDIATE,0,3,158.96,155.775,15.707865168539326,18.942134831460674,1
Race,Australia,Melbourne,2025-03-16T04:00:00+00:00,9693,10,4,McLaren,,1,3.0,-1.2475000000000023,169.888,3,5,2,INTERMEDIATE,0,3,158.888,156.053,15.707865168539326,18.942134831460674,1
Race,Australia,Melbourne,2025-03-16T04:00:00+00:00,9693,10,81,McLaren,,9,3.0,-0.3270000000000266,169.543,11,13,2,INTERMEDIATE,0,3,159.016,155.725,15.707865168539326,18.942134831460674,1
Race,Australia,Melbourne,2025-03-16T04:00:00+00:00,9693,10,63,Mercedes,,3,3.0,0.12049999999999272,168.126,6,8,2,INTERMEDIATE,3,3,159.472,156.507,15.707865168539326,18.942134831460674,1
Race,Australia,Melbourne,2025-03-16T04:00:00+00:00,9693,10,16,Ferrari,,8,3.0,0.6435000000000173,167.233,4,4,0,INTERMEDIATE,3,3,158.98149999999998,155.802,15.707865168539326,18.942134831460674,1
Race,Australia,Melbourne,2025-03-16T04:00:00+00:00,9693,10,22,Racing Bulls,,12,3.0,1.2129999999999939,168.219,4,6,2,INTERMEDIATE,0,3,159.0575,155.195,15.707865168539326,18.942134831460674,1
Race,Australia,Melbourne,2025-03-16T04:00:00+00:00,9693,10,23,Williams,,4,3.0,2.0504999999999995,168.864,6,8,2,INTERMEDIATE,1,3,158.952,154.281,15.707865168539326,18.942134831460674,1
Race,Australia,Melbourne,2025-03-16T04:00:00+00:00,9693,10,44,Ferrari,,10,3.0,1.8089999999999975,169.908,2,4,2,INTERMEDIATE,3,3,158.9565,154.1,15.707865168539326,18.942134831460674,1
Race,Australia,Melbourne,2025-03-16T04:00:00+00:00,9693,10,14,Aston Martin,,17,3.0,1.288000000000011,169.408,12,14,2,INTERMEDIATE,3,3,159.0255,154.706,15.707865168539326,18.942134831460674,1
Race,Australia,Melbourne,2025-03-16T04:00:00+00:00,9693,10,10,Alpine,,11,3.0,-0.05750000000000455,171.31,5,7,2,INTERMEDIATE,3,3,158.7405,154.589,15.707865168539326,18.942134831460674,1
Race,Australia,Melbourne,2025-03-16T04:00:00+00:00,9693,10,27,Kick Sauber,,7,3.0,1.955500000000029,169.398,12,12,0,INTERMEDIATE,3,3,159.68,155.137,15.707865168539326,18.942134831460674,1
Race,Australia,Melbourne,2025-03-16T04:00:00+00:00,9693,10,18,Aston Martin,,6,3.0,1.7620000000000005,169.481,10,10,0,INTERMEDIATE,3,3,159.40449999999998,154.871,15.707865168539326,18.942134831460674,1
Race,Australia,Melbourne,2025-03-16T04:00:00+00:00,9693,10,12,Mercedes,,5,3.0,2.555999999999983,169.8,11,9,-2,INTERMEDIATE,0,3,159.6765,154.598,15.707865168539326,18.942134831460674,1
Race,Australia,Melbourne,2025-03-16T04:00:00+00:00,9693,10,5,Kick Sauber,,16,3.0,3.0200000000000102,169.572,15,13,-2,INTERMEDIATE,0,4,165.217,165.217,15.707865168539326,18.942134831460674,1
Race,Australia,Melbourne,2025-03-16T04:00:00+00:00,9693,10,31,Haas F1 Team,,13,3.0,-0.984499999999997,169.919,15,15,0,INTERMEDIATE,3,3,163.63150000000002,162.192,15.707865168539326,18.942134831460674,1
Race,Australia,Melbourne,2025-03-16T04:00:00+00:00,9693,10,87,Haas F1 Team,,14,3.0,-2.3920000000000243,169.798,17,15,-2,INTERMEDIATE,0,4,165.379,165.379,15.707865168539326,18.942134831460674,1
Race,Australia,Melbourne,2025-03-16T04:00:00+00:00,9693,10,30,Red Bull Racing,,15,3.0,0.49500000000000455,169.299,12,6,-6,INTERMEDIATE,3,5,162.86700000000002,160.393,15.707865168539326,18.942134831460674,1
Race,Australia,Melbourne,2025-03-16T04:00:00+00:00,9693,10,5,Kick Sauber,,16,4.0,3.055499999999995,165.217,15,13,-2,INTERMEDIATE,3,5,154.822,154.822,15.707865168539326,18.942134831460674,1
Race,Australia,Melbourne,2025-03-16T04:00:00+00:00,9693,10,87,Haas F1 Team,,14,4.0,20.3485,165.379,17,15,-2,INTERMEDIATE,3,5,165.744,165.744,15.707865168539326,18.942134831460674,1
Race,Australia,Melbourne,2025-03-16T04:00:00+00:00,9693,10,4,McLaren,,1,4.0,3.367500000000007,161.723,3,5,2,INTERMEDIATE,0,4,98.29387096774195,87.495,15.707865168539326,18.942134831460674,1
Race,Australia,Melbourne,2025-03-16T04:00:00+00:00,9693,10,1,Red Bull Racing,,2,4.0,2.897999999999996,162.145,2,4,2,INTERMEDIATE,0,4,99.02167741935484,88.046,15.707865168539326,18.942134831460674,1
Race,Australia,Melbourne,2025-03-16T04:00:00+00:00,9693,10,63,Mercedes,,3,4.0,4.4325000000000045,162.437,6,8,2,INTERMEDIATE,4,4,99.58770967741935,89.041,15.707865168539326,18.942134831460674,1
Race,Australia,Melbourne,2025-03-16T04:00:00+00:00,9693,10,81,McLaren,,9,4.0,2.9939999999999998,162.307,11,13,2,INTERMEDIATE,0,4,98.4305806451613,87.916,15.707865168539326,18.942134831460674,1
Race,Australia,Melbourne,2025-03-16T04:00:00+00:00,9693,10,22,Racing Bulls,,12,4.0,3.014499999999998,162.92,4,6,2,INTERMEDIATE,0,4,99.59143333333333,90.031,15.707865168539326,18.942134831460674,1
Race,Australia,Melbourne,2025-03-16T04:00:00+00:00,9693,10,16,Ferrari,,8,4.0,3.4229999999999734,162.161,4,4,0,INTERMEDIATE,4,4,99.76100000000001,89.337,15.707865168539326,18.942134831460674,1
Race,Australia,Melbourne,2025-03-16T04:00:00+00:00,9693,10,23,Williams,,4,4.0,1.427500000000009,163.623,6,8,2,INTERMEDIATE,2,4,99.5154,89.628,15.707865168539326,18.942134831460674,1
Race,Australia,Melbourne,2025-03-16T04:00:00+00:00,9693,10,44,Ferrari,,10,4.0,1.3075000000000045,163.813,2,4,2,INTERMEDIATE,4,4,99.50956666666666,89.737,15.707865168539326,18.942134831460674,1
Race,Australia,Melbourne,2025-03-16T04:00:00+00:00,9693,10,14,Aston Martin,,17,4.0,1.9429999999999836,163.345,12,14,2,INTERMEDIATE,4,4,99.12179310344827,88.819,15.707865168539326,18.942134831460674,1
Race,Australia,Melbourne,2025-03-16T04:00:00+00:00,9693,10,10,Alpine,,11,4.0,2.462999999999994,162.892,5,7,2,INTERMEDIATE,4,4,99.54996666666666,89.299,15.707865168539326,18.942134831460674,1
Race,Australia,Melbourne,2025-03-16T04:00:00+00:00,9693,10,27,Kick Sauber,,7,4.0,3.4964999999999975,164.223,12,12,0,INTERMEDIATE,4,4,100.55659999999999,90.071,15.707865168539326,18.942134831460674,1
Race,Australia,Melbourne,2025-03-16T04:00:00+00:00,9693,10,18,Aston Martin,,6,4.0,2.6975000000000193,163.938,10,10,0,INTERMEDIATE,4,4,100.27043333333336,90.657,15.707865168539326,18.942134831460674,1
Race,Australia,Melbourne,2025-03-16T04:00:00+00:00,9693,10,5,Kick Sauber,,16,4.0,3.055499999999995,165.217,15,13,-2,MEDIUM,4,6,104.40304878048782,84.192,15.707865168539326,18.942134831460674,1
Race,Australia,Melbourne,2025-03-16T04:00:00+00:00,9693,10,12,Mercedes,,5,4.0,2.63900000000001,164.755,11,9,-2,INTERMEDIATE,4,4,99.4111,89.032,15.707865168539326,18.942134831460674,1
Race,Australia,Melbourne,2025-03-16T04:00:00+00:00,9693,10,30,Red Bull Racing,,15,4.0,12.075999999999993,165.341,12,6,-6,INTERMEDIATE,0,6,100.8125,90.803,15.707865168539326,18.942134831460674,1
Race,Australia,Melbourne,2025-03-16T04:00:00+00:00,9693,10,31,Haas F1 Team,,13,4.0,14.392500000000013,165.071,15,15,0,INTERMEDIATE,0,4,106.4723888888889,91.155,15.707865168539326,18.942134831460674,1
Race,Australia,Melbourne,2025-03-16T04:00:00+00:00,9693,10,87,Haas F1 Team,,14,4.0,20.3485,165.379,17,15,-2,MEDIUM,0,6,105.91753658536587,87.603,15.707865168539326,18.942134831460674,1
Race,Australia,Melbourne,2025-03-16T04:00:00+00:00,9693,10,44,Ferrari,,10,33.0,-8.080499999999986,90.234,2,4,2,HARD,1,5,114.76153333333333,84.218,15.707865168539326,18.942134831460674,1
Race,Australia,Melbourne,2025-03-16T04:00:00+00:00,9693,10,23,Williams,,4,33.0,-8.650000000000006,90.186,6,8,2,MEDIUM,0,5,116.49016666666667,84.597,15.707865168539326,18.942134831460674,1
Race,Australia,Melbourne,2025-03-16T04:00:00+00:00,9693,10,22,Racing Bulls,,12,33.0,-8.000500000000002,90.492,4,6,2,MEDIUM,0,5,115.42413333333334,84.194,15.707865168539326,18.942134831460674,1
Race,Australia,Melbourne,2025-03-16T04:00:00+00:00,9693,10,10,Alpine,,11,33.0,-5.916000000000011,89.383,5,7,2,HARD,0,5,113.46400000000001,85.02,15.707865168539326,18.942134831460674,1
Race,Australia,Melbourne,2025-03-16T04:00:00+00:00,9693,10,12,Mercedes,,5,33.0,-3.178999999999988,89.032,11,9,-2,HARD,0,5,116.3911666666667,84.901,15.707865168539326,18.942134831460674,1
Race,Australia,Melbourne,2025-03-16T04:00:00+00:00,9693,10,18,Aston Martin,,6,33.0,14.941000000000017,90.657,10,10,0,HARD,1,5,115.24333333333334,85.538,15.707865168539326,18.942134831460674,1
Race,Australia,Melbourne,2025-03-16T04:00:00+00:00,9693,10,27,Kick Sauber,,7,33.0,18.314999999999998,90.109,12,12,0,MEDIUM,0,5,114.82191666666665,85.243,15.707865168539326,18.942134831460674,1
Race,Australia,Melbourne,2025-03-16T04:00:00+00:00,9693,10,4,McLaren,,1,34.0,16.801500000000004,87.495,3,5,2,HARD,1,5,123.18936363636364,82.167,15.707865168539326,18.942134831460674,1
Race,Australia,Melbourne,2025-03-16T04:00:00+00:00,9693,10,81,McLaren,,9,34.0,21.021500000000003,88.226,11,13,2,HARD,1,5,130.89718181818182,83.242,15.707865168539326,18.942134831460674,1
Race,Australia,Melbourne,2025-03-16T04:00:00+00:00,9693,10,30,Red Bull Racing,,15,33.0,19.3245,93.76,12,6,-6,MEDIUM,0,7,110.78442857142856,82.97,15.707865168539326,18.942134831460674,1
Race,Australia,Melbourne,2025-03-16T04:00:00+00:00,9693,10,1,Red Bull Racing,,2,34.0,22.321000000000012,88.046,2,4,2,MEDIUM,0,5,117.46992307692307,83.081,15.707865168539326,18.942134831460674,1
Race,Australia,Melbourne,2025-03-16T04:00:00+00:00,9693,10,63,Mercedes,,3,34.0,27.251000000000005,90.553,6,8,2,HARD,0,5,120.90218181818183,85.065,15.707865168539326,18.942134831460674,1
Race,Australia,Melbourne,2025-03-16T04:00:00+00:00,9693,10,16,Ferrari,,8,34.0,23.486000000000004,93.966,4,4,0,HARD,1,5,118.00271428571429,85.271,15.707865168539326,18.942134831460674,1
Race,Australia,Melbourne,2025-03-16T04:00:00+00:00,9693,10,31,Haas F1 Team,,13,39.0,6.716999999999999,132.933,15,15,0,MEDIUM,0,5,102.80275,86.764,15.707865168539326,18.942134831460674,1
Race,Australia,Melbourne,2025-03-16T04:00:00+00:00,9693,10,4,McLaren,,1,44.0,16.299999999999997,82.167,3,5,2,INTERMEDIATE,0,6,107.37578571428571,87.126,15.707865168539326,18.942134831460674,1
Race,Australia,Melbourne,2025-03-16T04:00:00+00:00,9693,10,23,Williams,,4,44.0,14.75,84.597,6,8,2,INTERMEDIATE,0,6,107.6117857142857,89.944,15.707865168539326,18.942134831460674,1
Race,Australia,Melbourne,2025-03-16T04:00:00+00:00,9693,10,63,Mercedes,,3,44.0,15.540500000000009,85.065,6,8,2,INTERMEDIATE,0,6,107.44221428571429,89.117,15.707865168539326,18.942134831460674,1
Race,Australia,Melbourne,2025-03-16T04:00:00+00:00,9693,10,18,Aston Martin,,6,44.0,13.341000000000008,85.538,10,10,0,INTERMEDIATE,0,6,107.66314285714286,90.323,15.707865168539326,18.942134831460674,1
Race,Australia,Melbourne,2025-03-16T04:00:00+00:00,9693,10,27,Kick Sauber,,7,44.0,15.506,85.243,12,12,0,INTERMEDIATE,0,6,107.69021428571425,90.36,15.707865168539326,18.942134831460674,1
Race,Australia,Melbourne,2025-03-16T04:00:00+00:00,9693,10,12,Mercedes,,5,44.0,18.028999999999996,84.901,11,9,-2,INTERMEDIATE,0,6,107.24400000000001,88.149,15.707865168539326,18.942134831460674,1
Race,Australia,Melbourne,2025-03-16T04:00:00+00:00,9693,10,5,Kick Sauber,,16,44.0,22.358499999999992,84.192,15,13,-2,INTERMEDIATE,0,7,104.4185,96.255,15.707865168539326,18.942134831460674,1
Race,Australia,Melbourne,2025-03-16T04:00:00+00:00,9693,10,81,McLaren,,9,44.0,100.369,83.242,11,13,2,INTERMEDIATE,0,6,108.6417857142857,88.559,15.707865168539326,18.942134831460674,1
Race,Australia,Melbourne,2025-03-16T04:00:00+00:00,9693,10,87,Haas F1 Team,,14,44.0,26.543999999999997,91.057,17,15,-2,INTERMEDIATE,0,7,104.45764285714287,90.226,15.707865168539326,18.942134831460674,1
Race,Australia,Melbourne,2025-03-16T04:00:00+00:00,9693,10,1,Red Bull Racing,,2,46.0,2.5625,92.874,2,4,2,INTERMEDIATE,0,6,110.06358333333334,87.4,15.707865168539326,18.942134831460674,1
Race,Australia,Melbourne,2025-03-16T04:00:00+00:00,9693,10,10,Alpine,,11,46.0,6.214500000000001,92.969,5,7,2,INTERMEDIATE,0,6,111.40383333333334,90.866,15.707865168539326,18.942134831460674,1
Race,Australia,Melbourne,2025-03-16T04:00:00+00:00,9693,10,31,Haas F1 Team,,13,46.0,30.002499999999998,96.259,15,15,0,INTERMEDIATE,0,6,107.43533333333335,90.924,15.707865168539326,18.942134831460674,1
Race,Australia,Melbourne,2025-03-16T04:00:00+00:00,9693,10,44,Ferrari,,10,47.0,42.7285,96.714,2,4,2,INTERMEDIATE,0,6,112.42154545454547,89.874,15.707865168539326,18.942134831460674,1
Race,Australia,Melbourne,2025-03-16T04:00:00+00:00,9693,10,22,Racing Bulls,,12,47.0,44.68000000000001,100.978,4,6,2,INTERMEDIATE,0,6,112.65927272727272,91.511,15.707865168539326,18.942134831460674,1
Race,Australia,Melbourne,2025-03-16T04:00:00+00:00,9693,10,16,Ferrari,,8,47.0,46.22049999999999,96.429,4,4,0,INTERMEDIATE,0,6,111.8171818181818,89.801,15.707865168539326,18.942134831460674,1
Race,China,Shanghai,2025-03-23T07:00:00+00:00,9998,49,5,Kick Sauber,,17,2.0,6.144499999999994,123.976,17,19,2,HARD,0,2,100.10452000000001,97.965,27.21558441558442,35.81688311688312,0
Race,China,Shanghai,2025-03-23T07:00:00+00:00,9998,49,10,Alpine,,11,11.0,14.41149999999999,104.157,16,16,0,HARD,0,2,98.23606521739131,96.425,27.21558441558442,35.81688311688312,0
Race,China,Shanghai,2025-03-23T07:00:00+00:00,9998,49,22,Racing Bulls,,19,12.0,15.362500000000011,103.845,10,8,-2,HARD,0,2,99.07995833333332,97.646,27.21558441558442,35.81688311688312,0
Race,China,Shanghai,2025-03-23T07:00:00+00:00,9998,49,31,Haas F1 Team,,7,12.0,14.076999999999998,104.123,17,15,-2,HARD,0,2,97.8668888888889,95.74,27.21558441558442,35.81688311688312,0
Race,China,Shanghai,2025-03-23T07:00:00+00:00,9998,49,7,Alpine,,16,12.0,14.912999999999997,103.65,17,15,-2,HARD,0,2,98.36542222222221,96.424,27.21558441558442,35.81688311688312,0
Race,China,Shanghai,2025-03-23T07:00:00+00:00,9998,49,6,Racing Bulls,,14,13.0,16.183999999999997,103.647,17,15,-2,HARD,0,2,99.41771428571428,97.675,27.21558441558442,35.81688311688312,0
Race,China,Shanghai,2025-03-23T07:00:00+00:00,9998,49,12,Mercedes,,8,13.0,15.260000000000005,104.27,13,15,2,HARD,0,2,98.00763636363637,96.046,27.21558441558442,35.81688311688312,0
Race,China,Shanghai,2025-03-23T07:00:00+00:00,9998,49,44,Ferrari,,6,14.0,15.199999999999989,103.379,10,8,-2,HARD,0,2,98.451125,96.957,27.21558441558442,35.81688311688312,0
Race,China,Shanghai,2025-03-23T07:00:00+00:00,9998,49,1,Red Bull Racing,,4,14.0,15.285999999999987,102.61,11,11,0,HARD,0,2,97.21113953488374,95.488,27.21558441558442,35.81688311688312,0
Race,China,Shanghai,2025-03-23T07:00:00+00:00,9998,49,81,McLaren,,1,15.0,17.513499999999993,102.626,3,2,-1,HARD,0,2,97.11702380952381,95.52,27.21558441558442,35.81688311688312,0
Race,China,Shanghai,2025-03-23T07:00:00+00:00,9998,49,63,Mercedes,,3,15.0,14.307000000000002,103.046,8,6,-2,HARD,0,2,97.24952380952381,95.816,27.21558441558442,35.81688311688312,0
Race,China,Shanghai,2025-03-23T07:00:00+00:00,9998,49,4,McLaren,,2,16.0,15.306499999999986,103.269,3,5,2,HARD,0,2,97.24612195121951,95.454,27.21558441558442,35.81688311688312,0
Race,China,Shanghai,2025-03-23T07:00:00+00:00,9998,49,16,Ferrari,,5,16.0,14.989500000000007,102.863,6,8,2,HARD,0,2,97.44717073170732,96.157,27.21558441558442,35.81688311688312,0
Race,China,Shanghai,2025-03-23T07:00:00+00:00,9998,49,55,Williams,,13,18.0,14.852499999999992,105.121,8,10,2,HARD,0,2,98.22071794871796,96.779,27.21558441558442,35.81688311688312,0
Race,China,Shanghai,2025-03-23T07:00:00+00:00,9998,49,30,Red Bull Racing,,15,19.0,15.43350000000001,103.77,11,13,2,MEDIUM,0,2,99.83933333333333,97.626,27.21558441558442,35.81688311688312,0
Race,China,Shanghai,2025-03-23T07:00:00+00:00,9998,49,23,Williams,,9,21.0,17.152500000000003,104.708,5,7,2,HARD,0,2,97.78033333333333,96.254,27.21558441558442,35.81688311688312,0
Race,China,Shanghai,2025-03-23T07:00:00+00:00,9998,49,27,Kick Sauber,,18,21.0,16.290999999999997,105.305,11,13,2,HARD,0,2,98.73648571428572,97.275,27.21558441558442,35.81688311688312,0
Race,China,Shanghai,2025-03-23T07:00:00+00:00,9998,49,87,Haas F1 Team,,10,27.0,14.534000000000006,103.8,8,8,0,MEDIUM,0,2,97.49199999999999,96.363,27.21558441558442,35.81688311688312,0
Race,China,Shanghai,2025-03-23T07:00:00+00:00,9998,49,5,Kick Sauber,,17,27.0,16.316999999999993,103.974,17,19,2,HARD,0,3,97.91420689655173,95.874,27.21558441558442,35.81688311688312,0
Race,China,Shanghai,2025-03-23T07:00:00+00:00,9998,49,30,Red Bull Racing,,15,31.0,15.864499999999992,102.962,11,13,2,HARD,0,3,97.44096153846155,95.985,27.21558441558442,35.81688311688312,0
Race,China,Shanghai,2025-03-23T07:00:00+00:00,9998,49,6,Racing Bulls,,14,34.0,14.479,102.744,17,15,-2,HARD,0,3,97.71678260869565,95.868,27.21558441558442,35.81688311688312,0
Race,China,Shanghai,2025-03-23T07:00:00+00:00,9998,49,22,Racing Bulls,,19,36.0,15.242500000000007,102.522,10,8,-2,HARD,0,3,99.39427272727272,96.499,27.21558441558442,35.81688311688312,0
Race,China,Shanghai,2025-03-23T07:00:00+00:00,9998,49,18,Aston Martin,,12,37.0,14.615000000000009,102.687,4,4,0,MEDIUM,0,2,97.6613,96.044,27.21558441558442,35.81688311688312,0
Race,China,Shanghai,2025-03-23T07:00:00+00:00,9998,49,44,Ferrari,,6,38.0,14.357,102.451,10,8,-2,HARD,0,3,96.3892105263158,95.069,27.21558441558442,35.81688311688312,0
Race,China,Shanghai,2025-03-23T07:00:00+00:00,9998,49,22,Racing Bulls,,19,47.0,34.40899999999999,106.754,10,8,-2,MEDIUM,6,4,100.96944444444443,95.871,27.21558441558442,35.81688311688312,0
Race,Japan,Suzuka,2025-04-06T05:00:00+00:00,10006,46,18,Aston Martin,,20,10.0,18.806999999999988,97.946,19,19,0,HARD,1,2,95.43133333333333,93.625,14.429999999999998,20.514285714285716,0
Race,Japan,Suzuka,2025-04-06T05:00:00+00:00,10006,46,7,Alpine,,15,16.0,19.043499999999995,97.254,18,16,-2,HARD,0,2,93.86584210526317,92.685,14.429999999999998,20.514285714285716,0
Race,Japan,Suzuka,2025-04-06T05:00:00+00:00,10006,46,63,Mercedes,,5,20.0,18.41550000000001,95.756,12,12,0,HARD,0,2,92.77794117647058,91.357,14.429999999999998,20.514285714285716,0
Race,Japan,Suzuka,2025-04-06T05:00:00+00:00,10006,46,81,McLaren,,3,21.0,18.43350000000001,95.359,8,8,0,HARD,0,2,92.45275757575759,91.039,14.429999999999998,20.514285714285716,0
Race,Japan,Suzuka,2025-04-06T05:00:00+00:00,10006,46,1,Red Bull Racing,,1,22.0,20.12700000000001,95.22,4,4,0,HARD,0,2,92.49584375,91.041,14.429999999999998,20.514285714285716,0
Race,Japan,Suzuka,2025-04-06T05:00:00+00:00,10006,46,4,McLaren,,2,22.0,20.920500000000004,95.034,5,5,0,HARD,0,2,92.49878125000001,91.116,14.429999999999998,20.514285714285716,0
Race,Japan,Suzuka,2025-04-06T05:00:00+00:00,10006,46,16,Ferrari,,4,22.0,18.92450000000001,95.423,8,10,2,HARD,0,2,92.763625,91.469,14.429999999999998,20.514285714285716,0
Race,Japan,Suzuka,2025-04-06T05:00:00+00:00,10006,46,27,Kick Sauber,,16,23.0,19.6905,96.739,18,18,0,HARD,0,2,93.85909677419356,92.572,14.429999999999998,20.514285714285716,0
Race,Japan,Suzuka,2025-04-06T05:00:00+00:00,10006,46,87,Haas F1 Team,,10,24.0,19.914500000000004,96.245,10,12,2,HARD,1,2,93.31136666666667,92.006,14.429999999999998,20.514285714285716,0
Race,Japan,Suzuka,2025-04-06T05:00:00+00:00,10006,46,22,Red Bull Racing,,12,24.0,19.57199999999999,96.396,14,16,2,HARD,0,2,93.22930000000002,91.871,14.429999999999998,20.514285714285716,0
Race,Japan,Suzuka,2025-04-06T05:00:00+00:00,10006,46,23,Williams,,9,25.0,20.741,96.927,7,9,2,HARD,0,2,92.99475862068967,91.125,14.429999999999998,20.514285714285716,0
Race,Japan,Suzuka,2025-04-06T05:00:00+00:00,10006,46,14,Aston Martin,,11,25.0,21.331999999999994,97.548,8,10,2,HARD,1,2,93.26548275862069,91.77,14.429999999999998,20.514285714285716,0
Race,Japan,Suzuka,2025-04-06T05:00:00+00:00,10006,46,10,Alpine,,13,25.0,25.031499999999994,96.901,11,13,2,HARD,0,2,93.32165517241381,91.82,14.429999999999998,20.514285714285716,0
Race,Japan,Suzuka,2025-04-06T05:00:00+00:00,10006,46,6,Racing Bulls,,8,26.0,20.878,96.218,5,7,2,HARD,0,2,92.99342857142857,91.317,14.429999999999998,20.514285714285716,0
Race,Japan,Suzuka,2025-04-06T05:00:00+00:00,10006,46,44,Ferrari,,7,31.0,18.367499999999993,96.186,2,4,2,MEDIUM,0,2,92.75017391304347,91.406,14.429999999999998,20.514285714285716,0
Race,Japan,Suzuka,2025-04-06T05:00:00+00:00,10006,46,18,Aston Martin,,20,31.0,19.202500000000015,95.972,19,19,0,MEDIUM,0,3,93.77209090909092,92.052,14.429999999999998,20.514285714285716,0
Race,Japan,Suzuka,2025-04-06T05:00:00+00:00,10006,46,12,Mercedes,,6,32.0,22.099000000000004,95.456,1,3,2,HARD,0,2,92.492,90.965,14.429999999999998,20.514285714285716,0
Race,Japan,Suzuka,2025-04-06T05:00:00+00:00,10006,46,5,Kick Sauber,,19,32.0,19.706999999999994,97.484,15,12,-3,MEDIUM,0,2,93.54109090909091,92.034,14.429999999999998,20.514285714285716,0
Race,Japan,Suzuka,2025-04-06T05:00:00+00:00,10006,46,31,Haas F1 Team,,18,33.0,20.3125,96.135,12,14,2,MEDIUM,0,2,93.62619047619047,91.967,14.429999999999998,20.514285714285716,0
Race,Japan,Suzuka,2025-04-06T05:00:00+00:00,10006,46,55,Williams,,14,34.0,18.99199999999999,96.256,11,13,2,SOFT,0,2,93.1703,91.106,14.429999999999998,20.514285714285716,0
Race,Japan,Suzuka,2025-04-06T05:00:00+00:00,10006,46,30,Racing Bulls,,17,34.0,19.908500000000004,96.455,9,11,2,SOFT,0,2,93.7097,92.043,14.429999999999998,20.514285714285716,0
Race,Bahrain,Sakhir,2025-04-13T15:00:00+00:00,10014,63,27,Kick Sauber,,13,6.0,17.669999999999987,101.958,16,16,0,MEDIUM,0,2,100.38859090909091,97.95,27.052531645569626,31.870253164556964,0
Race,Bahrain,Sakhir,2025-04-13T15:00:00+00:00,10014,63,6,Racing Bulls,,14,7.0,18.91300000000001,102.366,17,12,-5,MEDIUM,0,2,100.27131818181819,97.392,27.052531645569626,31.870253164556964,0
Race,Bahrain,Sakhir,2025-04-13T15:00:00+00:00,10014,63,31,Haas F1 Team,,8,9.0,17.6845,102.51,8,6,-2,MEDIUM,0,2,99.75705263157894,97.553,27.052531645569626,31.870253164556964,0
Race,Bahrain,Sakhir,2025-04-13T15:00:00+00:00,10014,63,7,Alpine,,15,10.0,17.44399999999999,103.531,9,8,-1,MEDIUM,0,2,100.00899999999997,97.745,27.052531645569626,31.870253164556964,0
Race,Bahrain,Sakhir,2025-04-13T15:00:00+00:00,10014,63,4,McLaren,,3,11.0,23.150499999999994,101.534,7,5,-2,MEDIUM,0,2,99.75959090909092,97.453,27.052531645569626,31.870253164556964,0
Race,Bahrain,Sakhir,2025-04-13T15:00:00+00:00,10014,63,1,Red Bull Racing,,6,11.0,19.6695,103.293,7,9,2,HARD,0,2,100.3335625,97.204,27.052531645569626,31.870253164556964,0
Race,Bahrain,Sakhir,2025-04-13T15:00:00+00:00,10014,63,10,Alpine,,7,11.0,17.058499999999995,104.215,11,8,-3,MEDIUM,0,2,99.65777777777777,97.388,27.052531645569626,31.870253164556964,0
Race,Bahrain,Sakhir,2025-04-13T15:00:00+00:00,10014,63,22,Red Bull Racing,,9,12.0,20.888000000000005,102.023,19,17,-2,MEDIUM,0,2,101.17090476190477,98.009,27.052531645569626,31.870253164556964,0
Race,Bahrain,Sakhir,2025-04-13T15:00:00+00:00,10014,63,12,Mercedes,,11,13.0,19.903999999999996,101.886,14,14,0,MEDIUM,0,2,100.33980000000001,97.732,27.052531645569626,31.870253164556964,0
Race,Bahrain,Sakhir,2025-04-13T15:00:00+00:00,10014,63,18,Aston Martin,,18,13.0,16.828000000000003,102.834,19,17,-2,MEDIUM,0,2,101.857,98.667,27.052531645569626,31.870253164556964,0
Race,Bahrain,Sakhir,2025-04-13T15:00:00+00:00,10014,63,63,Mercedes,,2,14.0,17.4675,101.867,7,9,2,MEDIUM,0,2,99.69057894736842,97.653,27.052531645569626,31.870253164556964,0
Race,Bahrain,Sakhir,2025-04-13T15:00:00+00:00,10014,63,5,Kick Sauber,,19,14.0,17.950000000000003,102.993,14,16,2,HARD,0,2,102.22031578947367,98.456,27.052531645569626,31.870253164556964,0
Race,Bahrain,Sakhir,2025-04-13T15:00:00+00:00,10014,63,81,McLaren,,1,15.0,19.175999999999988,101.297,5,1,-4,MEDIUM,0,2,99.46527777777777,97.142,27.052531645569626,31.870253164556964,0
Race,Bahrain,Sakhir,2025-04-13T15:00:00+00:00,10014,63,55,Williams,,20,15.0,18.372,102.908,15,12,-3,MEDIUM,0,2,101.15316666666666,96.954,27.052531645569626,31.870253164556964,0
Race,Bahrain,Sakhir,2025-04-13T15:00:00+00:00,10014,63,87,Haas F1 Team,,10,15.0,16.790000000000006,102.596,14,16,2,HARD,0,2,101.35700000000001,97.48,27.052531645569626,31.870253164556964,0
Race,Bahrain,Sakhir,2025-04-13T15:00:00+00:00,10014,63,30,Racing Bulls,,17,15.0,19.88600000000001,103.984,18,16,-2,HARD,0,2,102.06,97.86,27.052531645569626,31.870253164556964,0
Race,Bahrain,Sakhir,2025-04-13T15:00:00+00:00,10014,63,23,Williams,,12,17.0,19.796499999999995,102.382,12,14,2,HARD,0,2,101.539,97.209,27.052531645569626,31.870253164556964,0
Race,Bahrain,Sakhir,2025-04-13T15:00:00+00:00,10014,63,14,Aston Martin,,16,17.0,17.436000000000007,103.567,16,18,2,MEDIUM,0,2,101.6550625,97.955,27.052531645569626,31.870253164556964,0
Race,Bahrain,Sakhir,2025-04-13T15:00:00+00:00,10014,63,16,Ferrari,,4,18.0,18.59899999999999,101.56,2,2,0,MEDIUM,0,2,99.85853333333333,96.876,27.052531645569626,31.870253164556964,0
Race,Bahrain,Sakhir,2025-04-13T15:00:00+00:00,10014,63,44,Ferrari,,5,18.0,18.646,101.684,7,9,2,MEDIUM,0,2,100.2256,96.798,27.052531645569626,31.870253164556964,0
Race,Bahrain,Sakhir,2025-04-13T15:00:00+00:00,10014,63,1,Red Bull Racing,,6,27.0,20.256,102.488,7,9,2,MEDIUM,0,3,102.27609677419353,96.167,27.052531645569626,31.870253164556964,0
Race,Bahrain,Sakhir,2025-04-13T15:00:00+00:00,10014,63,12,Mercedes,,11,28.0,19.708,101.768,14,14,0,SOFT,3,3,106.96,96.69,27.052531645569626,31.870253164556964,0
Race,Bahrain,Sakhir,2025-04-13T15:00:00+00:00,10014,63,31,Haas F1 Team,,8,28.0,18.910999999999987,101.961,8,6,-2,HARD,0,3,102.83863333333332,97.098,27.052531645569626,31.870253164556964,0
Race,Bahrain,Sakhir,2025-04-13T15:00:00+00:00,10014,63,27,Kick Sauber,,13,28.0,18.705,102.461,16,16,0,MEDIUM,0,3,102.41453333333335,97.338,27.052531645569626,31.870253164556964,0
Race,Bahrain,Sakhir,2025-04-13T15:00:00+00:00,10014,63,10,Alpine,,7,29.0,18.966000000000008,101.166,11,8,-3,HARD,0,3,102.9146551724138,96.531,27.052531645569626,31.870253164556964,0
Race,Bahrain,Sakhir,2025-04-13T15:00:00+00:00,10014,63,7,Alpine,,15,29.0,18.266499999999994,101.908,9,8,-1,HARD,0,3,103.06579310344827,96.682,27.052531645569626,31.870253164556964,0
Race,Bahrain,Sakhir,2025-04-13T15:00:00+00:00,10014,63,6,Racing Bulls,,14,29.0,18.67200000000001,102.076,17,12,-5,HARD,0,3,102.78037931034486,96.952,27.052531645569626,31.870253164556964,0
Race,Bahrain,Sakhir,2025-04-13T15:00:00+00:00,10014,63,81,McLaren,,1,33.0,41.4375,108.702,5,1,-4,MEDIUM,0,3,102.7228,95.14,27.052531645569626,31.870253164556964,0
Race,Bahrain,Sakhir,2025-04-13T15:00:00+00:00,10014,63,63,Mercedes,,2,33.0,32.036,111.016,7,9,2,SOFT,3,3,102.9632,95.518,27.052531645569626,31.870253164556964,0
Race,Bahrain,Sakhir,2025-04-13T15:00:00+00:00,10014,63,16,Ferrari,,4,33.0,32.656499999999994,111.116,2,2,0,HARD,0,3,103.073,96.132,27.052531645569626,31.870253164556964,0
Race,Bahrain,Sakhir,2025-04-13T15:00:00+00:00,10014,63,4,McLaren,,3,33.0,30.912500000000023,111.704,7,5,-2,MEDIUM,0,3,102.83044,95.728,27.052531645569626,31.870253164556964,0
Race,Bahrain,Sakhir,2025-04-13T15:00:00+00:00,10014,63,44,Ferrari,,5,33.0,27.936999999999983,115.663,7,9,2,HARD,0,3,102.77988,96.235,27.052531645569626,31.870253164556964,0
Race,Bahrain,Sakhir,2025-04-13T15:00:00+00:00,10014,63,55,Williams,,20,33.0,32.22600000000001,123.071,15,12,-3,HARD,0,3,108.30691666666668,97.832,27.052531645569626,31.870253164556964,0
Race,Bahrain,Sakhir,2025-04-13T15:00:00+00:00,10014,63,22,Red Bull Racing,,9,33.0,31.62599999999999,123.721,19,17,-2,SOFT,0,3,102.34928,97.225,27.052531645569626,31.870253164556964,0
Race,Bahrain,Sakhir,2025-04-13T15:00:00+00:00,10014,63,87,Haas F1 Team,,10,33.0,29.299500000000023,126.958,14,16,2,SOFT,0,3,102.256,97.303,27.052531645569626,31.870253164556964,0
Race,Bahrain,Sakhir,2025-04-13T15:00:00+00:00,10014,63,12,Mercedes,,11,33.0,33.21499999999999,124.952,14,14,0,SOFT,3,4,102.12364,96.985,27.052531645569626,31.870253164556964,0
Race,Bahrain,Sakhir,2025-04-13T15:00:00+00:00,10014,63,23,Williams,,12,33.0,30.081000000000017,127.594,12,14,2,MEDIUM,0,3,102.32648,97.141,27.052531645569626,31.870253164556964,0
Race,Bahrain,Sakhir,2025-04-13T15:00:00+00:00,10014,63,14,Aston Martin,,16,33.0,32.69149999999999,126.361,16,18,2,HARD,0,3,102.49612,97.906,27.052531645569626,31.870253164556964,0
Race,Bahrain,Sakhir,2025-04-13T15:00:00+00:00,10014,63,30,Racing Bulls,,17,33.0,32.40450000000001,129.302,18,16,-2,SOFT,0,3,101.59487999999999,97.38,27.052531645569626,31.870253164556964,0
Race,Bahrain,Sakhir,2025-04-13T15:00:00+00:00,10014,63,18,Aston Martin,,18,33.0,31.6875,130.743,19,17,-2,HARD,0,3,102.20559999999999,98.064,27.052531645569626,31.870253164556964,0
Race,Bahrain,Sakhir,2025-04-13T15:00:00+00:00,10014,63,5,Kick Sauber,,19,33.0,32.332499999999996,132.657,14,16,2,MEDIUM,0,3,101.96088,98.006,27.052531645569626,31.870253164556964,0
Race,Bahrain,Sakhir,2025-04-13T15:00:00+00:00,10014,63,55,Williams,,20,45.0,,103.871,15,12,-3,SOFT,3,4,132.35,132.35,27.052531645569626,31.870253164556964,0
Race,Saudi Arabia,Jeddah,2025-04-20T17:00:00+00:00,10022,149,7,Alpine,,17,2.0,7.34650000000002,148.695,13,13,0,HARD,0,2,100.43216129032258,95.407,29.483802816901402,37.819718309859155,0
Race,Saudi Arabia,Jeddah,2025-04-20T17:00:00+00:00,10022,149,81,McLaren,,1,20.0,15.483499999999992,96.45,6,4,-2,HARD,0,2,93.44729032258064,92.228,29.483802816901402,37.819718309859155,0
Race,Saudi Arabia,Jeddah,2025-04-20T17:00:00+00:00,10022,149,1,Red Bull Racing,,2,22.0,20.525999999999996,96.5,3,5,2,HARD,0,2,93.599,92.28,29.483802816901402,37.819718309859155,0
Race,Saudi Arabia,Jeddah,2025-04-20T17:00:00+00:00,10022,149,27,Kick Sauber,,15,34.0,13.837000000000003,98.006,10,12,2,MEDIUM,0,2,95.2011875,93.446,29.483802816901402,37.819718309859155,0
Race,Saudi Arabia,Jeddah,2025-04-20T17:00:00+00:00,10022,149,18,Aston Martin,,16,40.0,14.0595,99.544,10,12,2,MEDIUM,1,2,95.3745,92.745,29.483802816901402,37.819718309859155,0
Race,Saudi Arabia,Jeddah,2025-04-20T17:00:00+00:00,10022,149,16,Ferrari,,3,30.0,16.242500000000007,96.062,2,2,0,HARD,0,2,93.33052380952381,92.192,29.483802816901402,37.819718309859155,0
Race,Saudi Arabia,Jeddah,2025-04-20T17:00:00+00:00,10022,149,4,McLaren,,4,35.0,15.598500000000001,96.105,5,3,-2,MEDIUM,0,2,93.267,91.778,29.483802816901402,37.819718309859155,0
Race,Saudi Arabia,Jeddah,2025-04-20T17:00:00+00:00,10022,149,7,Alpine,,17,33.0,17.858999999999995,98.193,13,13,0,HARD,0,3,95.54364705882352,93.15,29.483802816901402,37.819718309859155,0
Race,Saudi Arabia,Jeddah,2025-04-20T17:00:00+00:00,10022,149,5,Kick Sauber,,18,2.0,7.649499999999989,150.258,16,16,0,HARD,0,2,98.66899999999998,94.447,29.483802816901402,37.819718309859155,0
Race,Saudi Arabia,Jeddah,2025-04-20T17:00:00+00:00,10022,149,63,Mercedes,,5,21.0,15.252499999999998,96.707,6,6,0,HARD,0,2,94.12753333333333,92.893,29.483802816901402,37.819718309859155,0
Race,Saudi Arabia,Jeddah,2025-04-20T17:00:00+00:00,10022,149,12,Mercedes,,6,20.0,15.618500000000012,98.932,9,11,2,HARD,0,2,94.0762258064516,92.396,29.483802816901402,37.819718309859155,0
Race,Saudi Arabia,Jeddah,2025-04-20T17:00:00+00:00,10022,149,44,Ferrari,,7,24.0,15.849499999999992,97.866,5,5,0,HARD,0,2,93.98633333333335,92.6,29.483802816901402,37.819718309859155,0
Race,Saudi Arabia,Jeddah,2025-04-20T17:00:00+00:00,10022,149,55,Williams,,8,22.0,19.7025,97.788,11,13,2,HARD,0,2,94.77634482758621,92.466,29.483802816901402,37.819718309859155,0
Race,Saudi Arabia,Jeddah,2025-04-20T17:00:00+00:00,10022,149,23,Williams,,9,23.0,17.217,98.088,11,13,2,HARD,0,2,94.68253571428569,93.477,29.483802816901402,37.819718309859155,0
Race,Saudi Arabia,Jeddah,2025-04-20T17:00:00+00:00,10022,149,6,Racing Bulls,,10,35.0,15.234499999999997,96.999,9,7,-2,MEDIUM,0,2,94.7140625,93.257,29.483802816901402,37.819718309859155,0
Race,Saudi Arabia,Jeddah,2025-04-20T17:00:00+00:00,10022,149,30,Racing Bulls,,12,21.0,15.680000000000007,97.855,13,15,2,HARD,1,2,94.67593333333335,92.998,29.483802816901402,37.819718309859155,0
Race,Saudi Arabia,Jeddah,2025-04-20T17:00:00+00:00,10022,149,14,Aston Martin,,11,20.0,15.962500000000006,98.587,16,16,0,HARD,1,2,94.86329032258065,93.009,29.483802816901402,37.819718309859155,0
Race,Saudi Arabia,Jeddah,2025-04-20T17:00:00+00:00,10022,149,87,Haas F1 Team,,13,19.0,16.72,98.409,16,18,2,HARD,0,2,94.90065625,93.238,29.483802816901402,37.819718309859155,0
Race,Saudi Arabia,Jeddah,2025-04-20T17:00:00+00:00,10022,149,31,Haas F1 Team,,14,2.0,7.539500000000004,149.867,12,12,0,HARD,0,2,98.30761224489797,94.309,29.483802816901402,37.819718309859155,0
Race,United States,Miami Gardens,2025-05-04T20:00:00+00:00,10033,151,5,Kick Sauber,,18,24.0,,,17,17,0,HARD,4,2,103.63083333333333,92.42,26.573154362416112,38.69060402684564,1
Race,United States,Miami Gardens,2025-05-04T20:00:00+00:00,10033,151,31,Haas F1 Team,,12,24.0,,,12,14,2,HARD,0,2,93.74784848484849,91.122,26.573154362416112,38.69060402684564,1
Race,United States,Miami Gardens,2025-05-04T20:00:00+00:00,10033,151,6,Racing Bulls,,11,24.0,,,15,15,0,HARD,1,2,93.55712121212122,90.971,26.573154362416112,38.69060402684564,1
Race,United States,Miami Gardens,2025-05-04T20:00:00+00:00,10033,151,18,Aston Martin,,16,24.0,,,16,18,2,HARD,4,2,94.6694375,91.769,26.573154362416112,38.69060402684564,1
Race,United States,Miami Gardens,2025-05-04T20:00:00+00:00,10033,151,63,Mercedes,,3,33.0,27.646,91.208,4,4,0,MEDIUM,3,2,91.956,90.516,26.573154362416112,38.69060402684564,1
Race,United States,Miami Gardens,2025-05-04T20:00:00+00:00,10033,151,14,Aston Martin,,15,33.0,14.277000000000001,101.254,15,13,-2,MEDIUM,5,2,93.13579166666666,91.287,26.573154362416112,38.69060402684564,1
Race,United States,Miami Gardens,2025-05-04T20:00:00+00:00,10033,151,10,Alpine,,13,33.0,28.400999999999996,98.57,13,11,-2,MEDIUM,0,2,92.92772,91.159,26.573154362416112,38.69060402684564,1
Race,United States,Miami Gardens,2025-05-04T20:00:00+00:00,10033,151,81,McLaren,,1,33.0,16.454499999999996,90.211,4,2,-2,HARD,3,2,91.43611999999999,89.822,26.573154362416112,38.69060402684564,1
Race,United States,Miami Gardens,2025-05-04T20:00:00+00:00,10033,151,12,Mercedes,,6,33.0,28.36999999999999,91.967,6,8,2,HARD,7,2,92.30092,90.807,26.573154362416112,38.69060402684564,1
Race,United States,Miami Gardens,2025-05-04T20:00:00+00:00,10033,151,23,Williams,,5,33.0,28.221999999999994,91.514,5,7,2,HARD,6,2,92.0818,90.482,26.573154362416112,38.69060402684564,1
Race,United States,Miami Gardens,2025-05-04T20:00:00+00:00,10033,151,16,Ferrari,,7,33.0,29.593999999999994,91.641,7,7,0,HARD,3,2,92.15508000000001,90.461,26.573154362416112,38.69060402684564,1
Race,United States,Miami Gardens,2025-05-04T20:00:00+00:00,10033,151,22,Red Bull Racing,,10,33.0,26.388500000000008,93.002,8,10,2,HARD,5,2,92.37971999999999,90.964,26.573154362416112,38.69060402684564,1
Race,United States,Miami Gardens,2025-05-04T20:00:00+00:00,10033,151,4,McLaren,,2,33.0,21.39399999999999,90.414,6,4,-2,HARD,3,2,91.32440000000001,89.746,26.573154362416112,38.69060402684564,1
Race,United States,Miami Gardens,2025-05-04T20:00:00+00:00,10033,151,55,Williams,,9,33.0,29.665000000000006,91.597,10,10,0,HARD,7,2,92.32436,90.703,26.573154362416112,38.69060402684564,1
Race,United States,Miami Gardens,2025-05-04T20:00:00+00:00,10033,151,44,Ferrari,,8,33.0,29.099500000000006,91.221,7,7,0,MEDIUM,4,2,92.24036,90.562,26.573154362416112,38.69060402684564,1
Race,United States,Miami Gardens,2025-05-04T20:00:00+00:00,10033,151,30,Racing Bulls,,17,32.0,15.930000000000007,92.361,17,19,2,MEDIUM,3,2,101.2664,92.855,26.573154362416112,38.69060402684564,1
Race,United States,Miami Gardens,2025-05-04T20:00:00+00:00,10033,151,1,Red Bull Racing,,4,33.0,27.746999999999986,91.781,3,5,2,HARD,6,2,91.9338,90.466,26.573154362416112,38.69060402684564,1
Race,United States,Miami Gardens,2025-05-04T20:00:00+00:00,10033,151,27,Kick Sauber,,14,37.0,10.680499999999995,97.202,10,10,0,MEDIUM,0,2,92.03549999999998,91.015,26.573154362416112,38.69060402684564,1
Race,Italy,Imola,2025-05-18T13:00:00+00:00,9987,6,31,Haas F1 Team,,20,2.0,15.334999999999994,96.891,19,19,0,HARD,0,2,83.30146153846152,81.413,23.964666666666666,42.664,0
Race,Italy,Imola,2025-05-18T13:00:00+00:00,9987,6,16,Ferrari,,6,11.0,18.825999999999993,86.751,13,11,-2,HARD,0,2,83.84810526315789,80.505,23.964666666666666,42.664,0
Race,Italy,Imola,2025-05-18T13:00:00+00:00,9987,6,63,Mercedes,,7,12.0,18.400999999999996,89.274,15,15,0,HARD,0,2,84.4165,81.334,23.964666666666666,42.664,0
Race,Italy,Imola,2025-05-18T13:00:00+00:00,9987,6,55,Williams,,8,12.0,18.573499999999996,88.303,17,15,-2,HARD,0,2,84.74572222222223,81.268,23.964666666666666,42.664,0
Race,Italy,Imola,2025-05-18T13:00:00+00:00,9987,6,10,Alpine,,13,10.0,21.585000000000008,86.399,19,19,0,HARD,0,2,84.933,81.243,23.964666666666666,42.664,0
Race,Italy,Imola,2025-05-18T13:00:00+00:00,9987,6,30,Racing Bulls,,14,11.0,21.500499999999988,86.2,16,18,2,HARD,0,2,85.21231578947366,81.245,23.964666666666666,42.664,0
Race,Italy,Imola,2025-05-18T13:00:00+00:00,9987,6,5,Kick Sauber,,18,13.0,21.18850000000002,87.591,12,14,2,HARD,0,2,85.69811764705884,81.886,23.964666666666666,42.664,0
Race,Italy,Imola,2025-05-18T13:00:00+00:00,9987,6,81,McLaren,,3,14.0,21.5445,86.205,11,9,-2,HARD,0,2,85.93476470588234,80.698,23.964666666666666,42.664,0
Race,Italy,Imola,2025-05-18T13:00:00+00:00,9987,6,87,Haas F1 Team,,17,30.0,34.559,108.72,10,10,0,MEDIUM,0,2,111.1435,88.912,23.964666666666666,42.664,0
Race,Italy,Imola,2025-05-18T13:00:00+00:00,9987,6,12,Mercedes,,19,30.0,37.17399999999999,105.993,5,7,2,MEDIUM,0,2,84.80846666666667,80.62,23.964666666666666,42.664,0
Race,Italy,Imola,2025-05-18T13:00:00+00:00,9987,6,1,Red Bull Racing,,1,30.0,37.74250000000001,92.728,3,1,-2,HARD,0,2,84.90547058823529,79.513,23.964666666666666,42.664,0
Race,Italy,Imola,2025-05-18T13:00:00+00:00,9987,6,4,McLaren,,2,29.0,25.126999999999995,86.185,5,7,2,HARD,0,2,86.01338888888888,79.466,23.964666666666666,42.664,0
Race,Italy,Imola,2025-05-18T13:00:00+00:00,9987,6,44,Ferrari,,4,30.0,43.408500000000004,105.548,7,7,0,MEDIUM,0,2,85.55635294117647,79.473,23.964666666666666,42.664,0
Race,Italy,Imola,2025-05-18T13:00:00+00:00,9987,6,6,Racing Bulls,,9,30.0,36.343,106.215,9,6,-3,HARD,0,2,86.22552941176471,80.295,23.964666666666666,42.664,0
Race,Italy,Imola,2025-05-18T13:00:00+00:00,9987,6,14,Aston Martin,,11,13.0,19.739500000000007,86.152,15,15,0,HARD,1,2,86.01097058823531,81.367,23.964666666666666,42.664,0
Race,Italy,Imola,2025-05-18T13:00:00+00:00,9987,6,18,Aston Martin,,15,15.0,21.0685,87.014,13,15,2,HARD,1,2,86.265125,81.553,23.964666666666666,42.664,0
Race,Italy,Imola,2025-05-18T13:00:00+00:00,9987,6,43,Alpine,,16,23.0,21.875,87.193,8,10,2,HARD,0,2,87.332625,80.798,23.964666666666666,42.664,0
Race,Italy,Imola,2025-05-18T13:00:00+00:00,9987,6,5,Kick Sauber,,18,30.0,25.900999999999996,116.575,12,14,2,HARD,0,3,86.74305882352941,81.039,23.964666666666666,42.664,0
Race,Italy,Imola,2025-05-18T13:00:00+00:00,9987,6,23,Williams,,5,30.0,37.510000000000005,103.058,4,4,0,HARD,0,2,87.36127777777779,80.384,23.964666666666666,42.664,0
Race,Italy,Imola,2025-05-18T13:00:00+00:00,9987,6,1,Red Bull Racing,,1,47.0,21.240999999999985,94.977,3,1,-2,HARD,0,3,98.84170588235294,77.988,23.964666666666666,42.664,0
Race,Italy,Imola,2025-05-18T13:00:00+00:00,9987,6,4,McLaren,,2,47.0,26.9495,102.996,5,7,2,HARD,1,3,97.64229411764707,78.311,23.964666666666666,42.664,0
Race,Italy,Imola,2025-05-18T13:00:00+00:00,9987,6,81,McLaren,,3,31.0,8.649500000000003,115.029,11,9,-2,HARD,0,3,90.28875757575757,78.894,23.964666666666666,42.664,0
Race,Italy,Imola,2025-05-18T13:00:00+00:00,9987,6,44,Ferrari,,4,47.0,26.041499999999985,111.555,7,7,0,HARD,0,3,96.17570588235293,78.265,23.964666666666666,42.664,0
Race,Italy,Imola,2025-05-18T13:00:00+00:00,9987,6,23,Williams,,5,48.0,6.566999999999993,116.404,4,4,0,HARD,0,3,95.834625,78.289,23.964666666666666,42.664,0
Race,Italy,Imola,2025-05-18T13:00:00+00:00,9987,6,16,Ferrari,,6,30.0,40.664500000000004,106.742,13,11,-2,HARD,0,3,90.90079411764707,79.048,23.964666666666666,42.664,0
Race,Italy,Imola,2025-05-18T13:00:00+00:00,9987,6,63,Mercedes,,7,30.0,37.51650000000001,108.463,15,15,0,HARD,0,3,90.72279411764706,79.733,23.964666666666666,42.664,0
Race,Italy,Imola,2025-05-18T13:00:00+00:00,9987,6,55,Williams,,8,30.0,34.542,110.594,17,15,-2,HARD,0,3,90.5374411764706,79.836,23.964666666666666,42.664,0
Race,Italy,Imola,2025-05-18T13:00:00+00:00,9987,6,6,Racing Bulls,,9,47.0,26.593500000000006,114.69,9,6,-3,HARD,0,3,96.11888235294118,79.473,23.964666666666666,42.664,0
Race,Italy,Imola,2025-05-18T13:00:00+00:00,9987,6,22,Red Bull Racing,,10,30.0,33.640000000000015,110.958,12,12,0,MEDIUM,0,2,90.65791176470587,80.039,23.964666666666666,42.664,0
Race,Italy,Imola,2025-05-18T13:00:00+00:00,9987,6,14,Aston Martin,,11,47.0,15.873999999999995,115.706,15,15,0,MEDIUM,4,3,94.26911764705883,79.894,23.964666666666666,42.664,0
Race,Italy,Imola,2025-05-18T13:00:00+00:00,9987,6,27,Kick Sauber,,12,30.0,37.077,108.201,13,10,-3,MEDIUM,0,2,91.03779411764705,80.401,23.964666666666666,42.664,0
Race,Italy,Imola,2025-05-18T13:00:00+00:00,9987,6,10,Alpine,,13,30.0,30.373999999999995,114.26,19,19,0,HARD,0,3,90.39379411764705,80.398,23.964666666666666,42.664,0
Race,Italy,Imola,2025-05-18T13:00:00+00:00,9987,6,30,Racing Bulls,,14,30.0,27.768500000000003,115.803,16,18,2,HARD,0,3,90.32461764705882,80.473,23.964666666666666,42.664,0
Race,Italy,Imola,2025-05-18T13:00:00+00:00,9987,6,18,Aston Martin,,15,47.0,19.398999999999987,115.462,13,15,2,MEDIUM,6,3,94.40323529411765,80.501,23.964666666666666,42.664,0
Race,Italy,Imola,2025-05-18T13:00:00+00:00,9987,6,43,Alpine,,16,47.0,14.609500000000011,117.151,8,10,2,HARD,0,3,94.03470588235295,80.345,23.964666666666666,42.664,0
Race,Italy,Imola,2025-05-18T13:00:00+00:00,9987,6,87,Haas F1 Team,,17,32.0,45.771000000000015,88.912,10,10,0,HARD,0,3,89.82634375,79.521,23.964666666666666,42.664,0
Race,Italy,Imola,2025-05-18T13:00:00+00:00,9987,6,5,Kick Sauber,,18,47.0,13.173000000000002,116.404,12,14,2,MEDIUM,12,4,94.10464705882353,80.63,23.964666666666666,42.664,0
Race,Monaco,Monaco,2025-05-25T13:00:00+00:00,9979,22,10,Alpine,,20,1.0,,,16,18,2,MEDIUM,0,2,94.00271428571429,78.054,22.209375,43.317499999999995,0
Race,Monaco,Monaco,2025-05-25T13:00:00+00:00,9979,22,87,Haas F1 Team,,12,1.0,,,19,16,-3,HARD,0,2,86.28106249999999,74.855,22.209375,43.317499999999995,0
Race,Monaco,Monaco,2025-05-25T13:00:00+00:00,9979,22,6,Racing Bulls,,6,14.0,15.642500000000013,77.088,8,6,-2,SOFT,3,2,80.6774,75.981,22.209375,43.317499999999995,0
Race,Monaco,Monaco,2025-05-25T13:00:00+00:00,9979,22,43,Alpine,,13,13.0,15.972499999999997,79.827,18,18,0,MEDIUM,7,2,79.15830769230769,75.435,22.209375,43.317499999999995,0
Race,Monaco,Monaco,2025-05-25T13:00:00+00:00,9979,22,5,Kick Sauber,,14,1.0,,,17,16,-1,HARD,0,2,83.513,75.721,22.209375,43.317499999999995,0
Race,Monaco,Monaco,2025-05-25T13:00:00+00:00,9979,22,31,Haas F1 Team,,7,16.0,17.251000000000005,76.577,9,7,-2,MEDIUM,4,2,78.81625000000001,75.774,22.209375,43.317499999999995,0
Race,Monaco,Monaco,2025-05-25T13:00:00+00:00,9979,22,14,Aston Martin,,19,16.0,16.230000000000004,75.593,10,12,2,HARD,1,2,77.93733333333333,75.823,22.209375,43.317499999999995,0
Race,Monaco,Monaco,2025-05-25T13:00:00+00:00,9979,22,5,Kick Sauber,,14,26.0,17.087999999999994,77.965,17,16,-1,SOFT,0,3,79.91699999999999,75.193,22.209375,43.317499999999995,0
Race,Monaco,Monaco,2025-05-25T13:00:00+00:00,9979,22,23,Williams,,9,32.0,13.441000000000003,76.87,12,10,-2,MEDIUM,8,2,79.376625,75.303,22.209375,43.317499999999995,0
Race,Monaco,Monaco,2025-05-25T13:00:00+00:00,9979,22,30,Racing Bulls,,8,31.0,15.62700000000001,76.607,8,10,2,SOFT,3,2,79.03433333333334,75.8,22.209375,43.317499999999995,0
Race,Monaco,Monaco,2025-05-25T13:00:00+00:00,9979,22,27,Kick Sauber,,16,12.0,17.9015,79.404,15,15,0,HARD,0,2,79.14068750000001,76.106,22.209375,43.317499999999995,0
Race,Monaco,Monaco,2025-05-25T13:00:00+00:00,9979,22,81,McLaren,,3,20.0,17.188500000000005,75.049,3,3,0,HARD,0,2,75.87882142857143,73.818,22.209375,43.317499999999995,0
Race,Monaco,Monaco,2025-05-25T13:00:00+00:00,9979,22,16,Ferrari,,2,22.0,14.471500000000006,75.782,2,2,0,HARD,0,2,75.64559259259259,74.055,22.209375,43.317499999999995,0
Race,Monaco,Monaco,2025-05-25T13:00:00+00:00,9979,22,4,McLaren,,1,19.0,15.59750000000001,75.28,4,2,-2,HARD,0,2,75.57700000000001,73.872,22.209375,43.317499999999995,0
Race,Monaco,Monaco,2025-05-25T13:00:00+00:00,9979,22,55,Williams,,10,48.0,15.635999999999996,75.516,11,6,-5,MEDIUM,0,2,79.2508,74.496,22.209375,43.317499999999995,0
Race,Monaco,Monaco,2025-05-25T13:00:00+00:00,9979,22,44,Ferrari,,5,18.0,15.352499999999992,74.977,6,8,2,HARD,1,2,76.16278947368423,74.533,22.209375,43.317499999999995,0
Race,Monaco,Monaco,2025-05-25T13:00:00+00:00,9979,22,18,Aston Martin,,15,17.0,17.820499999999996,80.446,18,15,-3,HARD,1,2,79.03370212765958,76.433,22.209375,43.317499999999995,0
Race,Monaco,Monaco,2025-05-25T13:00:00+00:00,9979,22,63,Mercedes,,11,53.0,9.530500000000004,76.023,11,7,-4,MEDIUM,53,2,78.13813333333333,73.483,22.209375,43.317499999999995,0
Race,Monaco,Monaco,2025-05-25T13:00:00+00:00,9979,22,12,Mercedes,,18,69.0,16.86,75.019,18,5,-13,MEDIUM,0,2,86.812,79.503,22.209375,43.317499999999995,0
Race,Monaco,Monaco,2025-05-25T13:00:00+00:00,9979,22,22,Red Bull Racing,,17,1.0,,,16,14,-2,HARD,0,2,80.33294444444444,75.32,22.209375,43.317499999999995,0
Race,Monaco,Monaco,2025-05-25T13:00:00+00:00,9979,22,1,Red Bull Racing,,4,28.0,15.203999999999994,76.323,3,1,-2,MEDIUM,0,2,75.75751020408163,74.23,22.209375,43.317499999999995,0
Race,Monaco,Monaco,2025-05-25T13:00:00+00:00,9979,22,4,McLaren,,1,50.0,13.432500000000005,76.684,4,2,-2,HARD,0,3,76.13258620689656,73.221,22.209375,43.317499999999995,0
Race,Monaco,Monaco,2025-05-25T13:00:00+00:00,9979,22,16,Ferrari,,2,49.0,16.06150000000001,74.731,2,2,0,MEDIUM,0,3,76.07523333333334,74.342,22.209375,43.317499999999995,0
Race,Monaco,Monaco,2025-05-25T13:00:00+00:00,9979,22,81,McLaren,,3,48.0,14.751500000000007,74.092,3,3,0,HARD,0,3,75.75387096774193,73.745,22.209375,43.317499999999995,0
Race,Monaco,Monaco,2025-05-25T13:00:00+00:00,9979,22,12,Mercedes,,18,71.0,12.256,79.503,18,5,-13,HARD,0,3,78.50480000000002,73.518,22.209375,43.317499999999995,0
Race,Monaco,Monaco,2025-05-25T13:00:00+00:00,9979,22,23,Williams,,9,40.0,13.80550000000001,75.303,12,10,-2,HARD,0,3,77.5358918918919,74.597,22.209375,43.317499999999995,0
Race,Monaco,Monaco,2025-05-25T13:00:00+00:00,9979,22,55,Williams,,10,53.0,13.778500000000008,74.634,11,6,-5,MEDIUM,8,3,76.8755,73.988,22.209375,43.317499999999995,0
Race,Monaco,Monaco,2025-05-25T13:00:00+00:00,9979,22,1,Red Bull Racing,,4,77.0,16.212999999999994,76.468,3,1,-2,SOFT,3,3,85.55099999999999,77.77,22.209375,43.317499999999995,0
Race,Monaco,Monaco,2025-05-25T13:00:00+00:00,9979,22,63,Mercedes,,11,68.0,15.275999999999996,73.483,11,7,-4,HARD,0,3,76.29788888888889,73.405,22.209375,43.317499999999995,0
Race,Monaco,Monaco,2025-05-25T13:00:00+00:00,9979,22,44,Ferrari,,5,56.0,14.503500000000003,76.657,6,8,2,MEDIUM,0,3,76.86747826086956,74.09,22.209375,43.317499999999995,0
Race,Monaco,Monaco,2025-05-25T13:00:00+00:00,9979,22,87,Haas F1 Team,,12,17.0,18.33399999999999,80.638,19,16,-3,MEDIUM,0,3,78.47264999999999,75.355,22.209375,43.317499999999995,0
Race,Monaco,Monaco,2025-05-25T13:00:00+00:00,9979,22,43,Alpine,,13,26.0,16.849000000000004,77.209,18,18,0,MEDIUM,0,3,78.46682352941177,75.298,22.209375,43.317499999999995,0
Race,Monaco,Monaco,2025-05-25T13:00:00+00:00,9979,22,6,Racing Bulls,,6,19.0,15.5505,76.372,8,6,-2,HARD,1,3,77.62786440677966,76.044,22.209375,43.317499999999995,0
Race,Monaco,Monaco,2025-05-25T13:00:00+00:00,9979,22,31,Haas F1 Team,,7,28.0,15.908500000000004,76.705,9,7,-2,HARD,0,3,77.58586,75.157,22.209375,43.317499999999995,0
Race,Monaco,Monaco,2025-05-25T13:00:00+00:00,9979,22,30,Racing Bulls,,8,40.0,14.125500000000002,75.8,8,10,2,HARD,1,3,76.99899999999998,75.321,22.209375,43.317499999999995,0
Race,Monaco,Monaco,2025-05-25T13:00:00+00:00,9979,22,5,Kick Sauber,,14,35.0,16.30550000000001,79.276,17,16,-1,MEDIUM,0,4,78.46692857142858,74.884,22.209375,43.317499999999995,0
Race,Monaco,Monaco,2025-05-25T13:00:00+00:00,9979,22,18,Aston Martin,,15,64.0,18.718000000000004,78.974,18,15,-3,MEDIUM,1,3,77.79307692307692,74.877,22.209375,43.317499999999995,0
Race,Monaco,Monaco,2025-05-25T13:00:00+00:00,9979,22,27,Kick Sauber,,16,44.0,17.12849999999999,77.929,15,15,0,SOFT,0,3,78.63442424242425,75.223,22.209375,43.317499999999995,0
Race,Monaco,Monaco,2025-05-25T13:00:00+00:00,9979,22,22,Red Bull Racing,,17,73.0,14.532500000000013,75.32,16,14,-2,MEDIUM,0,3,80.548,74.913,22.209375,43.317499999999995,0
Race,Spain,Barcelona,2025-06-01T13:00:00+00:00,9971,15,22,Red Bull Racing,,13,9.0,15.525499999999994,87.017,18,16,-2,SOFT,0,2,83.1569375,79.888,29.12,48.54322580645161,0
Race,Spain,Barcelona,2025-06-01T13:00:00+00:00,9971,15,23,Williams,,19,7.0,24.2265,86.284,19,17,-2,SOFT,0,2,83.66544999999999,80.508,29.12,48.54322580645161,0
Race,Spain,Barcelona,2025-06-01T13:00:00+00:00,9971,15,23,Williams,,19,27.0,,89.868,19,17,-2,SOFT,20,3,122.219,122.219,29.12,48.54322580645161,0
Race,Spain,Barcelona,2025-06-01T13:00:00+00:00,9971,15,1,Red Bull Racing,,10,14.0,14.370000000000005,86.03,3,1,-2,SOFT,0,2,81.38343750000001,79.45,29.12,48.54322580645161,0
Race,Spain,Barcelona,2025-06-01T13:00:00+00:00,9971,15,10,Alpine,,8,11.0,15.170999999999992,85.67,7,9,2,SOFT,3,2,83.19171428571428,81.636,29.12,48.54322580645161,0
Race,Spain,Barcelona,2025-06-01T13:00:00+00:00,9971,15,55,Williams,,14,10.0,24.608999999999995,86.311,14,14,0,SOFT,0,2,83.06504,81.02,29.12,48.54322580645161,0
Race,Spain,Barcelona,2025-06-01T13:00:00+00:00,9971,15,87,Haas F1 Team,,17,9.0,14.382999999999996,86.186,11,13,2,MEDIUM,0,2,82.85977777777778,80.386,29.12,48.54322580645161,0
Race,Spain,Barcelona,2025-06-01T13:00:00+00:00,9971,15,16,Ferrari,,3,18.0,16.302000000000007,85.153,7,5,-2,MEDIUM,0,2,81.31026086956524,79.467,29.12,48.54322580645161,0
Race,Spain,Barcelona,2025-06-01T13:00:00+00:00,9971,15,43,Alpine,,15,15.0,15.0835,86.715,17,19,2,MEDIUM,0,2,83.7416,81.386,29.12,48.54322580645161,0
Race,Spain,Barcelona,2025-06-01T13:00:00+00:00,9971,15,63,Mercedes,,4,21.0,14.543000000000006,86.155,5,7,2,MEDIUM,0,2,81.37285714285714,79.163,29.12,48.54322580645161,0
Race,Spain,Barcelona,2025-06-01T13:00:00+00:00,9971,15,14,Aston Martin,,9,16.0,16.081000000000017,87.958,17,15,-2,MEDIUM,1,2,82.4278888888889,80.454,29.12,48.54322580645161,0
Race,Spain,Barcelona,2025-06-01T13:00:00+00:00,9971,15,31,Haas F1 Team,,16,21.0,15.665999999999997,88.077,19,17,-2,MEDIUM,0,2,82.59608695652175,80.553,29.12,48.54322580645161,0
Race,Spain,Barcelona,2025-06-01T13:00:00+00:00,9971,15,30,Racing Bulls,,11,19.0,15.64800000000001,87.446,11,13,2,MEDIUM,0,2,82.37176923076923,80.771,29.12,48.54322580645161,0
Race,Spain,Barcelona,2025-06-01T13:00:00+00:00,9971,15,22,Red Bull Racing,,13,25.0,15.533999999999992,86.048,18,16,-2,SOFT,0,3,82.35359999999999,80.192,29.12,48.54322580645161,0
Race,Spain,Barcelona,2025-06-01T13:00:00+00:00,9971,15,27,Kick Sauber,,5,10.0,15.238,85.851,13,15,2,MEDIUM,0,2,82.30499999999999,80.709,29.12,48.54322580645161,0
Race,Spain,Barcelona,2025-06-01T13:00:00+00:00,9971,15,44,Ferrari,,6,17.0,16.436499999999995,85.739,9,7,-2,MEDIUM,0,2,81.40113333333332,80.03,29.12,48.54322580645161,0
Race,Spain,Barcelona,2025-06-01T13:00:00+00:00,9971,15,1,Red Bull Racing,,10,30.0,14.9165,84.509,3,1,-2,MEDIUM,0,3,80.60955555555556,78.216,29.12,48.54322580645161,0
Race,Spain,Barcelona,2025-06-01T13:00:00+00:00,9971,15,4,McLaren,,2,22.0,16.356499999999997,85.617,3,3,0,MEDIUM,0,2,80.81259259259258,79.449,29.12,48.54322580645161,0
Race,Spain,Barcelona,2025-06-01T13:00:00+00:00,9971,15,6,Racing Bulls,,7,20.0,15.646500000000003,86.307,6,8,2,MEDIUM,0,2,81.77744827586208,80.651,29.12,48.54322580645161,0
Race,Spain,Barcelona,2025-06-01T13:00:00+00:00,9971,15,81,McLaren,,1,23.0,16.069000000000003,85.235,1,1,0,MEDIUM,0,2,80.71644444444445,79.235,29.12,48.54322580645161,0
Race,Spain,Barcelona,2025-06-01T13:00:00+00:00,9971,15,12,Mercedes,,18,22.0,15.487499999999997,86.745,8,6,-2,MEDIUM,0,2,81.53317857142858,80.371,29.12,48.54322580645161,0
Race,Spain,Barcelona,2025-06-01T13:00:00+00:00,9971,15,5,Kick Sauber,,12,20.0,16.768,87.666,19,17,-2,MEDIUM,0,2,82.40146666666669,80.881,29.12,48.54322580645161,0
Race,Spain,Barcelona,2025-06-01T13:00:00+00:00,9971,15,12,Mercedes,,18,50.0,19.027500000000003,84.211,8,6,-2,SOFT,3,3,83.98,78.255,29.12,48.54322580645161,0
Race,Spain,Barcelona,2025-06-01T13:00:00+00:00,9971,15,81,McLaren,,1,50.0,16.754999999999995,83.19,1,1,0,SOFT,3,3,83.68716666666667,77.766,29.12,48.54322580645161,0
Race,Spain,Barcelona,2025-06-01T13:00:00+00:00,9971,15,4,McLaren,,2,49.0,15.748500000000007,83.999,3,3,0,SOFT,3,3,82.95842857142858,77.304,29.12,48.54322580645161,0
Race,Spain,Barcelona,2025-06-01T13:00:00+00:00,9971,15,1,Red Bull Racing,,10,48.0,15.5655,83.558,3,1,-2,SOFT,3,4,82.57975,77.141,29.12,48.54322580645161,0
Race,Spain,Barcelona,2025-06-01T13:00:00+00:00,9971,15,14,Aston Martin,,9,43.0,16.287000000000006,85.467,17,15,-2,SOFT,3,3,83.28991666666668,78.997,29.12,48.54322580645161,0
Race,Spain,Barcelona,2025-06-01T13:00:00+00:00,9971,15,87,Haas F1 Team,,17,36.0,13.803000000000011,87.065,11,13,2,MEDIUM,0,3,82.93615789473684,80.017,29.12,48.54322580645161,0
Race,Spain,Barcelona,2025-06-01T13:00:00+00:00,9971,15,22,Red Bull Racing,,13,45.0,15.489999999999995,87.462,18,16,-2,SOFT,0,4,83.4303,77.998,29.12,48.54322580645161,0
Race,Spain,Barcelona,2025-06-01T13:00:00+00:00,9971,15,16,Ferrari,,3,41.0,16.008999999999986,85.756,7,5,-2,MEDIUM,0,3,82.36573333333334,79.181,29.12,48.54322580645161,0
Race,Spain,Barcelona,2025-06-01T13:00:00+00:00,9971,15,63,Mercedes,,4,42.0,13.704499999999996,84.584,5,7,2,SOFT,0,3,82.00814285714286,78.437,29.12,48.54322580645161,0
Race,Spain,Barcelona,2025-06-01T13:00:00+00:00,9971,15,44,Ferrari,,6,47.0,18.0625,85.116,9,7,-2,SOFT,3,3,84.06822222222222,78.335,29.12,48.54322580645161,0
Race,Spain,Barcelona,2025-06-01T13:00:00+00:00,9971,15,43,Alpine,,15,40.0,17.155500000000004,86.444,17,19,2,SOFT,0,3,83.6724,78.353,29.12,48.54322580645161,0
Race,Spain,Barcelona,2025-06-01T13:00:00+00:00,9971,15,6,Racing Bulls,,7,49.0,16.024,84.323,6,8,2,SOFT,0,3,87.92399999999999,79.595,29.12,48.54322580645161,0
Race,Spain,Barcelona,2025-06-01T13:00:00+00:00,9971,15,10,Alpine,,8,32.0,15.888500000000008,86.267,7,9,2,MEDIUM,0,3,83.79333333333334,80.035,29.12,48.54322580645161,0
Race,Spain,Barcelona,2025-06-01T13:00:00+00:00,9971,15,55,Williams,,14,35.0,15.334000000000003,86.912,14,14,0,MEDIUM,0,3,84.79247619047618,80.378,29.12,48.54322580645161,0
Race,Spain,Barcelona,2025-06-01T13:00:00+00:00,9971,15,27,Kick Sauber,,5,46.0,15.951999999999998,85.589,13,15,2,SOFT,0,3,87.12327272727273,79.794,29.12,48.54322580645161,0
Race,Spain,Barcelona,2025-06-01T13:00:00+00:00,9971,15,81,McLaren,,1,56.0,40.45750000000001,91.156,1,1,0,SOFT,3,4,101.17463636363637,75.743,29.12,48.54322580645161,0
Race,Spain,Barcelona,2025-06-01T13:00:00+00:00,9971,15,4,McLaren,,2,56.0,37.10849999999999,93.197,3,3,0,SOFT,3,4,100.9019090909091,76.187,29.12,48.54322580645161,0
Race,Spain,Barcelona,2025-06-01T13:00:00+00:00,9971,15,16,Ferrari,,3,56.0,13.248499999999993,101.931,7,5,-2,SOFT,3,4,99.17918181818182,77.259,29.12,48.54322580645161,0
Race,Spain,Barcelona,2025-06-01T13:00:00+00:00,9971,15,63,Mercedes,,4,56.0,13.5445,102.124,5,7,2,SOFT,0,4,98.88181818181819,77.244,29.12,48.54322580645161,0
Race,Spain,Barcelona,2025-06-01T13:00:00+00:00,9971,15,1,Red Bull Racing,,10,56.0,34.45150000000001,94.644,3,1,-2,HARD,0,5,101.40145454545454,77.019,29.12,48.54322580645161,0
Race,Spain,Barcelona,2025-06-01T13:00:00+00:00,9971,15,27,Kick Sauber,,5,57.0,13.497,93.749,13,15,2,SOFT,0,4,92.0201,77.575,29.12,48.54322580645161,0
Race,Spain,Barcelona,2025-06-01T13:00:00+00:00,9971,15,44,Ferrari,,6,56.0,19.545500000000004,105.765,9,7,-2,SOFT,3,4,98.17590909090909,77.706,29.12,48.54322580645161,0
Race,Spain,Barcelona,2025-06-01T13:00:00+00:00,9971,15,6,Racing Bulls,,7,56.0,6.754499999999993,110.63,6,8,2,SOFT,3,4,94.05181818181818,77.77,29.12,48.54322580645161,0
Race,Spain,Barcelona,2025-06-01T13:00:00+00:00,9971,15,10,Alpine,,8,56.0,7.207499999999996,110.935,7,9,2,SOFT,3,4,91.59572727272726,77.896,29.12,48.54322580645161,0
Race,Spain,Barcelona,2025-06-01T13:00:00+00:00,9971,15,14,Aston Martin,,9,55.0,26.315499999999986,97.388,17,15,-2,SOFT,3,4,93.0765,78.128,29.12,48.54322580645161,0
Race,Spain,Barcelona,2025-06-01T13:00:00+00:00,9971,15,30,Racing Bulls,,11,45.0,17.319500000000005,84.71,11,13,2,SOFT,0,3,89.26404545454547,79.424,29.12,48.54322580645161,0
Race,Spain,Barcelona,2025-06-01T13:00:00+00:00,9971,15,5,Kick Sauber,,12,50.0,16.641999999999996,84.483,19,17,-2,SOFT,0,3,90.77494117647059,78.297,29.12,48.54322580645161,0
Race,Spain,Barcelona,2025-06-01T13:00:00+00:00,9971,15,87,Haas F1 Team,,17,55.0,23.057500000000005,98.755,11,13,2,SOFT,6,4,93.23075,78.907,29.12,48.54322580645161,0
Race,Spain,Barcelona,2025-06-01T13:00:00+00:00,9971,15,22,Red Bull Racing,,13,55.0,19.9405,100.175,18,16,-2,SOFT,3,5,93.04574999999998,79.526,29.12,48.54322580645161,0
Race,Spain,Barcelona,2025-06-01T13:00:00+00:00,9971,15,55,Williams,,14,56.0,15.5415,129.946,14,14,0,SOFT,0,4,90.0500909090909,79.317,29.12,48.54322580645161,0
Race,Spain,Barcelona,2025-06-01T13:00:00+00:00,9971,15,43,Alpine,,15,55.0,16.653499999999994,108.581,17,19,2,SOFT,1,4,90.41674999999998,79.978,29.12,48.54322580645161,0
Race,Spain,Barcelona,2025-06-01T13:00:00+00:00,9971,15,31,Haas F1 Team,,16,44.0,15.265000000000015,85.554,19,17,-2,MEDIUM,0,3,88.49391304347827,78.624,29.12,48.54322580645161,0
Race,Canada,Montréal,2025-06-15T18:00:00+00:00,9963,23,1,Red Bull Racing,,2,12.0,15.090500000000006,76.991,5,3,-2,HARD,0,2,76.73552,75.464,24.036526946107788,49.25329341317366,1
Race,Canada,Montréal,2025-06-15T18:00:00+00:00,9963,23,12,Mercedes,,3,14.0,14.367000000000004,77.73,8,7,-1,HARD,1,2,76.67745833333333,75.362,24.036526946107788,49.25329341317366,1
Race,Canada,Montréal,2025-06-15T18:00:00+00:00,9963,23,63,Mercedes,,1,13.0,14.615499999999997,76.715,5,3,-2,HARD,1,2,76.4391724137931,75.299,24.036526946107788,49.25329341317366,1
Race,Canada,Montréal,2025-06-15T18:00:00+00:00,9963,23,81,McLaren,,4,16.0,14.367000000000004,77.185,5,3,-2,HARD,0,2,76.3816896551724,75.203,24.036526946107788,49.25329341317366,1
Race,Canada,Montréal,2025-06-15T18:00:00+00:00,9963,23,44,Ferrari,,6,15.0,16.12899999999999,77.486,6,8,2,HARD,0,2,77.11446666666667,75.748,24.036526946107788,49.25329341317366,1
Race,Canada,Montréal,2025-06-15T18:00:00+00:00,9963,23,23,Williams,,20,23.0,17.078000000000003,79.463,10,9,-1,HARD,0,2,78.03337499999999,76.197,24.036526946107788,49.25329341317366,1
Race,Canada,Montréal,2025-06-15T18:00:00+00:00,9963,23,4,McLaren,,18,29.0,15.033000000000001,76.184,4,6,2,MEDIUM,0,2,76.30938888888889,74.725,24.036526946107788,49.25329341317366,1
Race,Canada,Montréal,2025-06-15T18:00:00+00:00,9963,23,14,Aston Martin,,7,15.0,16.066500000000005,78.79,17,17,0,HARD,1,2,77.39208571428571,75.931,24.036526946107788,49.25329341317366,1
Race,Canada,Montréal,2025-06-15T18:00:00+00:00,9963,23,18,Aston Martin,,17,24.0,14.728499999999997,78.552,14,14,0,HARD,1,2,77.58374074074074,76.217,24.036526946107788,49.25329341317366,1
Race,Canada,Montréal,2025-06-15T18:00:00+00:00,9963,23,16,Ferrari,,5,28.0,14.219999999999999,76.492,6,4,-2,HARD,0,2,76.18028,74.971,24.036526946107788,49.25329341317366,1
Race,Canada,Montréal,2025-06-15T18:00:00+00:00,9963,23,30,Racing Bulls,,19,38.0,14.507999999999996,78.193,13,15,2,MEDIUM,0,2,78.56649999999999,76.32,24.036526946107788,49.25329341317366,1
Race,Canada,Montréal,2025-06-15T18:00:00+00:00,9963,23,4,McLaren,,18,47.0,14.865500000000011,75.505,4,6,2,HARD,0,3,75.50385000000001,74.229,24.036526946107788,49.25329341317366,1
Race,Canada,Montréal,2025-06-15T18:00:00+00:00,9963,23,14,Aston Martin,,7,50.0,15.073499999999996,76.958,17,17,0,HARD,1,3,76.6868125,75.024,24.036526946107788,49.25329341317366,1
Race,Canada,Montréal,2025-06-15T18:00:00+00:00,9963,23,63,Mercedes,,1,42.0,15.356500000000011,75.477,5,3,-2,HARD,0,3,75.71176,74.119,24.036526946107788,49.25329341317366,1
Race,Canada,Montréal,2025-06-15T18:00:00+00:00,9963,23,27,Kick Sauber,,8,19.0,15.027500000000003,78.54,10,12,2,HARD,0,2,77.06359574468085,75.372,24.036526946107788,49.25329341317366,1
Race,Canada,Montréal,2025-06-15T18:00:00+00:00,9963,23,1,Red Bull Racing,,2,37.0,14.495499999999993,76.123,5,3,-2,HARD,0,3,75.6085,74.287,24.036526946107788,49.25329341317366,1
Race,Canada,Montréal,2025-06-15T18:00:00+00:00,9963,23,12,Mercedes,,3,38.0,13.700499999999991,75.619,8,7,-1,HARD,0,3,75.64237931034482,74.455,24.036526946107788,49.25329341317366,1
Race,Canada,Montréal,2025-06-15T18:00:00+00:00,9963,23,55,Williams,,10,57.0,15.470499999999987,77.283,13,11,-2,MEDIUM,0,2,77.30600000000001,74.389,24.036526946107788,49.25329341317366,1
Race,Canada,Montréal,2025-06-15T18:00:00+00:00,9963,23,31,Haas F1 Team,,9,57.0,14.823999999999998,76.51,10,8,-2,MEDIUM,0,2,77.67188888888889,74.593,24.036526946107788,49.25329341317366,1
Race,Canada,Montréal,2025-06-15T18:00:00+00:00,9963,23,81,McLaren,,4,45.0,14.271500000000003,75.723,5,3,-2,HARD,0,3,75.63518181818182,74.255,24.036526946107788,49.25329341317366,1
Race,Canada,Montréal,2025-06-15T18:00:00+00:00,9963,23,16,Ferrari,,5,53.0,14.744,75.061,6,4,-2,MEDIUM,0,3,76.41442857142859,74.261,24.036526946107788,49.25329341317366,1
Race,Canada,Montréal,2025-06-15T18:00:00+00:00,9963,23,87,Haas F1 Team,,11,18.0,15.713999999999999,78.656,16,18,2,HARD,0,2,77.35102083333334,75.397,24.036526946107788,49.25329341317366,1
Race,Canada,Montréal,2025-06-15T18:00:00+00:00,9963,23,22,Red Bull Racing,,12,56.0,16.31949999999999,76.557,13,11,-2,MEDIUM,0,2,78.2904,75.358,24.036526946107788,49.25329341317366,1
Race,Canada,Montréal,2025-06-15T18:00:00+00:00,9963,23,10,Alpine,,15,53.0,15.432999999999993,76.54,15,15,0,MEDIUM,0,2,77.22846153846154,74.993,24.036526946107788,49.25329341317366,1
Race,Canada,Montréal,2025-06-15T18:00:00+00:00,9963,23,43,Alpine,,13,14.0,15.768999999999991,77.88,19,17,-2,HARD,0,2,77.68576923076922,76.076,24.036526946107788,49.25329341317366,1
Race,Canada,Montréal,2025-06-15T18:00:00+00:00,9963,23,5,Kick Sauber,,14,49.0,14.501500000000007,77.249,13,13,0,MEDIUM,0,2,77.35282352941176,75.414,24.036526946107788,49.25329341317366,1
Race,Canada,Montréal,2025-06-15T18:00:00+00:00,9963,23,18,Aston Martin,,17,51.0,25.876999999999995,76.496,14,14,0,MEDIUM,0,3,77.32406666666667,74.902,24.036526946107788,49.25329341317366,1
Race,Canada,Montréal,2025-06-15T18:00:00+00:00,9963,23,6,Racing Bulls,,16,13.0,16.9405,79.153,18,20,2,HARD,1,2,77.7226603773585,76.292,24.036526946107788,49.25329341317366,1
Race,Canada,Montréal,2025-06-15T18:00:00+00:00,9963,23,44,Ferrari,,6,45.0,14.402000000000001,76.789,6,8,2,HARD,0,3,76.6459090909091,74.805,24.036526946107788,49.25329341317366,1
Race,Canada,Montréal,2025-06-15T18:00:00+00:00,9963,23,27,Kick Sauber,,8,66.0,7.941000000000017,75.372,10,12,2,HARD,47,3,101.808,101.808,24.036526946107788,49.25329341317366,1
Race,Canada,Montréal,2025-06-15T18:00:00+00:00,9963,23,14,Aston Martin,,7,66.0,5.040500000000009,75.219,17,17,0,HARD,17,4,99.524,99.524,24.036526946107788,49.25329341317366,1
Race,Canada,Montréal,2025-06-15T18:00:00+00:00,9963,23,1,Red Bull Racing,,2,67.0,3.6429999999999865,74.394,5,3,-2,HARD,0,4,103.478,103.478,24.036526946107788,49.25329341317366,1
Race,Canada,Montréal,2025-06-15T18:00:00+00:00,9963,23,63,Mercedes,,1,67.0,2.8504999999999967,74.53,5,3,-2,HARD,25,4,103.5,103.5,24.036526946107788,49.25329341317366,1
Race,Canada,Montréal,2025-06-15T18:00:00+00:00,9963,23,12,Mercedes,,3,67.0,5.193999999999988,74.653,8,7,-1,HARD,29,4,104.172,104.172,24.036526946107788,49.25329341317366,1
Race,Canada,Montréal,2025-06-15T18:00:00+00:00,9963,23,81,McLaren,,4,67.0,14.587999999999994,75.441,5,3,-2,SOFT,0,4,111.532,111.532,24.036526946107788,49.25329341317366,1
Race,Canada,Montréal,2025-06-15T18:00:00+00:00,9963,23,55,Williams,,10,66.0,9.982,74.459,13,11,-2,MEDIUM,9,3,105.951,105.951,24.036526946107788,49.25329341317366,1
Race,Canada,Montréal,2025-06-15T18:00:00+00:00,9963,23,31,Haas F1 Team,,9,66.0,10.320999999999998,74.782,10,8,-2,MEDIUM,9,3,106.256,106.256,24.036526946107788,49.25329341317366,1
Race,Canada,Montréal,2025-06-15T18:00:00+00:00,9963,23,16,Ferrari,,5,67.0,17.363500000000002,75.343,6,4,-2,MEDIUM,14,4,112.504,112.504,24.036526946107788,49.25329341317366,1
Race,Canada,Montréal,2025-06-15T18:00:00+00:00,9963,23,22,Red Bull Racing,,12,66.0,16.655500000000004,75.845,13,11,-2,MEDIUM,10,3,113.199,113.199,24.036526946107788,49.25329341317366,1
Race,Canada,Montréal,2025-06-15T18:00:00+00:00,9963,23,87,Haas F1 Team,,11,66.0,22.709000000000003,75.476,16,18,2,SOFT,0,3,118.863,118.863,24.036526946107788,49.25329341317366,1
Race,Canada,Montréal,2025-06-15T18:00:00+00:00,9963,23,5,Kick Sauber,,14,66.0,16.9645,76.037,13,13,0,MEDIUM,0,3,113.764,113.764,24.036526946107788,49.25329341317366,1
Race,Canada,Montréal,2025-06-15T18:00:00+00:00,9963,23,43,Alpine,,13,66.0,18.14049999999999,76.279,19,17,-2,HARD,52,3,114.74,114.74,24.036526946107788,49.25329341317366,1
Race,Canada,Montréal,2025-06-15T18:00:00+00:00,9963,23,10,Alpine,,15,66.0,20.697999999999993,76.207,15,15,0,MEDIUM,13,3,116.515,116.515,24.036526946107788,49.25329341317366,1
Race,Canada,Montréal,2025-06-15T18:00:00+00:00,9963,23,6,Racing Bulls,,16,66.0,24.881500000000003,77.538,18,20,2,SOFT,3,3,121.476,121.476,24.036526946107788,49.25329341317366,1
Race,Canada,Montréal,2025-06-15T18:00:00+00:00,9963,23,18,Aston Martin,,17,66.0,27.163999999999987,76.51,14,14,0,SOFT,0,4,123.386,123.386,24.036526946107788,49.25329341317366,1
Race,Canada,Montréal,2025-06-15T18:00:00+00:00,9963,23,44,Ferrari,,6,67.0,19.211,82.408,6,8,2,HARD,22,4,115.724,115.724,24.036526946107788,49.25329341317366,1
Race,Canada,Montréal,2025-06-15T18:00:00+00:00,9963,23,27,Kick Sauber,,8,67.0,11.867999999999995,101.808,10,12,2,HARD,0,4,112.362,112.362,24.036526946107788,49.25329341317366,1
Race,Canada,Montréal,2025-06-15T18:00:00+00:00,9963,23,14,Aston Martin,,7,67.0,14.325000000000003,99.524,17,17,0,HARD,18,5,113.748,113.748,24.036526946107788,49.25329341317366,1
Race,Canada,Montréal,2025-06-15T18:00:00+00:00,9963,23,1,Red Bull Racing,,2,68.0,11.66449999999999,103.478,5,3,-2,HARD,0,5,125.276,125.276,24.036526946107788,49.25329341317366,1
Race,Canada,Montréal,2025-06-15T18:00:00+00:00,9963,23,31,Haas F1 Team,,9,67.0,2.339499999999987,106.256,10,8,-2,MEDIUM,10,4,117.088,117.088,24.036526946107788,49.25329341317366,1
Race,Canada,Montréal,2025-06-15T18:00:00+00:00,9963,23,55,Williams,,10,67.0,2.7335000000000065,105.951,13,11,-2,MEDIUM,10,4,117.479,117.479,24.036526946107788,49.25329341317366,1
Race,Canada,Montréal,2025-06-15T18:00:00+00:00,9963,23,12,Mercedes,,3,68.0,9.364000000000004,104.172,8,7,-1,HARD,30,5,123.303,123.303,24.036526946107788,49.25329341317366,1
Race,Canada,Montréal,2025-06-15T18:00:00+00:00,9963,23,63,Mercedes,,1,68.0,13.110500000000002,103.5,5,3,-2,HARD,26,5,126.769,126.769,24.036526946107788,49.25329341317366,1
Race,Canada,Montréal,2025-06-15T18:00:00+00:00,9963,23,16,Ferrari,,5,68.0,3.2860000000000014,112.504,6,4,-2,MEDIUM,15,5,114.938,114.938,24.036526946107788,49.25329341317366,1
Race,Canada,Montréal,2025-06-15T18:00:00+00:00,9963,23,81,McLaren,,4,68.0,0.7135000000000105,111.532,5,3,-2,SOFT,0,5,118.447,118.447,24.036526946107788,49.25329341317366,1
Race,Canada,Montréal,2025-06-15T18:00:00+00:00,9963,23,87,Haas F1 Team,,11,67.0,3.867999999999995,118.863,16,18,2,SOFT,1,4,116.832,116.832,24.036526946107788,49.25329341317366,1
Race,Canada,Montréal,2025-06-15T18:00:00+00:00,9963,23,43,Alpine,,13,67.0,6.632999999999996,114.74,19,17,-2,HARD,53,4,116.92,116.92,24.036526946107788,49.25329341317366,1
Race,Canada,Montréal,2025-06-15T18:00:00+00:00,9963,23,5,Kick Sauber,,14,67.0,7.665000000000006,113.764,13,13,0,MEDIUM,0,4,117.562,117.562,24.036526946107788,49.25329341317366,1
Race,Canada,Montréal,2025-06-15T18:00:00+00:00,9963,23,22,Red Bull Racing,,12,67.0,7.4680000000000035,113.199,13,11,-2,MEDIUM,0,4,117.242,117.242,24.036526946107788,49.25329341317366,1
Race,Canada,Montréal,2025-06-15T18:00:00+00:00,9963,23,6,Racing Bulls,,16,67.0,3.4639999999999986,121.476,18,20,2,SOFT,0,4,115.651,115.651,24.036526946107788,49.25329341317366,1
Race,Canada,Montréal,2025-06-15T18:00:00+00:00,9963,23,10,Alpine,,15,67.0,3.8045000000000044,116.515,15,15,0,MEDIUM,14,4,115.427,115.427,24.036526946107788,49.25329341317366,1
Race,Canada,Montréal,2025-06-15T18:00:00+00:00,9963,23,44,Ferrari,,6,68.0,3.890500000000003,115.724,6,8,2,HARD,0,5,110.618,110.618,24.036526946107788,49.25329341317366,1
Race,Canada,Montréal,2025-06-15T18:00:00+00:00,9963,23,18,Aston Martin,,17,67.0,3.335499999999996,123.386,14,14,0,SOFT,1,5,115.934,115.934,24.036526946107788,49.25329341317366,1
Race,Canada,Montréal,2025-06-15T18:00:00+00:00,9963,23,27,Kick Sauber,,8,68.0,-5.4284999999999854,112.362,10,12,2,HARD,0,5,99.18,99.18,24.036526946107788,49.25329341317366,1
Race,Canada,Montréal,2025-06-15T18:00:00+00:00,9963,23,14,Aston Martin,,7,68.0,-5.836999999999989,113.748,17,17,0,HARD,19,6,99.322,99.322,24.036526946107788,49.25329341317366,1
Race,Canada,Montréal,2025-06-15T18:00:00+00:00,9963,23,63,Mercedes,,1,69.0,-3.3355000000000103,126.769,5,3,-2,HARD,27,6,125.6765,123.817,24.036526946107788,49.25329341317366,1
Race,Canada,Montréal,2025-06-15T18:00:00+00:00,9963,23,1,Red Bull Racing,,2,69.0,-2.234499999999997,125.276,5,3,-2,HARD,32,6,125.214,123.745,24.036526946107788,49.25329341317366,1
Race,Canada,Montréal,2025-06-15T18:00:00+00:00,9963,23,12,Mercedes,,3,69.0,-1.130999999999986,123.303,8,7,-1,HARD,31,6,125.0385,123.706,24.036526946107788,49.25329341317366,1
Race,Canada,Montréal,2025-06-15T18:00:00+00:00,9963,23,31,Haas F1 Team,,9,68.0,1.8539999999999992,117.088,10,8,-2,MEDIUM,11,5,124.46350000000001,123.241,24.036526946107788,49.25329341317366,1
Race,Canada,Montréal,2025-06-15T18:00:00+00:00,9963,23,55,Williams,,10,68.0,2.3740000000000094,117.479,13,11,-2,MEDIUM,0,5,124.1965,123.54,24.036526946107788,49.25329341317366,1
Race,Canada,Montréal,2025-06-15T18:00:00+00:00,9963,23,81,McLaren,,4,69.0,2.9664999999999964,118.447,5,3,-2,SOFT,5,6,123.7125,123.49,24.036526946107788,49.25329341317366,1
Race,Canada,Montréal,2025-06-15T18:00:00+00:00,9963,23,16,Ferrari,,5,69.0,-8.165499999999994,114.938,6,4,-2,MEDIUM,16,6,116.8965,110.8,24.036526946107788,49.25329341317366,1
Race,Canada,Montréal,2025-06-15T18:00:00+00:00,9963,23,87,Haas F1 Team,,11,68.0,-12.463499999999996,116.832,16,18,2,SOFT,2,5,114.645,107.065,24.036526946107788,49.25329341317366,1
Race,Canada,Montréal,2025-06-15T18:00:00+00:00,9963,23,22,Red Bull Racing,,12,68.0,-13.224000000000004,117.242,13,11,-2,MEDIUM,12,5,114.1265,106.349,24.036526946107788,49.25329341317366,1
Race,Canada,Montréal,2025-06-15T18:00:00+00:00,9963,23,43,Alpine,,13,68.0,-13.519499999999994,116.92,19,17,-2,HARD,54,5,113.8105,105.834,24.036526946107788,49.25329341317366,1
Race,Canada,Montréal,2025-06-15T18:00:00+00:00,9963,23,5,Kick Sauber,,14,68.0,-13.195499999999996,117.562,13,13,0,MEDIUM,0,5,113.45949999999999,106.03,24.036526946107788,49.25329341317366,1
Race,Canada,Montréal,2025-06-15T18:00:00+00:00,9963,23,10,Alpine,,15,68.0,-10.463499999999996,115.427,15,15,0,MEDIUM,15,5,112.845,106.73,24.036526946107788,49.25329341317366,1
Race,Canada,Montréal,2025-06-15T18:00:00+00:00,9963,23,6,Racing Bulls,,16,68.0,-13.483499999999992,115.651,18,20,2,SOFT,0,5,110.005,102.898,24.036526946107788,49.25329341317366,1
Race,Canada,Montréal,2025-06-15T18:00:00+00:00,9963,23,18,Aston Martin,,17,68.0,-13.9195,115.934,14,14,0,SOFT,2,6,108.66900000000001,101.811,24.036526946107788,49.25329341317366,1
Race,Canada,Montréal,2025-06-15T18:00:00+00:00,9963,23,44,Ferrari,,6,69.0,-15.453000000000003,110.618,6,8,2,HARD,24,6,106.7405,97.731,24.036526946107788,49.25329341317366,1
Race,Canada,Montréal,2025-06-15T18:00:00+00:00,9963,23,14,Aston Martin,,7,69.0,3.3549999999999898,99.322,17,17,0,HARD,20,7,91.839,87.108,24.036526946107788,49.25329341317366,1
Race,Canada,Montréal,2025-06-15T18:00:00+00:00,9963,23,27,Kick Sauber,,8,69.0,2.9795000000000016,99.18,10,12,2,HARD,0,6,92.713,88.571,24.036526946107788,49.25329341317366,1
Race,Austria,Spielberg,2025-06-29T13:00:00+00:00,9955,19,23,Williams,,17,14.0,11.177499999999995,74.03,10,12,2,MEDIUM,0,2,83.22999999999999,78.845,30.347826086956523,49.166459627329196,0
Race,Austria,Spielberg,2025-06-29T13:00:00+00:00,9955,19,6,Racing Bulls,,12,3.0,16.6875,102.317,10,8,-2,MEDIUM,0,2,73.31519230769231,70.974,30.347826086956523,49.166459627329196,0
Race,Austria,Spielberg,2025-06-29T13:00:00+00:00,9955,19,22,Red Bull Racing,,16,19.0,14.221000000000004,75.031,14,16,2,HARD,0,2,73.10525,70.539,30.347826086956523,49.166459627329196,0
Race,Austria,Spielberg,2025-06-29T13:00:00+00:00,9955,19,10,Alpine,,13,13.0,15.869,75.976,13,11,-2,HARD,0,2,72.40738461538461,70.3,30.347826086956523,49.166459627329196,0
Race,Austria,Spielberg,2025-06-29T13:00:00+00:00,9955,19,87,Haas F1 Team,,11,12.0,15.4345,74.538,13,13,0,HARD,0,2,72.17975,70.884,30.347826086956523,49.166459627329196,0
Race,Austria,Spielberg,2025-06-29T13:00:00+00:00,9955,19,43,Alpine,,15,14.0,16.197500000000005,76.45,17,15,-2,MEDIUM,0,2,72.61707692307692,70.707,30.347826086956523,49.166459627329196,0
Race,Austria,Spielberg,2025-06-29T13:00:00+00:00,9955,19,27,Kick Sauber,,9,13.0,14.271,75.086,13,13,0,MEDIUM,0,2,71.69513333333333,70.708,30.347826086956523,49.166459627329196,0
Race,Austria,Spielberg,2025-06-29T13:00:00+00:00,9955,19,63,Mercedes,,5,19.0,14.798500000000004,75.249,8,6,-2,MEDIUM,0,2,71.60333333333334,70.237,30.347826086956523,49.166459627329196,0
Race,Austria,Spielberg,2025-06-29T13:00:00+00:00,9955,19,16,Ferrari,,3,26.0,14.387999999999991,75.052,4,6,2,HARD,0,2,70.76275,69.339,30.347826086956523,49.166459627329196,0
Race,Austria,Spielberg,2025-06-29T13:00:00+00:00,9955,19,5,Kick Sauber,,8,22.0,16.483999999999995,75.062,12,12,0,MEDIUM,0,2,71.58167857142857,70.456,30.347826086956523,49.166459627329196,0
Race,Austria,Spielberg,2025-06-29T13:00:00+00:00,9955,19,44,Ferrari,,4,27.0,14.655000000000001,74.514,2,4,2,HARD,0,2,70.97425,69.319,30.347826086956523,49.166459627329196,0
Race,Austria,Spielberg,2025-06-29T13:00:00+00:00,9955,19,31,Haas F1 Team,,10,20.0,16.53,75.316,16,14,-2,HARD,0,2,71.53270967741935,70.244,30.347826086956523,49.166459627329196,0
Race,Austria,Spielberg,2025-06-29T13:00:00+00:00,9955,19,4,McLaren,,1,21.0,15.863499999999988,73.982,3,3,0,HARD,0,2,70.48106250000001,69.309,30.347826086956523,49.166459627329196,0
Race,Austria,Spielberg,2025-06-29T13:00:00+00:00,9955,19,81,McLaren,,2,25.0,16.037999999999997,74.728,2,4,2,HARD,0,2,70.4568275862069,69.196,30.347826086956523,49.166459627329196,0
Race,Austria,Spielberg,2025-06-29T13:00:00+00:00,9955,19,18,Aston Martin,,14,27.0,14.746499999999997,78.405,8,8,0,HARD,1,2,71.90155555555556,70.51,30.347826086956523,49.166459627329196,0
Race,Austria,Spielberg,2025-06-29T13:00:00+00:00,9955,19,22,Red Bull Racing,,16,31.0,22.754000000000005,79.039,14,16,2,MEDIUM,0,3,71.76906666666667,70.015,30.347826086956523,49.166459627329196,0
Race,Austria,Spielberg,2025-06-29T13:00:00+00:00,9955,19,4,McLaren,,1,53.0,14.654499999999999,73.952,3,3,0,MEDIUM,0,3,69.8283888888889,68.272,30.347826086956523,49.166459627329196,0
Race,Austria,Spielberg,2025-06-29T13:00:00+00:00,9955,19,14,Aston Martin,,7,34.0,14.631500000000003,75.811,6,8,2,HARD,1,2,70.93097222222222,69.935,30.347826086956523,49.166459627329196,0
Race,Austria,Spielberg,2025-06-29T13:00:00+00:00,9955,19,5,Kick Sauber,,8,50.0,16.508999999999986,74.673,12,12,0,HARD,0,3,70.82315000000001,69.247,30.347826086956523,49.166459627329196,0
Race,Austria,Spielberg,2025-06-29T13:00:00+00:00,9955,19,81,McLaren,,2,54.0,15.509,73.038,2,4,2,MEDIUM,0,3,69.79876470588235,67.924,30.347826086956523,49.166459627329196,0
Race,Austria,Spielberg,2025-06-29T13:00:00+00:00,9955,19,22,Red Bull Racing,,16,61.0,28.7205,74.033,14,16,2,SOFT,0,4,74.64075,69.802,30.347826086956523,49.166459627329196,0
Race,Austria,Spielberg,2025-06-29T13:00:00+00:00,9955,19,27,Kick Sauber,,9,43.0,14.512500000000003,74.479,13,13,0,MEDIUM,0,3,70.89070370370371,69.459,30.347826086956523,49.166459627329196,0
Race,Austria,Spielberg,2025-06-29T13:00:00+00:00,9955,19,31,Haas F1 Team,,10,51.0,15.431499999999986,74.68,16,14,-2,HARD,0,3,70.94094736842106,69.55,30.347826086956523,49.166459627329196,0
Race,Austria,Spielberg,2025-06-29T13:00:00+00:00,9955,19,16,Ferrari,,3,50.0,15.640500000000003,73.884,4,6,2,MEDIUM,0,3,70.01033333333335,68.765,30.347826086956523,49.166459627329196,0
Race,Austria,Spielberg,2025-06-29T13:00:00+00:00,9955,19,87,Haas F1 Team,,11,40.0,16.007000000000005,74.083,13,13,0,MEDIUM,0,3,71.21576666666667,69.96,30.347826086956523,49.166459627329196,0
Race,Austria,Spielberg,2025-06-29T13:00:00+00:00,9955,19,6,Racing Bulls,,12,29.0,15.497500000000002,74.834,10,8,-2,HARD,0,3,71.46465853658536,70.204,30.347826086956523,49.166459627329196,0
Race,Austria,Spielberg,2025-06-29T13:00:00+00:00,9955,19,44,Ferrari,,4,51.0,14.194500000000005,73.95,2,4,2,MEDIUM,0,3,70.00175000000002,68.628,30.347826086956523,49.166459627329196,0
Race,Austria,Spielberg,2025-06-29T13:00:00+00:00,9955,19,10,Alpine,,13,39.0,15.563000000000002,75.313,13,11,-2,MEDIUM,0,3,71.378,70.151,30.347826086956523,49.166459627329196,0
Race,Austria,Spielberg,2025-06-29T13:00:00+00:00,9955,19,18,Aston Martin,,14,54.0,14.772000000000006,75.636,8,8,0,SOFT,0,3,70.87875,69.214,30.347826086956523,49.166459627329196,0
Race,Austria,Spielberg,2025-06-29T13:00:00+00:00,9955,19,43,Alpine,,15,40.0,14.487500000000011,75.693,17,15,-2,HARD,0,3,71.18746666666668,69.621,30.347826086956523,49.166459627329196,0
Race,Austria,Spielberg,2025-06-29T13:00:00+00:00,9955,19,63,Mercedes,,5,46.0,15.0415,74.223,8,6,-2,HARD,0,3,70.62572,69.372,30.347826086956523,49.166459627329196,0
Race,Austria,Spielberg,2025-06-29T13:00:00+00:00,9955,19,30,Racing Bulls,,6,33.0,16.037999999999982,75.289,5,7,2,HARD,0,2,70.89060526315791,69.977,30.347826086956523,49.166459627329196,0
Race,United Kingdom,Silverstone,2025-07-06T14:00:00+00:00,9947,2,12,Mercedes,,16,3.0,29.418000000000006,133.229,17,15,-2,HARD,0,2,120.94285714285716,99.336,17.91741935483871,23.578709677419354,1
Race,United Kingdom,Silverstone,2025-07-06T14:00:00+00:00,9947,2,18,Aston Martin,,7,7.0,14.15300000000002,131.987,6,8,2,SOFT,0,2,110.19899999999998,100.708,17.91741935483871,23.578709677419354,1
Race,United Kingdom,Silverstone,2025-07-06T14:00:00+00:00,9947,2,6,Racing Bulls,,17,11.0,24.462000000000003,102.691,16,14,-2,INTERMEDIATE,0,2,137.78042857142856,108.339,17.91741935483871,23.578709677419354,1
Race,United Kingdom,Silverstone,2025-07-06T14:00:00+00:00,9947,2,12,Mercedes,,16,10.0,22.09150000000001,99.336,17,15,-2,INTERMEDIATE,0,3,137.3360909090909,107.009,17.91741935483871,23.578709677419354,1
Race,United Kingdom,Silverstone,2025-07-06T14:00:00+00:00,9947,2,12,Mercedes,,16,21.0,29.86899999999997,154.329,17,15,-2,INTERMEDIATE,0,4,132.32833333333332,115.501,17.91741935483871,23.578709677419354,1
Race,United Kingdom,Silverstone,2025-07-06T14:00:00+00:00,9947,2,14,Aston Martin,,9,12.0,11.606000000000009,109.478,9,7,-2,INTERMEDIATE,0,2,120.75738461538464,100.138,17.91741935483871,23.578709677419354,1
Race,United Kingdom,Silverstone,2025-07-06T14:00:00+00:00,9947,2,63,Mercedes,,10,11.0,19.887,102.417,10,8,-2,INTERMEDIATE,0,2,119.49425,101.178,17.91741935483871,23.578709677419354,1
Race,United Kingdom,Silverstone,2025-07-06T14:00:00+00:00,9947,2,44,Ferrari,,4,12.0,11.924999999999997,109.484,7,7,0,INTERMEDIATE,0,2,117.7418333333333,99.553,17.91741935483871,23.578709677419354,1
Race,United Kingdom,Silverstone,2025-07-06T14:00:00+00:00,9947,2,18,Aston Martin,,7,11.0,22.333,100.708,6,8,2,INTERMEDIATE,0,3,117.85006451612901,100.951,17.91741935483871,23.578709677419354,1
Race,United Kingdom,Silverstone,2025-07-06T14:00:00+00:00,9947,2,1,Red Bull Racing,,5,12.0,16.0535,110.497,8,10,2,INTERMEDIATE,0,2,118.57960000000001,99.465,17.91741935483871,23.578709677419354,1
Race,United Kingdom,Silverstone,2025-07-06T14:00:00+00:00,9947,2,10,Alpine,,6,12.0,14.464000000000013,109.24,6,6,0,INTERMEDIATE,0,2,118.32283333333334,101.825,17.91741935483871,23.578709677419354,1
Race,United Kingdom,Silverstone,2025-07-06T14:00:00+00:00,9947,2,55,Williams,,12,12.0,11.739499999999992,109.688,11,9,-2,INTERMEDIATE,0,2,118.5345,100.264,17.91741935483871,23.578709677419354,1
Race,United Kingdom,Silverstone,2025-07-06T14:00:00+00:00,9947,2,87,Haas F1 Team,,11,11.0,22.956999999999994,103.208,15,13,-2,INTERMEDIATE,0,2,117.72145161290321,99.875,17.91741935483871,23.578709677419354,1
Race,United Kingdom,Silverstone,2025-07-06T14:00:00+00:00,9947,2,22,Red Bull Racing,,15,12.0,12.857499999999987,111.245,10,12,2,INTERMEDIATE,0,2,119.13816666666665,103.258,17.91741935483871,23.578709677419354,1
Race,United Kingdom,Silverstone,2025-07-06T14:00:00+00:00,9947,2,27,Kick Sauber,,3,10.0,18.837999999999994,105.879,11,13,2,INTERMEDIATE,0,2,116.42266666666666,98.912,17.91741935483871,23.578709677419354,1
Race,United Kingdom,Silverstone,2025-07-06T14:00:00+00:00,9947,2,16,Ferrari,,14,11.0,24.459000000000003,100.092,14,12,-2,INTERMEDIATE,0,2,117.2913125,99.616,17.91741935483871,23.578709677419354,1
Race,United Kingdom,Silverstone,2025-07-06T14:00:00+00:00,9947,2,23,Williams,,8,13.0,17.074499999999986,109.68,10,12,2,INTERMEDIATE,0,2,118.07913333333333,99.22,17.91741935483871,23.578709677419354,1
Race,United Kingdom,Silverstone,2025-07-06T14:00:00+00:00,9947,2,31,Haas F1 Team,,13,19.0,22.976000000000028,123.452,9,11,2,INTERMEDIATE,0,2,111.31400000000001,99.944,17.91741935483871,23.578709677419354,1
Race,United Kingdom,Silverstone,2025-07-06T14:00:00+00:00,9947,2,81,McLaren,,2,12.0,19.38900000000001,105.937,1,1,0,INTERMEDIATE,0,2,115.994375,97.478,17.91741935483871,23.578709677419354,1
Race,United Kingdom,Silverstone,2025-07-06T14:00:00+00:00,9947,2,4,McLaren,,1,12.0,21.78099999999999,107.735,4,4,0,INTERMEDIATE,0,2,115.33166666666666,98.778,17.91741935483871,23.578709677419354,1
Race,United Kingdom,Silverstone,2025-07-06T14:00:00+00:00,9947,2,4,McLaren,,1,45.0,22.60799999999999,98.903,4,4,0,MEDIUM,0,3,93.826125,89.734,17.91741935483871,23.578709677419354,1
Race,United Kingdom,Silverstone,2025-07-06T14:00:00+00:00,9947,2,81,McLaren,,2,44.0,33.46199999999999,97.478,1,1,0,MEDIUM,0,3,95.46411111111111,89.337,17.91741935483871,23.578709677419354,1
Race,United Kingdom,Silverstone,2025-07-06T14:00:00+00:00,9947,2,22,Red Bull Racing,,15,42.0,41.617000000000004,103.258,10,12,2,MEDIUM,0,3,99.3158,90.873,17.91741935483871,23.578709677419354,1
Race,United Kingdom,Silverstone,2025-07-06T14:00:00+00:00,9947,2,27,Kick Sauber,,3,43.0,23.9705,98.912,11,13,2,MEDIUM,0,3,95.1192,90.933,17.91741935483871,23.578709677419354,1
Race,United Kingdom,Silverstone,2025-07-06T14:00:00+00:00,9947,2,44,Ferrari,,4,42.0,31.53099999999999,99.553,7,7,0,SOFT,3,3,95.80463636363635,90.016,17.91741935483871,23.578709677419354,1
Race,United Kingdom,Silverstone,2025-07-06T14:00:00+00:00,9947,2,1,Red Bull Racing,,5,42.0,28.311999999999998,99.465,8,10,2,MEDIUM,0,3,95.86827272727272,90.179,17.91741935483871,23.578709677419354,1
Race,United Kingdom,Silverstone,2025-07-06T14:00:00+00:00,9947,2,10,Alpine,,6,42.0,26.186999999999983,102.126,6,6,0,MEDIUM,0,3,95.93027272727272,90.751,17.91741935483871,23.578709677419354,1
Race,United Kingdom,Silverstone,2025-07-06T14:00:00+00:00,9947,2,18,Aston Martin,,7,42.0,25.64399999999999,100.951,6,8,2,SOFT,0,4,96.54290909090909,92.088,17.91741935483871,23.578709677419354,1
Race,United Kingdom,Silverstone,2025-07-06T14:00:00+00:00,9947,2,23,Williams,,8,43.0,26.91850000000001,99.22,10,12,2,MEDIUM,0,3,94.91850000000001,90.047,17.91741935483871,23.578709677419354,1
Race,United Kingdom,Silverstone,2025-07-06T14:00:00+00:00,9947,2,14,Aston Martin,,9,38.0,32.89899999999999,100.138,9,7,-2,MEDIUM,1,3,98.0128,90.353,17.91741935483871,23.578709677419354,1
Race,United Kingdom,Silverstone,2025-07-06T14:00:00+00:00,9947,2,63,Mercedes,,10,39.0,34.06299999999999,101.178,10,8,-2,HARD,0,3,98.10178571428571,90.869,17.91741935483871,23.578709677419354,1
Race,United Kingdom,Silverstone,2025-07-06T14:00:00+00:00,9947,2,87,Haas F1 Team,,11,42.0,23.763000000000005,99.875,15,13,-2,MEDIUM,0,3,96.11063636363635,90.921,17.91741935483871,23.578709677419354,1
Race,United Kingdom,Silverstone,2025-07-06T14:00:00+00:00,9947,2,55,Williams,,12,42.0,20.253500000000003,100.264,11,9,-2,MEDIUM,0,3,96.63763636363636,90.645,17.91741935483871,23.578709677419354,1
Race,United Kingdom,Silverstone,2025-07-06T14:00:00+00:00,9947,2,31,Haas F1 Team,,13,43.0,34.313500000000005,99.944,9,11,2,MEDIUM,0,3,95.9776,90.818,17.91741935483871,23.578709677419354,1
Race,United Kingdom,Silverstone,2025-07-06T14:00:00+00:00,9947,2,16,Ferrari,,14,43.0,40.05200000000002,102.92,14,12,-2,SOFT,3,3,97.3507,90.819,17.91741935483871,23.578709677419354,1
Race,Belgium,Spa-Francorchamps,2025-07-27T13:00:00+00:00,9939,7,1,Red Bull Racing,,4,2.0,-7.670999999999992,190.493,6,6,0,MEDIUM,0,2,136.7198181818182,120.19,17.030044843049332,24.09013452914799,1
Race,Belgium,Spa-Francorchamps,2025-07-27T13:00:00+00:00,9939,7,87,Haas F1 Team,,11,2.0,-15.024499999999989,202.399,15,15,0,MEDIUM,0,2,137.0489090909091,121.707,17.030044843049332,24.09013452914799,1
Race,Belgium,Spa-Francorchamps,2025-07-27T13:00:00+00:00,9939,7,4,McLaren,,2,2.0,-5.138500000000022,184.961,2,2,0,HARD,0,2,134.8381666666667,119.136,17.030044843049332,24.09013452914799,1
Race,Belgium,Spa-Francorchamps,2025-07-27T13:00:00+00:00,9939,7,5,Kick Sauber,,9,2.0,-13.845500000000015,199.977,9,11,2,MEDIUM,0,2,137.18318181818182,121.165,17.030044843049332,24.09013452914799,1
Race,Belgium,Spa-Francorchamps,2025-07-27T13:00:00+00:00,9939,7,6,Racing Bulls,,20,2.0,-10.923000000000002,197.274,10,12,2,MEDIUM,0,2,135.91608333333338,121.255,17.030044843049332,24.09013452914799,1
Race,Belgium,Spa-Francorchamps,2025-07-27T13:00:00+00:00,9939,7,10,Alpine,,10,2.0,-17.41300000000001,204.852,18,15,-3,MEDIUM,0,2,138.9876,122.097,17.030044843049332,24.09013452914799,1
Race,Belgium,Spa-Francorchamps,2025-07-27T13:00:00+00:00,9939,7,12,Mercedes,,16,2.0,-24.254999999999995,216.767,18,18,0,MEDIUM,0,2,136.78109090909092,122.188,17.030044843049332,24.09013452914799,1
Race,Belgium,Spa-Francorchamps,2025-07-27T13:00:00+00:00,9939,7,14,Aston Martin,,17,2.0,-24.49550000000002,219.048,20,14,-6,MEDIUM,0,2,137.9607,122.757,17.030044843049332,24.09013452914799,1
Race,Belgium,Spa-Francorchamps,2025-07-27T13:00:00+00:00,9939,7,18,Aston Martin,,14,2.0,-17.84700000000001,209.494,17,17,0,MEDIUM,0,2,137.51936363636364,123.162,17.030044843049332,24.09013452914799,1
Race,Belgium,Spa-Francorchamps,2025-07-27T13:00:00+00:00,9939,7,22,Red Bull Racing,,13,2.0,-10.589500000000015,196.04,8,10,2,MEDIUM,0,2,135.87300000000002,120.831,17.030044843049332,24.09013452914799,1
Race,Belgium,Spa-Francorchamps,2025-07-27T13:00:00+00:00,9939,7,23,Williams,,6,2.0,-7.677499999999981,191.743,7,9,2,MEDIUM,0,2,137.1308181818182,121.326,17.030044843049332,24.09013452914799,1
Race,Belgium,Spa-Francorchamps,2025-07-27T13:00:00+00:00,9939,7,27,Kick Sauber,,12,2.0,-19.793999999999983,206.946,11,9,-2,MEDIUM,0,2,138.84430000000003,122.049,17.030044843049332,24.09013452914799,1
Race,Belgium,Spa-Francorchamps,2025-07-27T13:00:00+00:00,9939,7,30,Racing Bulls,,8,2.0,-12.361500000000007,198.805,10,10,0,MEDIUM,0,2,137.09236363636364,121.212,17.030044843049332,24.09013452914799,1
Race,Belgium,Spa-Francorchamps,2025-07-27T13:00:00+00:00,9939,7,31,Haas F1 Team,,15,2.0,-15.746499999999997,201.836,15,17,2,MEDIUM,0,2,136.4075,121.578,17.030044843049332,24.09013452914799,1
Race,Belgium,Spa-Francorchamps,2025-07-27T13:00:00+00:00,9939,7,43,Alpine,,19,2.0,-18.065500000000014,207.915,15,17,2,MEDIUM,0,2,137.31145454545455,122.275,17.030044843049332,24.09013452914799,1
Race,Belgium,Spa-Francorchamps,2025-07-27T13:00:00+00:00,9939,7,55,Williams,,18,2.0,-19.464000000000027,211.767,16,18,2,MEDIUM,0,2,137.056,122.267,17.030044843049332,24.09013452914799,1
Race,Belgium,Spa-Francorchamps,2025-07-27T13:00:00+00:00,9939,7,63,Mercedes,,5,2.0,-10.381,194.102,6,8,2,MEDIUM,0,2,136.76145454545454,119.891,17.030044843049332,24.09013452914799,1
Race,Belgium,Spa-Francorchamps,2025-07-27T13:00:00+00:00,9939,7,81,McLaren,,1,2.0,-4.233000000000004,185.836,1,1,0,MEDIUM,0,2,136.15645454545455,119.092,17.030044843049332,24.09013452914799,1
Race,Belgium,Spa-Francorchamps,2025-07-27T13:00:00+00:00,9939,7,16,Ferrari,,3,2.0,-6.375500000000017,188.836,5,5,0,MEDIUM,0,2,136.81709090909092,120.142,17.030044843049332,24.09013452914799,1
Race,Belgium,Spa-Francorchamps,2025-07-27T13:00:00+00:00,9939,7,44,Ferrari,,7,2.0,-21.66149999999999,214.061,14,16,2,MEDIUM,0,2,137.7583,121.599,17.030044843049332,24.09013452914799,1
Race,Belgium,Spa-Francorchamps,2025-07-27T13:00:00+00:00,9939,7,81,McLaren,,1,13.0,11.872500000000002,126.019,1,1,0,MEDIUM,0,3,107.4788125,105.706,17.030044843049332,24.09013452914799,1
Race,Belgium,Spa-Francorchamps,2025-07-27T13:00:00+00:00,9939,7,4,McLaren,,2,14.0,14.954499999999996,122.962,2,2,0,HARD,0,3,107.20448387096774,105.257,17.030044843049332,24.09013452914799,1
Race,Belgium,Spa-Francorchamps,2025-07-27T13:00:00+00:00,9939,7,6,Racing Bulls,,20,14.0,14.531000000000006,125.678,10,12,2,HARD,3,3,110.25603333333332,107.667,17.030044843049332,24.09013452914799,1
Race,Belgium,Spa-Francorchamps,2025-07-27T13:00:00+00:00,9939,7,16,Ferrari,,3,13.0,18.750500000000017,125.855,5,5,0,MEDIUM,0,3,107.7919375,106.174,17.030044843049332,24.09013452914799,1
Race,Belgium,Spa-Francorchamps,2025-07-27T13:00:00+00:00,9939,7,1,Red Bull Racing,,4,13.0,19.042999999999992,125.626,6,6,0,MEDIUM,0,3,107.82353125,106.096,17.030044843049332,24.09013452914799,1
Race,Belgium,Spa-Francorchamps,2025-07-27T13:00:00+00:00,9939,7,63,Mercedes,,5,13.0,14.867999999999995,126.737,6,8,2,MEDIUM,0,3,108.10565625000001,106.566,17.030044843049332,24.09013452914799,1
Race,Belgium,Spa-Francorchamps,2025-07-27T13:00:00+00:00,9939,7,23,Williams,,6,13.0,14.789999999999992,126.684,7,9,2,MEDIUM,0,3,108.21225,106.813,17.030044843049332,24.09013452914799,1
Race,Belgium,Spa-Francorchamps,2025-07-27T13:00:00+00:00,9939,7,44,Ferrari,,7,12.0,11.390500000000003,130.597,14,16,2,MEDIUM,0,3,108.24196969696972,106.534,17.030044843049332,24.09013452914799,1
Race,Belgium,Spa-Francorchamps,2025-07-27T13:00:00+00:00,9939,7,30,Racing Bulls,,8,13.0,14.60299999999998,127.696,10,10,0,MEDIUM,0,3,108.38278125,106.649,17.030044843049332,24.09013452914799,1
Race,Belgium,Spa-Francorchamps,2025-07-27T13:00:00+00:00,9939,7,5,Kick Sauber,,9,13.0,12.512,127.969,9,11,2,MEDIUM,0,3,108.453375,106.966,17.030044843049332,24.09013452914799,1
Race,Belgium,Spa-Francorchamps,2025-07-27T13:00:00+00:00,9939,7,10,Alpine,,10,12.0,13.988,130.058,18,15,-3,MEDIUM,0,3,109.1209696969697,107.177,17.030044843049332,24.09013452914799,1
Race,Belgium,Spa-Francorchamps,2025-07-27T13:00:00+00:00,9939,7,87,Haas F1 Team,,11,13.0,12.659500000000008,127.261,15,15,0,MEDIUM,0,3,108.944875,106.709,17.030044843049332,24.09013452914799,1
Race,Belgium,Spa-Francorchamps,2025-07-27T13:00:00+00:00,9939,7,27,Kick Sauber,,12,12.0,9.353499999999997,129.695,11,9,-2,MEDIUM,0,3,109.13024242424243,105.068,17.030044843049332,24.09013452914799,1
Race,Belgium,Spa-Francorchamps,2025-07-27T13:00:00+00:00,9939,7,22,Red Bull Racing,,13,14.0,12.84299999999999,127.153,8,10,2,MEDIUM,0,3,108.76916129032259,107.241,17.030044843049332,24.09013452914799,1
Race,Belgium,Spa-Francorchamps,2025-07-27T13:00:00+00:00,9939,7,18,Aston Martin,,14,13.0,11.768499999999989,127.592,17,17,0,MEDIUM,0,3,108.76884375,107.212,17.030044843049332,24.09013452914799,1
Race,Belgium,Spa-Francorchamps,2025-07-27T13:00:00+00:00,9939,7,31,Haas F1 Team,,15,14.0,12.185000000000002,129.199,15,17,2,MEDIUM,7,3,108.71796774193548,106.744,17.030044843049332,24.09013452914799,1
Race,Belgium,Spa-Francorchamps,2025-07-27T13:00:00+00:00,9939,7,12,Mercedes,,16,13.0,11.349999999999994,128.264,18,18,0,MEDIUM,0,3,109.01034375,104.861,17.030044843049332,24.09013452914799,1
Race,Belgium,Spa-Francorchamps,2025-07-27T13:00:00+00:00,9939,7,14,Aston Martin,,17,12.0,12.142499999999998,129.812,20,14,-6,MEDIUM,0,3,109.46178787878787,105.849,17.030044843049332,24.09013452914799,1
Race,Belgium,Spa-Francorchamps,2025-07-27T13:00:00+00:00,9939,7,55,Williams,,18,13.0,16.410499999999985,127.24,16,18,2,HARD,0,3,109.24034375000001,106.073,17.030044843049332,24.09013452914799,1
Race,Belgium,Spa-Francorchamps,2025-07-27T13:00:00+00:00,9939,7,43,Alpine,,19,13.0,10.916499999999985,127.109,15,17,2,MEDIUM,0,3,109.37453124999999,106.104,17.030044843049332,24.09013452914799,1
Race,Hungary,Budapest,2025-08-03T13:00:00+00:00,9928,4,43,Alpine,,18,14.0,26.341000000000008,85.901,19,17,-2,HARD,0,2,83.89068181818182,81.647,22.05,32.04191176470589,0
Race,Hungary,Budapest,2025-08-03T13:00:00+00:00,9928,4,22,Red Bull Racing,,17,21.0,16.069500000000005,88.115,20,18,-2,SOFT,0,2,83.7895294117647,81.331,22.05,32.04191176470589,0
Race,Hungary,Budapest,2025-08-03T13:00:00+00:00,9928,4,23,Williams,,15,15.0,16.394500000000008,86.232,15,15,0,MEDIUM,0,2,83.77595833333334,81.772,22.05,32.04191176470589,0
Race,Hungary,Budapest,2025-08-03T13:00:00+00:00,9928,4,16,Ferrari,,4,20.0,16.039500000000004,84.552,2,4,2,HARD,0,2,82.29733333333331,80.904,22.05,32.04191176470589,0
Race,Hungary,Budapest,2025-08-03T13:00:00+00:00,9928,4,27,Kick Sauber,,13,6.0,16.00500000000001,86.448,12,10,-2,MEDIUM,0,2,83.52050000000003,81.896,22.05,32.04191176470589,0
Race,Hungary,Budapest,2025-08-03T13:00:00+00:00,9928,4,63,Mercedes,,3,20.0,17.052000000000007,84.726,6,4,-2,HARD,0,2,82.37633333333333,80.85,22.05,32.04191176470589,0
Race,Hungary,Budapest,2025-08-03T13:00:00+00:00,9928,4,81,McLaren,,2,19.0,16.040000000000006,84.668,4,2,-2,HARD,1,2,82.08822222222223,80.898,22.05,32.04191176470589,0
Race,Hungary,Budapest,2025-08-03T13:00:00+00:00,9928,4,1,Red Bull Racing,,9,18.0,15.779999999999987,85.556,16,14,-2,HARD,0,2,82.92245161290325,81.316,22.05,32.04191176470589,0
Race,Hungary,Budapest,2025-08-03T13:00:00+00:00,9928,4,87,Haas F1 Team,,20,31.0,16.689999999999998,86.031,19,19,0,HARD,0,2,84.1176111111111,81.989,22.05,32.04191176470589,0
Race,Hungary,Budapest,2025-08-03T13:00:00+00:00,9928,4,55,Williams,,14,16.0,15.867500000000007,86.131,9,11,2,HARD,0,2,83.4809722222222,81.824,22.05,32.04191176470589,0
Race,Hungary,Budapest,2025-08-03T13:00:00+00:00,9928,4,4,McLaren,,1,32.0,16.47,85.567,2,2,0,HARD,0,2,81.00820512820512,79.918,22.05,32.04191176470589,0
Race,Hungary,Budapest,2025-08-03T13:00:00+00:00,9928,4,81,McLaren,,2,46.0,16.0715,83.987,4,2,-2,HARD,0,3,80.66512,79.412,22.05,32.04191176470589,0
Race,Hungary,Budapest,2025-08-03T13:00:00+00:00,9928,4,12,Mercedes,,10,22.0,19.463499999999996,86.348,17,19,2,HARD,0,2,82.43964583333333,80.745,22.05,32.04191176470589,0
Race,Hungary,Budapest,2025-08-03T13:00:00+00:00,9928,4,6,Racing Bulls,,11,34.0,16.137,85.543,16,18,2,HARD,0,2,82.02249999999998,80.802,22.05,32.04191176470589,0
Race,Hungary,Budapest,2025-08-03T13:00:00+00:00,9928,4,44,Ferrari,,12,43.0,17.97,85.996,10,7,-3,MEDIUM,0,2,81.84618518518519,80.022,22.05,32.04191176470589,0
Race,Hungary,Budapest,2025-08-03T13:00:00+00:00,9928,4,63,Mercedes,,3,44.0,16.624499999999998,84.284,6,4,-2,HARD,0,3,81.14985185185186,79.409,22.05,32.04191176470589,0
Race,Hungary,Budapest,2025-08-03T13:00:00+00:00,9928,4,27,Kick Sauber,,13,42.0,24.583,86.922,12,10,-2,MEDIUM,0,3,82.48346428571429,80.013,22.05,32.04191176470589,0
Race,Hungary,Budapest,2025-08-03T13:00:00+00:00,9928,4,55,Williams,,14,52.0,15.926000000000002,85.648,9,11,2,MEDIUM,0,3,82.2233888888889,79.79,22.05,32.04191176470589,0
Race,Hungary,Budapest,2025-08-03T13:00:00+00:00,9928,4,16,Ferrari,,4,41.0,15.63199999999999,84.018,2,4,2,HARD,0,3,82.06453333333333,80.44,22.05,32.04191176470589,0
Race,Hungary,Budapest,2025-08-03T13:00:00+00:00,9928,4,23,Williams,,15,39.0,18.16449999999999,85.277,15,15,0,HARD,0,3,82.58016129032256,80.779,22.05,32.04191176470589,0
Race,Hungary,Budapest,2025-08-03T13:00:00+00:00,9928,4,31,Haas F1 Team,,16,15.0,18.180499999999995,86.259,16,14,-2,HARD,0,2,83.24510909090907,81.916,22.05,32.04191176470589,0
Race,Hungary,Budapest,2025-08-03T13:00:00+00:00,9928,4,10,Alpine,,19,33.0,16.048000000000002,86.192,17,19,2,MEDIUM,0,2,82.98310810810811,81.433,22.05,32.04191176470589,0
Race,Hungary,Budapest,2025-08-03T13:00:00+00:00,9928,4,22,Red Bull Racing,,17,38.0,16.8985,85.309,20,18,-2,HARD,0,3,82.75303124999999,81.18,22.05,32.04191176470589,0
Race,Hungary,Budapest,2025-08-03T13:00:00+00:00,9928,4,43,Alpine,,18,36.0,22.277500000000003,85.606,19,17,-2,HARD,0,3,82.8384705882353,80.827,22.05,32.04191176470589,0
Race,Hungary,Budapest,2025-08-03T13:00:00+00:00,9928,4,14,Aston Martin,,5,40.0,17.075000000000003,86.44,3,5,2,HARD,1,2,81.65725806451613,80.113,22.05,32.04191176470589,0
Race,Hungary,Budapest,2025-08-03T13:00:00+00:00,9928,4,5,Kick Sauber,,6,41.0,16.817999999999998,85.253,5,7,2,HARD,0,2,81.67966666666666,80.705,22.05,32.04191176470589,0
Race,Hungary,Budapest,2025-08-03T13:00:00+00:00,9928,4,18,Aston Martin,,7,37.0,15.3005,86.688,9,11,2,HARD,1,2,81.6790294117647,80.708,22.05,32.04191176470589,0
Race,Hungary,Budapest,2025-08-03T13:00:00+00:00,9928,4,30,Racing Bulls,,8,41.0,17.96900000000001,85.076,7,9,2,HARD,0,2,81.5928,80.457,22.05,32.04191176470589,0
Race,Hungary,Budapest,2025-08-03T13:00:00+00:00,9928,4,1,Red Bull Racing,,9,49.0,16.16000000000001,84.338,16,14,-2,HARD,0,3,81.56618181818182,79.576,22.05,32.04191176470589,0
Race,Netherlands,Zandvoort,2025-08-31T13:00:00+00:00,9920,55,18,Aston Martin,,7,9.0,14.039500000000004,79.763,12,9,-3,HARD,0,2,79.53806818181819,75.242,20.077358490566034,27.96352201257861,0
Race,Netherlands,Zandvoort,2025-08-31T13:00:00+00:00,9920,55,14,Aston Martin,,8,19.0,13.092500000000001,79.636,14,12,-2,HARD,0,2,82.68668181818182,75.053,20.077358490566034,27.96352201257861,0
Race,Netherlands,Zandvoort,2025-08-31T13:00:00+00:00,9920,55,43,Alpine,,11,20.0,14.594000000000008,79.497,15,15,0,HARD,0,2,81.41505882352942,75.34,20.077358490566034,27.96352201257861,0
Race,Netherlands,Zandvoort,2025-08-31T13:00:00+00:00,9920,55,22,Red Bull Racing,,9,20.0,15.763999999999996,80.019,16,14,-2,HARD,0,2,81.24797058823529,75.319,20.077358490566034,27.96352201257861,0
Race,Netherlands,Zandvoort,2025-08-31T13:00:00+00:00,9920,55,27,Kick Sauber,,14,20.0,15.965499999999992,79.257,16,16,0,HARD,0,2,81.40117647058823,75.335,20.077358490566034,27.96352201257861,0
Race,Netherlands,Zandvoort,2025-08-31T13:00:00+00:00,9920,55,16,Ferrari,,19,23.0,20.4375,79.33,7,9,2,HARD,1,2,80.39983333333333,74.557,20.077358490566034,27.96352201257861,0
Race,Netherlands,Zandvoort,2025-08-31T13:00:00+00:00,9920,55,5,Kick Sauber,,15,23.0,26.51900000000002,79.761,16,16,0,HARD,0,2,83.77492105263157,75.653,20.077358490566034,27.96352201257861,0
Race,Netherlands,Zandvoort,2025-08-31T13:00:00+00:00,9920,55,81,McLaren,,1,24.0,19.67049999999999,84.18,1,1,0,HARD,0,2,80.45770000000002,73.965,20.077358490566034,27.96352201257861,0
Race,Netherlands,Zandvoort,2025-08-31T13:00:00+00:00,9920,55,4,McLaren,,18,24.0,19.610499999999988,86.038,7,9,2,HARD,0,2,80.42813333333334,73.908,20.077358490566034,27.96352201257861,0
Race,Netherlands,Zandvoort,2025-08-31T13:00:00+00:00,9920,55,6,Racing Bulls,,3,24.0,17.386499999999998,92.01,4,3,-1,HARD,0,2,80.2341,74.533,20.077358490566034,27.96352201257861,0
Race,Netherlands,Zandvoort,2025-08-31T13:00:00+00:00,9920,55,1,Red Bull Racing,,2,24.0,18.092,90.929,3,3,0,MEDIUM,0,2,80.21233333333332,74.741,20.077358490566034,27.96352201257861,0
Race,Netherlands,Zandvoort,2025-08-31T13:00:00+00:00,9920,55,63,Mercedes,,4,24.0,19.611000000000004,92.078,6,6,0,HARD,0,2,80.76086666666667,75.056,20.077358490566034,27.96352201257861,0
Race,Netherlands,Zandvoort,2025-08-31T13:00:00+00:00,9920,55,30,Racing Bulls,,12,24.0,21.489499999999992,96.821,15,17,2,HARD,0,2,113.25874999999999,96.652,20.077358490566034,27.96352201257861,0
Race,Netherlands,Zandvoort,2025-08-31T13:00:00+00:00,9920,55,55,Williams,,13,24.0,20.292999999999992,96.933,17,19,2,HARD,0,2,112.67575,97.211,20.077358490566034,27.96352201257861,0
Race,Netherlands,Zandvoort,2025-08-31T13:00:00+00:00,9920,55,12,Mercedes,,16,24.0,21.3335,100.206,8,6,-2,HARD,0,2,79.40121428571429,74.692,20.077358490566034,27.96352201257861,0
Race,Netherlands,Zandvoort,2025-08-31T13:00:00+00:00,9920,55,23,Williams,,5,24.0,19.5775,101.701,8,10,2,HARD,0,2,80.1971,75.244,20.077358490566034,27.96352201257861,0
Race,Netherlands,Zandvoort,2025-08-31T13:00:00+00:00,9920,55,10,Alpine,,17,24.0,23.792500000000004,101.559,13,11,-2,HARD,0,2,84.21761224489796,75.248,20.077358490566034,27.96352201257861,0
Race,Netherlands,Zandvoort,2025-08-31T13:00:00+00:00,9920,55,30,Racing Bulls,,12,28.0,5.180999999999997,124.543,15,17,2,SOFT,3,3,79.07628,75.37,20.077358490566034,27.96352201257861,0
Race,Netherlands,Zandvoort,2025-08-31T13:00:00+00:00,9920,55,55,Williams,,13,28.0,7.639500000000012,123.374,17,19,2,SOFT,3,3,78.17212500000001,74.913,20.077358490566034,27.96352201257861,0
Race,Netherlands,Zandvoort,2025-08-31T13:00:00+00:00,9920,55,14,Aston Martin,,8,41.0,12.895499999999998,79.102,14,12,-2,HARD,0,3,84.56025,73.719,20.077358490566034,27.96352201257861,0
Race,Netherlands,Zandvoort,2025-08-31T13:00:00+00:00,9920,55,12,Mercedes,,16,52.0,-2.1060000000000088,77.187,8,6,-2,SOFT,0,3,97.113,89.067,20.077358490566034,27.96352201257861,0
Race,Netherlands,Zandvoort,2025-08-31T13:00:00+00:00,9920,55,16,Ferrari,,19,53.0,,77.659,7,9,2,SOFT,3,3,,,20.077358490566034,27.96352201257861,0
Race,Netherlands,Zandvoort,2025-08-31T13:00:00+00:00,9920,55,18,Aston Martin,,7,53.0,24.816500000000005,79.702,12,9,-3,HARD,0,3,89.4286,73.822,20.077358490566034,27.96352201257861,0
Race,Netherlands,Zandvoort,2025-08-31T13:00:00+00:00,9920,55,55,Williams,,13,52.0,37.388999999999996,80.226,17,19,2,SOFT,3,4,85.23321428571428,73.808,20.077358490566034,27.96352201257861,0
Race,Netherlands,Zandvoort,2025-08-31T13:00:00+00:00,9920,55,31,Haas F1 Team,,10,53.0,24.266999999999996,79.681,8,10,2,MEDIUM,0,2,89.5505,73.986,20.077358490566034,27.96352201257861,0
Race,Netherlands,Zandvoort,2025-08-31T13:00:00+00:00,9920,55,81,McLaren,,1,54.0,25.82950000000001,82.803,1,1,0,HARD,0,3,92.1588947368421,72.271,20.077358490566034,27.96352201257861,0
Race,Netherlands,Zandvoort,2025-08-31T13:00:00+00:00,9920,55,4,McLaren,,18,54.0,22.303499999999985,85.907,7,9,2,HARD,1,3,91.38272727272728,72.379,20.077358490566034,27.96352201257861,0
Race,Netherlands,Zandvoort,2025-08-31T13:00:00+00:00,9920,55,1,Red Bull Racing,,2,54.0,11.998500000000007,87.371,3,3,0,SOFT,0,3,91.32105263157895,72.921,20.077358490566034,27.96352201257861,0
Race,Netherlands,Zandvoort,2025-08-31T13:00:00+00:00,9920,55,6,Racing Bulls,,3,54.0,13.90700000000001,88.722,4,3,-1,SOFT,2,3,91.20726315789474,73.327,20.077358490566034,27.96352201257861,0
Race,Netherlands,Zandvoort,2025-08-31T13:00:00+00:00,9920,55,23,Williams,,5,54.0,17.352999999999994,94.627,8,10,2,SOFT,0,3,90.17615789473685,73.687,20.077358490566034,27.96352201257861,0
Race,Netherlands,Zandvoort,2025-08-31T13:00:00+00:00,9920,55,63,Mercedes,,4,54.0,17.247500000000002,93.54,6,6,0,SOFT,3,3,90.32805263157896,73.728,20.077358490566034,27.96352201257861,0
Race,Netherlands,Zandvoort,2025-08-31T13:00:00+00:00,9920,55,30,Racing Bulls,,12,53.0,21.042999999999992,102.655,15,17,2,SOFT,3,4,85.41290000000001,73.879,20.077358490566034,27.96352201257861,0
Race,Netherlands,Zandvoort,2025-08-31T13:00:00+00:00,9920,55,12,Mercedes,,16,54.0,21.044999999999987,105.159,8,6,-2,SOFT,0,4,89.4232105263158,73.48,20.077358490566034,27.96352201257861,0
Race,Netherlands,Zandvoort,2025-08-31T13:00:00+00:00,9920,55,22,Red Bull Racing,,9,54.0,31.563500000000005,103.703,16,14,-2,SOFT,3,3,88.85089473684211,74.354,20.077358490566034,27.96352201257861,0
Race,Netherlands,Zandvoort,2025-08-31T13:00:00+00:00,9920,55,87,Haas F1 Team,,6,54.0,22.805999999999997,103.502,9,9,0,MEDIUM,0,2,88.66463157894738,73.95,20.077358490566034,27.96352201257861,0
Race,Netherlands,Zandvoort,2025-08-31T13:00:00+00:00,9920,55,43,Alpine,,11,54.0,16.993499999999997,111.419,15,15,0,MEDIUM,0,3,87.16433333333333,74.76,20.077358490566034,27.96352201257861,0
Race,Netherlands,Zandvoort,2025-08-31T13:00:00+00:00,9920,55,27,Kick Sauber,,14,54.0,18.71350000000001,111.41,16,16,0,MEDIUM,0,3,88.63994736842105,74.912,20.077358490566034,27.96352201257861,0
Race,Netherlands,Zandvoort,2025-08-31T13:00:00+00:00,9920,55,5,Kick Sauber,,15,61.0,13.108999999999995,81.06,16,16,0,SOFT,0,3,86.17041666666667,74.307,20.077358490566034,27.96352201257861,0
Race,Netherlands,Zandvoort,2025-08-31T13:00:00+00:00,9920,55,43,Alpine,,11,66.0,11.757000000000005,96.875,15,15,0,SOFT,0,4,90.49642857142858,73.049,20.077358490566034,27.96352201257861,0
Race,Netherlands,Zandvoort,2025-08-31T13:00:00+00:00,9920,55,55,Williams,,13,66.0,23.7975,99.735,17,19,2,SOFT,3,5,88.15728571428572,73.841,20.077358490566034,27.96352201257861,0
Race,Italy,Monza,2025-09-07T13:00:00+00:00,9912,39,14,Aston Martin,,19,21.0,18.918000000000006,88.466,10,12,2,HARD,1,2,95.11099999999999,83.757,26.76111111111111,43.28819444444444,0
Race,Italy,Monza,2025-09-07T13:00:00+00:00,9912,39,1,Red Bull Racing,,1,38.0,17.932000000000002,87.432,2,2,0,HARD,0,2,82.6621875,81.003,26.76111111111111,43.28819444444444,0
Race,Italy,Monza,2025-09-07T13:00:00+00:00,9912,39,31,Haas F1 Team,,15,52.0,,87.687,8,6,-2,SOFT,0,2,110.725,110.725,26.76111111111111,43.28819444444444,0
Race,Italy,Monza,2025-09-07T13:00:00+00:00,9912,39,10,Alpine,,16,50.0,18.743499999999997,87.335,11,11,0,SOFT,0,2,89.36066666666666,82.185,26.76111111111111,43.28819444444444,0
Race,Italy,Monza,2025-09-07T13:00:00+00:00,9912,39,43,Alpine,,17,34.0,19.03500000000001,88.479,12,12,0,HARD,0,2,84.32794736842105,82.239,26.76111111111111,43.28819444444444,0
Race,Italy,Monza,2025-09-07T13:00:00+00:00,9912,39,18,Aston Martin,,18,50.0,31.919500000000014,88.053,10,8,-2,SOFT,0,2,93.82466666666666,82.164,26.76111111111111,43.28819444444444,0
Race,Italy,Monza,2025-09-07T13:00:00+00:00,9912,39,4,McLaren,,2,47.0,20.82350000000001,87.287,1,1,0,SOFT,2,2,84.53942857142856,80.901,26.76111111111111,43.28819444444444,0
Race,Italy,Monza,2025-09-07T13:00:00+00:00,9912,39,81,McLaren,,3,46.0,17.47500000000001,86.609,4,2,-2,SOFT,3,2,84.207,81.245,26.76111111111111,43.28819444444444,0
Race,Italy,Monza,2025-09-07T13:00:00+00:00,9912,39,16,Ferrari,,4,34.0,18.37849999999999,87.019,3,5,2,HARD,0,2,83.02885,81.294,26.76111111111111,43.28819444444444,0
Race,Italy,Monza,2025-09-07T13:00:00+00:00,9912,39,63,Mercedes,,5,28.0,18.963499999999996,87.978,9,11,2,HARD,0,2,83.08569230769231,81.8,26.76111111111111,43.28819444444444,0
Race,Italy,Monza,2025-09-07T13:00:00+00:00,9912,39,44,Ferrari,,6,39.0,18.087500000000006,87.181,5,5,0,HARD,0,2,83.2504,81.546,26.76111111111111,43.28819444444444,0
Race,Italy,Monza,2025-09-07T13:00:00+00:00,9912,39,23,Williams,,7,42.0,18.653499999999994,86.328,8,6,-2,MEDIUM,0,2,83.65416666666665,81.368,26.76111111111111,43.28819444444444,0
Race,Italy,Monza,2025-09-07T13:00:00+00:00,9912,39,12,Mercedes,,9,29.0,18.68249999999999,87.75,8,10,2,HARD,0,2,83.495,81.968,26.76111111111111,43.28819444444444,0
Race,Italy,Monza,2025-09-07T13:00:00+00:00,9912,39,5,Kick Sauber,,8,21.0,20.369,88.759,11,13,2,HARD,0,2,83.7000303030303,82.139,26.76111111111111,43.28819444444444,0
Race,Italy,Monza,2025-09-07T13:00:00+00:00,9912,39,6,Racing Bulls,,10,33.0,17.492500000000007,88.342,11,9,-2,MEDIUM,0,2,83.52247619047618,82.133,26.76111111111111,43.28819444444444,0
Race,Italy,Monza,2025-09-07T13:00:00+00:00,9912,39,55,Williams,,11,31.0,18.607,87.825,9,11,2,HARD,0,2,83.6864347826087,81.74,26.76111111111111,43.28819444444444,0
Race,Italy,Monza,2025-09-07T13:00:00+00:00,9912,39,87,Haas F1 Team,,12,19.0,18.5385,89.433,18,18,0,HARD,0,2,83.92580000000002,81.82,26.76111111111111,43.28819444444444,0
Race,Italy,Monza,2025-09-07T13:00:00+00:00,9912,39,22,Red Bull Racing,,13,20.0,18.713499999999996,88.943,14,16,2,HARD,0,2,84.26547058823529,82.712,26.76111111111111,43.28819444444444,0
Race,Italy,Monza,2025-09-07T13:00:00+00:00,9912,39,30,Racing Bulls,,14,10.0,18.796499999999995,88.824,18,16,-2,HARD,0,2,84.2873181818182,82.777,26.76111111111111,43.28819444444444,0
Race,Azerbaijan,Baku,2025-09-21T11:00:00+00:00,9904,144,31,Haas F1 Team,,14,2.0,12.147999999999996,153.408,17,15,-2,MEDIUM,0,2,166.878,166.878,20.551923076923078,26.107051282051284,0
Race,Azerbaijan,Baku,2025-09-21T11:00:00+00:00,9904,144,23,Williams,,13,2.0,5.323999999999984,156.753,19,17,-2,MEDIUM,0,2,120.84735714285716,107.566,20.551923076923078,26.107051282051284,0
Race,Azerbaijan,Baku,2025-09-21T11:00:00+00:00,9904,144,1,Red Bull Racing,,1,41.0,15.296999999999997,108.754,1,1,0,MEDIUM,4,2,105.48981818181818,103.388,20.551923076923078,26.107051282051284,0
Race,Azerbaijan,Baku,2025-09-21T11:00:00+00:00,9904,144,10,Alpine,,18,36.0,16.564000000000007,110.71,16,18,2,MEDIUM,0,2,107.48253333333332,105.492,20.551923076923078,26.107051282051284,0
Race,Azerbaijan,Baku,2025-09-21T11:00:00+00:00,9904,144,43,Alpine,,19,17.0,27.36199999999998,110.98,15,17,2,HARD,0,2,107.61749999999999,106.055,20.551923076923078,26.107051282051284,0
Race,Azerbaijan,Baku,2025-09-21T11:00:00+00:00,9904,144,63,Mercedes,,2,40.0,14.402500000000003,108.001,5,5,0,MEDIUM,6,2,105.55183333333332,103.754,20.551923076923078,26.107051282051284,0
Race,Azerbaijan,Baku,2025-09-21T11:00:00+00:00,9904,144,55,Williams,,3,28.0,15.842500000000001,109.291,5,5,0,HARD,0,2,105.52579166666668,103.972,20.551923076923078,26.107051282051284,0
Race,Azerbaijan,Baku,2025-09-21T11:00:00+00:00,9904,144,12,Mercedes,,4,19.0,16.203999999999994,109.655,10,12,2,HARD,0,2,105.56251515151516,104.091,20.551923076923078,26.107051282051284,0
Race,Azerbaijan,Baku,2025-09-21T11:00:00+00:00,9904,144,30,Racing Bulls,,5,21.0,15.420500000000004,109.664,9,9,0,HARD,1,2,105.89499999999997,104.531,20.551923076923078,26.107051282051284,0
Race,Azerbaijan,Baku,2025-09-21T11:00:00+00:00,9904,144,22,Red Bull Racing,,6,39.0,16.665000000000006,108.763,6,4,-2,MEDIUM,6,2,106.264,104.434,20.551923076923078,26.107051282051284,0
Race,Azerbaijan,Baku,2025-09-21T11:00:00+00:00,9904,144,4,McLaren,,7,38.0,16.259500000000003,108.087,8,6,-2,HARD,0,2,106.10600000000001,104.155,20.551923076923078,26.107051282051284,0
Race,Azerbaijan,Baku,2025-09-21T11:00:00+00:00,9904,144,44,Ferrari,,8,37.0,15.339499999999987,108.55,9,7,-2,MEDIUM,0,2,105.66319999999999,103.977,20.551923076923078,26.107051282051284,0
Race,Azerbaijan,Baku,2025-09-21T11:00:00+00:00,9904,144,16,Ferrari,,9,20.0,15.376499999999993,109.688,8,10,2,HARD,0,2,105.8856875,104.274,20.551923076923078,26.107051282051284,0
Race,Azerbaijan,Baku,2025-09-21T11:00:00+00:00,9904,144,6,Racing Bulls,,10,30.0,15.820999999999998,109.3,9,9,0,HARD,1,2,105.38045454545454,103.884,20.551923076923078,26.107051282051284,0
Race,Azerbaijan,Baku,2025-09-21T11:00:00+00:00,9904,144,23,Williams,,13,16.0,13.305000000000007,110.919,19,17,-2,HARD,0,3,106.13883333333334,104.152,20.551923076923078,26.107051282051284,0
Race,Azerbaijan,Baku,2025-09-21T11:00:00+00:00,9904,144,5,Kick Sauber,,11,27.0,14.955500000000015,110.598,13,15,2,MEDIUM,0,2,106.43972,104.93,20.551923076923078,26.107051282051284,0
Race,Azerbaijan,Baku,2025-09-21T11:00:00+00:00,9904,144,87,Haas F1 Team,,12,29.0,15.602000000000004,110.592,13,15,2,MEDIUM,0,2,105.77260869565217,104.288,20.551923076923078,26.107051282051284,0
Race,Azerbaijan,Baku,2025-09-21T11:00:00+00:00,9904,144,31,Haas F1 Team,,14,3.0,-14.048000000000002,166.878,17,15,-2,HARD,1,3,109.47193877551021,105.388,20.551923076923078,26.107051282051284,0
Race,Azerbaijan,Baku,2025-09-21T11:00:00+00:00,9904,144,14,Aston Martin,,15,22.0,20.42649999999999,110.767,11,13,2,HARD,0,2,106.79989999999998,105.002,20.551923076923078,26.107051282051284,0
Race,Azerbaijan,Baku,2025-09-21T11:00:00+00:00,9904,144,27,Kick Sauber,,16,37.0,12.976499999999987,111.613,13,13,0,MEDIUM,0,2,105.86886666666666,104.37,20.551923076923078,26.107051282051284,0
Race,Azerbaijan,Baku,2025-09-21T11:00:00+00:00,9904,144,18,Aston Martin,,17,38.0,17.225499999999982,110.968,12,12,0,HARD,0,2,107.16528571428572,105.083,20.551923076923078,26.107051282051284,0
Race,Singapore,Marina Bay,2025-10-05T12:00:00+00:00,9896,61,27,Kick Sauber,,20,26.0,14.137999999999991,103.809,9,11,2,HARD,0,2,100.81836842105263,97.859,29.072049689440995,33.85217391304348,1
Race,Singapore,Marina Bay,2025-10-05T12:00:00+00:00,9896,61,44,Ferrari,,7,25.0,14.475000000000009,103.559,7,9,2,HARD,0,2,97.3255,95.887,29.072049689440995,33.85217391304348,1
Race,Singapore,Marina Bay,2025-10-05T12:00:00+00:00,9896,61,10,Alpine,,19,25.0,15.023499999999999,104.096,19,19,0,HARD,0,2,99.41274074074073,96.211,29.072049689440995,33.85217391304348,1
Race,Singapore,Marina Bay,2025-10-05T12:00:00+00:00,9896,61,63,Mercedes,,1,26.0,13.671000000000006,103.178,2,2,0,HARD,0,2,96.81337837837839,95.676,29.072049689440995,33.85217391304348,1
Race,Singapore,Marina Bay,2025-10-05T12:00:00+00:00,9896,61,1,Red Bull Racing,,2,20.0,12.999499999999998,103.287,6,6,0,HARD,0,2,96.77544186046512,95.649,29.072049689440995,33.85217391304348,1
Race,Singapore,Marina Bay,2025-10-05T12:00:00+00:00,9896,61,4,McLaren,,3,27.0,12.781999999999996,102.705,2,2,0,HARD,0,2,96.74027777777776,95.555,29.072049689440995,33.85217391304348,1
Race,Singapore,Marina Bay,2025-10-05T12:00:00+00:00,9896,61,81,McLaren,,4,28.0,16.803500000000014,102.83,2,2,0,HARD,0,2,96.66591428571428,95.408,29.072049689440995,33.85217391304348,1
Race,Singapore,Marina Bay,2025-10-05T12:00:00+00:00,9896,61,55,Williams,,10,51.0,13.233000000000004,103.958,9,9,0,SOFT,0,2,97.14954545454545,94.963,29.072049689440995,33.85217391304348,1
Race,Singapore,Marina Bay,2025-10-05T12:00:00+00:00,9896,61,6,Racing Bulls,,11,21.0,14.418499999999995,104.812,16,16,0,HARD,0,2,98.70507317073171,96.938,29.072049689440995,33.85217391304348,1
Race,Singapore,Marina Bay,2025-10-05T12:00:00+00:00,9896,61,22,Red Bull Racing,,12,14.0,15.905000000000001,105.142,18,20,2,HARD,0,2,98.47160416666667,96.831,29.072049689440995,33.85217391304348,1
Race,Singapore,Marina Bay,2025-10-05T12:00:00+00:00,9896,61,18,Aston Martin,,13,39.0,13.110000000000014,105.618,13,15,2,MEDIUM,1,2,98.55530434782608,95.851,29.072049689440995,33.85217391304348,1
Race,Singapore,Marina Bay,2025-10-05T12:00:00+00:00,9896,61,23,Williams,,14,43.0,14.709000000000003,108.02,12,14,2,SOFT,0,2,98.28036842105263,95.648,29.072049689440995,33.85217391304348,1
Race,Singapore,Marina Bay,2025-10-05T12:00:00+00:00,9896,61,30,Racing Bulls,,15,49.0,11.576999999999998,106.869,10,12,2,SOFT,0,2,98.61930769230769,95.641,29.072049689440995,33.85217391304348,1
Race,Singapore,Marina Bay,2025-10-05T12:00:00+00:00,9896,61,12,Mercedes,,5,26.0,15.685000000000016,102.347,4,6,2,HARD,0,2,97.15643243243241,95.303,29.072049689440995,33.85217391304348,1
Race,Singapore,Marina Bay,2025-10-05T12:00:00+00:00,9896,61,43,Alpine,,16,15.0,13.311000000000007,104.453,18,16,-2,MEDIUM,0,2,99.09819148936168,97.182,29.072049689440995,33.85217391304348,1
Race,Singapore,Marina Bay,2025-10-05T12:00:00+00:00,9896,61,16,Ferrari,,6,22.0,14.313999999999993,103.372,9,9,0,HARD,0,2,97.46563414634146,95.983,29.072049689440995,33.85217391304348,1
Race,Singapore,Marina Bay,2025-10-05T12:00:00+00:00,9896,61,5,Kick Sauber,,17,14.0,23.190499999999986,104.393,18,20,2,HARD,0,2,99.10422916666668,97.126,29.072049689440995,33.85217391304348,1
Race,Singapore,Marina Bay,2025-10-05T12:00:00+00:00,9896,61,31,Haas F1 Team,,18,31.0,14.724500000000006,104.299,13,15,2,HARD,0,2,99.39980645161289,96.646,29.072049689440995,33.85217391304348,1
Race,Singapore,Marina Bay,2025-10-05T12:00:00+00:00,9896,61,10,Alpine,,19,52.0,12.021500000000003,107.482,19,19,0,SOFT,0,3,98.1532,94.573,29.072049689440995,33.85217391304348,1
Race,Singapore,Marina Bay,2025-10-05T12:00:00+00:00,9896,61,27,Kick Sauber,,20,45.0,10.933499999999995,122.923,9,11,2,SOFT,0,3,98.06188235294117,95.404,29.072049689440995,33.85217391304348,1
Race,Singapore,Marina Bay,2025-10-05T12:00:00+00:00,9896,61,44,Ferrari,,7,47.0,12.68849999999999,101.821,7,9,2,SOFT,3,3,99.486375,93.808,29.072049689440995,33.85217391304348,1
Race,Singapore,Marina Bay,2025-10-05T12:00:00+00:00,9896,61,14,Aston Martin,,8,28.0,20.488,105.503,10,12,2,MEDIUM,1,2,97.91808571428572,95.862,29.072049689440995,33.85217391304348,1
Race,Singapore,Marina Bay,2025-10-05T12:00:00+00:00,9896,61,87,Haas F1 Team,,9,24.0,13.870999999999981,103.418,9,11,2,HARD,0,2,98.17094871794873,96.201,29.072049689440995,33.85217391304348,1
Race,United States,Austin,2025-10-19T19:00:00+00:00,9888,9,23,Williams,,14,8.0,25.429000000000002,130.241,17,15,-2,MEDIUM,0,2,102.03324137931037,99.343,28.267532467532465,45.0448051948052,0
Race,United States,Austin,2025-10-19T19:00:00+00:00,9888,9,5,Kick Sauber,,18,15.0,20.64949999999999,101.933,18,18,0,MEDIUM,0,2,101.85754545454546,100.053,28.267532467532465,45.0448051948052,0
Race,United States,Austin,2025-10-19T19:00:00+00:00,9888,9,1,Red Bull Racing,,1,34.0,18.605500000000006,101.408,1,1,0,SOFT,2,2,99.32456521739132,97.991,28.267532467532465,45.0448051948052,0
Race,United States,Austin,2025-10-19T19:00:00+00:00,9888,9,43,Alpine,,17,33.0,20.455500000000015,102.054,15,15,0,SOFT,2,2,100.92565217391302,99.173,28.267532467532465,45.0448051948052,0
Race,United States,Austin,2025-10-19T19:00:00+00:00,9888,9,5,Kick Sauber,,18,37.0,18.903000000000006,101.16,18,18,0,SOFT,0,3,100.78352631578947,98.275,28.267532467532465,45.0448051948052,0
Race,United States,Austin,2025-10-19T19:00:00+00:00,9888,9,10,Alpine,,19,28.0,21.02199999999999,102.2,17,19,2,SOFT,2,2,101.37617857142855,99.27,28.267532467532465,45.0448051948052,0
Race,United States,Austin,2025-10-19T19:00:00+00:00,9888,9,4,McLaren,,2,33.0,19.291499999999985,101.727,2,4,2,SOFT,6,2,99.28170833333336,97.62,28.267532467532465,45.0448051948052,0
Race,United States,Austin,2025-10-19T19:00:00+00:00,9888,9,16,Ferrari,,3,23.0,18.682500000000005,102.445,8,8,0,MEDIUM,0,2,99.58541176470588,98.231,28.267532467532465,45.0448051948052,0
Race,United States,Austin,2025-10-19T19:00:00+00:00,9888,9,44,Ferrari,,4,32.0,19.230500000000006,101.625,4,4,0,SOFT,2,2,99.81631999999999,98.361,28.267532467532465,45.0448051948052,0
Race,United States,Austin,2025-10-19T19:00:00+00:00,9888,9,81,McLaren,,5,31.0,18.485,101.292,5,5,0,SOFT,3,2,99.70926923076922,98.564,28.267532467532465,45.0448051948052,0
Race,United States,Austin,2025-10-19T19:00:00+00:00,9888,9,63,Mercedes,,6,34.0,17.879999999999995,101.652,4,2,-2,SOFT,3,2,99.66626086956522,98.224,28.267532467532465,45.0448051948052,0
Race,United States,Austin,2025-10-19T19:00:00+00:00,9888,9,22,Red Bull Racing,,7,30.0,19.093000000000004,102.402,6,8,2,SOFT,0,2,100.22096296296296,98.803,28.267532467532465,45.0448051948052,0
Race,United States,Austin,2025-10-19T19:00:00+00:00,9888,9,27,Kick Sauber,,8,34.0,19.540499999999994,101.064,8,5,-3,SOFT,0,2,100.26578260869564,98.372,28.267532467532465,45.0448051948052,0
Race,United States,Austin,2025-10-19T19:00:00+00:00,9888,9,87,Haas F1 Team,,9,31.0,18.589,101.097,8,8,0,SOFT,3,2,100.60661538461542,99.119,28.267532467532465,45.0448051948052,0
Race,United States,Austin,2025-10-19T19:00:00+00:00,9888,9,14,Aston Martin,,10,31.0,18.26599999999999,102.592,9,11,2,SOFT,3,2,100.36857692307694,98.789,28.267532467532465,45.0448051948052,0
Race,United States,Austin,2025-10-19T19:00:00+00:00,9888,9,30,Racing Bulls,,11,31.0,19.168999999999997,101.587,11,13,2,SOFT,0,2,100.3861923076923,98.983,28.267532467532465,45.0448051948052,0
Race,United States,Austin,2025-10-19T19:00:00+00:00,9888,9,18,Aston Martin,,12,29.0,18.309500000000014,101.87,15,13,-2,MEDIUM,1,2,100.32835714285714,99.071,28.267532467532465,45.0448051948052,0
Race,United States,Austin,2025-10-19T19:00:00+00:00,9888,9,12,Mercedes,,13,32.0,22.795,102.151,19,17,-2,SOFT,3,2,100.18248,97.577,28.267532467532465,45.0448051948052,0
Race,United States,Austin,2025-10-19T19:00:00+00:00,9888,9,23,Williams,,14,37.0,19.16449999999999,101.501,17,15,-2,SOFT,0,3,100.20065000000001,98.328,28.267532467532465,45.0448051948052,0
Race,United States,Austin,2025-10-19T19:00:00+00:00,9888,9,31,Haas F1 Team,,15,25.0,19.417500000000004,102.213,15,17,2,MEDIUM,0,2,100.40975,99.263,28.267532467532465,45.0448051948052,0
Race,United States,Austin,2025-10-19T19:00:00+00:00,9888,9,6,Racing Bulls,,16,29.0,18.410999999999987,101.674,17,17,0,SOFT,0,2,100.52235714285715,98.724,28.267532467532465,45.0448051948052,0
Race,Mexico,Mexico City,2025-10-26T20:00:00+00:00,9877,65,30,Racing Bulls,,20,3.0,30.357,91.076,11,13,2,HARD,0,2,99.024,85.124,26.405555555555555,50.58827160493828,0
Race,Mexico,Mexico City,2025-10-26T20:00:00+00:00,9877,65,14,Aston Martin,,18,21.0,20.253500000000003,88.541,13,15,2,MEDIUM,1,2,85.04528571428573,81.708,26.405555555555555,50.58827160493828,0
Race,Mexico,Mexico City,2025-10-26T20:00:00+00:00,9877,65,18,Aston Martin,,14,27.0,16.879499999999993,87.111,12,14,2,MEDIUM,1,2,83.83511764705882,82.079,26.405555555555555,50.58827160493828,0
Race,Mexico,Mexico City,2025-10-26T20:00:00+00:00,9877,65,55,Williams,,17,18.0,18.084500000000006,87.173,19,17,-2,SOFT,0,2,83.47024137931034,81.69,26.405555555555555,50.58827160493828,0
Race,Mexico,Mexico City,2025-10-26T20:00:00+00:00,9877,65,12,Mercedes,,6,23.0,16.006500000000003,86.134,7,9,2,MEDIUM,0,2,83.41428,81.845,26.405555555555555,50.58827160493828,0
Race,Mexico,Mexico City,2025-10-26T20:00:00+00:00,9877,65,81,McLaren,,5,25.0,16.99900000000001,86.653,7,7,0,MEDIUM,0,2,83.32008695652175,81.533,26.405555555555555,50.58827160493828,0
Race,Mexico,Mexico City,2025-10-26T20:00:00+00:00,9877,65,44,Ferrari,,8,24.0,26.441000000000003,88.985,6,8,2,MEDIUM,0,2,83.77999999999999,81.711,26.405555555555555,50.58827160493828,0
Race,Mexico,Mexico City,2025-10-26T20:00:00+00:00,9877,65,87,Haas F1 Team,,4,25.0,17.565499999999986,86.191,3,5,2,MEDIUM,0,2,83.33391666666667,81.809,26.405555555555555,50.58827160493828,0
Race,Mexico,Mexico City,2025-10-26T20:00:00+00:00,9877,65,63,Mercedes,,7,26.0,17.037000000000006,86.42,5,7,2,MEDIUM,0,2,83.20969565217392,81.342,26.405555555555555,50.58827160493828,0
Race,Mexico,Mexico City,2025-10-26T20:00:00+00:00,9877,65,55,Williams,,17,47.0,24.74900000000001,86.002,19,17,-2,SOFT,3,3,84.0826,80.098,26.405555555555555,50.58827160493828,0
Race,Mexico,Mexico City,2025-10-26T20:00:00+00:00,9877,65,55,Williams,,17,57.0,12.873500000000007,85.116,19,17,-2,SOFT,13,4,82.87154545454545,81.145,26.405555555555555,50.58827160493828,0
Race,Mexico,Mexico City,2025-10-26T20:00:00+00:00,9877,65,4,McLaren,,1,35.0,17.26599999999999,86.035,1,1,0,MEDIUM,0,2,82.85727027027028,80.764,26.405555555555555,50.58827160493828,0
Race,Mexico,Mexico City,2025-10-26T20:00:00+00:00,9877,65,23,Williams,,12,42.0,16.33449999999999,86.735,13,13,0,SOFT,0,2,83.36796551724137,80.48,26.405555555555555,50.58827160493828,0
Race,Mexico,Mexico City,2025-10-26T20:00:00+00:00,9877,65,6,Racing Bulls,,13,35.0,16.16449999999999,87.423,5,7,2,SOFT,3,2,83.83408333333333,81.714,26.405555555555555,50.58827160493828,0
Race,Mexico,Mexico City,2025-10-26T20:00:00+00:00,9877,65,18,Aston Martin,,14,44.0,19.4435,85.444,12,14,2,SOFT,1,3,83.76962962962962,80.593,26.405555555555555,50.58827160493828,0
Race,Mexico,Mexico City,2025-10-26T20:00:00+00:00,9877,65,16,Ferrari,,2,32.0,16.41600000000001,87.353,2,2,0,MEDIUM,0,2,83.18545,81.588,26.405555555555555,50.58827160493828,0
Race,Mexico,Mexico City,2025-10-26T20:00:00+00:00,9877,65,1,Red Bull Racing,,3,38.0,16.629500000000007,87.255,7,9,2,SOFT,3,2,82.80264705882354,81.108,26.405555555555555,50.58827160493828,0
Race,Mexico,Mexico City,2025-10-26T20:00:00+00:00,9877,65,87,Haas F1 Team,,4,49.0,17.022000000000006,85.115,3,5,2,SOFT,3,3,83.17991304347827,80.705,26.405555555555555,50.58827160493828,0
Race,Mexico,Mexico City,2025-10-26T20:00:00+00:00,9877,65,81,McLaren,,5,48.0,15.006,86.262,7,7,0,SOFT,3,3,82.96545833333333,80.422,26.405555555555555,50.58827160493828,0
Race,Mexico,Mexico City,2025-10-26T20:00:00+00:00,9877,65,10,Alpine,,15,34.0,16.430000000000007,88.21,16,18,2,SOFT,0,2,84.13697297297298,82.271,26.405555555555555,50.58827160493828,0
Race,Mexico,Mexico City,2025-10-26T20:00:00+00:00,9877,65,43,Alpine,,16,49.0,17.584000000000003,87.326,18,18,0,SOFT,0,2,84.11850000000001,81.342,26.405555555555555,50.58827160493828,0
Race,Mexico,Mexico City,2025-10-26T20:00:00+00:00,9877,65,12,Mercedes,,6,48.0,18.62899999999999,86.184,7,9,2,SOFT,3,3,83.23433333333334,80.826,26.405555555555555,50.58827160493828,0
Race,Mexico,Mexico City,2025-10-26T20:00:00+00:00,9877,65,63,Mercedes,,7,49.0,17.17800000000001,85.208,5,7,2,SOFT,3,3,83.48056521739132,80.052,26.405555555555555,50.58827160493828,0
Race,Mexico,Mexico City,2025-10-26T20:00:00+00:00,9877,65,44,Ferrari,,8,48.0,17.477000000000004,86.636,6,8,2,SOFT,3,3,83.42929166666666,80.601,26.405555555555555,50.58827160493828,0
Race,Mexico,Mexico City,2025-10-26T20:00:00+00:00,9877,65,31,Haas F1 Team,,9,28.0,16.882999999999996,87.287,8,10,2,MEDIUM,0,2,83.63695454545454,81.869,26.405555555555555,50.58827160493828,0
Race,Mexico,Mexico City,2025-10-26T20:00:00+00:00,9877,65,5,Kick Sauber,,10,38.0,15.599000000000004,86.807,9,9,0,SOFT,0,2,83.38532352941175,81.121,26.405555555555555,50.58827160493828,0
Race,Mexico,Mexico City,2025-10-26T20:00:00+00:00,9877,65,22,Red Bull Racing,,11,37.0,25.624500000000012,87.065,5,5,0,SOFT,0,2,83.67071428571428,81.486,26.405555555555555,50.58827160493828,0
Race,Brazil,São Paulo,2025-11-09T17:00:00+00:00,9869,14,22,Red Bull Racing,,17,3.0,1.603999999999985,119.58,11,13,2,MEDIUM,0,2,83.00236363636365,74.911,17.348026315789475,30.69276315789474,0
Race,Brazil,São Paulo,2025-11-09T17:00:00+00:00,9869,14,44,Ferrari,,18,3.0,10.592500000000001,125.836,15,17,2,HARD,0,2,88.33758333333333,74.982,17.348026315789475,30.69276315789474,0
Race,Brazil,São Paulo,2025-11-09T17:00:00+00:00,9869,14,1,Red Bull Racing,,3,8.0,14.046999999999997,107.461,4,4,0,MEDIUM,0,2,76.18992592592593,73.049,17.348026315789475,30.69276315789474,0
Race,Brazil,São Paulo,2025-11-09T17:00:00+00:00,9869,14,31,Haas F1 Team,,12,9.0,5.6555000000000035,101.912,17,15,-2,MEDIUM,0,2,75.86705128205129,73.481,17.348026315789475,30.69276315789474,0
Race,Brazil,São Paulo,2025-11-09T17:00:00+00:00,9869,14,44,Ferrari,,18,15.0,15.661000000000001,80.101,15,17,2,MEDIUM,0,3,76.73177777777778,74.273,17.348026315789475,30.69276315789474,0
Race,Brazil,São Paulo,2025-11-09T17:00:00+00:00,9869,14,87,Haas F1 Team,,6,18.0,14.784000000000006,80.163,12,10,-2,MEDIUM,0,2,75.6256,73.823,17.348026315789475,30.69276315789474,0
Race,Brazil,São Paulo,2025-11-09T17:00:00+00:00,9869,14,55,Williams,,13,18.0,17.54849999999999,80.066,11,11,0,MEDIUM,0,2,76.13695238095238,73.683,17.348026315789475,30.69276315789474,0
Race,Brazil,São Paulo,2025-11-09T17:00:00+00:00,9869,14,6,Racing Bulls,,8,19.0,17.531999999999996,79.726,6,8,2,MEDIUM,6,2,76.23794736842105,74.254,17.348026315789475,30.69276315789474,0
Race,Brazil,São Paulo,2025-11-09T17:00:00+00:00,9869,14,10,Alpine,,10,19.0,15.263500000000008,79.74,12,9,-3,MEDIUM,0,2,76.01633333333332,74.027,17.348026315789475,30.69276315789474,0
Race,Brazil,São Paulo,2025-11-09T17:00:00+00:00,9869,14,30,Racing Bulls,,7,20.0,15.46350000000001,79.832,14,11,-3,MEDIUM,0,2,75.54744230769231,74.029,17.348026315789475,30.69276315789474,0
Race,Brazil,São Paulo,2025-11-09T17:00:00+00:00,9869,14,12,Mercedes,,2,22.0,16.25,79.328,9,7,-2,MEDIUM,0,2,75.37996153846154,73.672,17.348026315789475,30.69276315789474,0
Race,Brazil,São Paulo,2025-11-09T17:00:00+00:00,9869,14,22,Red Bull Racing,,17,25.0,27.24799999999999,79.809,11,13,2,MEDIUM,0,3,76.46095652173912,74.019,17.348026315789475,30.69276315789474,0
Race,Brazil,São Paulo,2025-11-09T17:00:00+00:00,9869,14,14,Aston Martin,,14,29.0,16.439000000000007,79.939,14,16,2,MEDIUM,6,2,76.164,74.343,17.348026315789475,30.69276315789474,0
Race,Brazil,São Paulo,2025-11-09T17:00:00+00:00,9869,14,18,Aston Martin,,16,30.0,16.47,79.662,11,13,2,MEDIUM,0,2,75.77668,74.279,17.348026315789475,30.69276315789474,0
Race,Brazil,São Paulo,2025-11-09T17:00:00+00:00,9869,14,43,Alpine,,15,30.0,15.621499999999997,79.686,11,13,2,SOFT,0,2,76.477,74.301,17.348026315789475,30.69276315789474,0
Race,Brazil,São Paulo,2025-11-09T17:00:00+00:00,9869,14,4,McLaren,,1,31.0,16.399500000000003,78.72,3,1,-2,SOFT,3,2,75.43315,73.968,17.348026315789475,30.69276315789474,0
Race,Brazil,São Paulo,2025-11-09T17:00:00+00:00,9869,14,44,Ferrari,,18,33.0,23.699000000000012,80.294,15,17,2,MEDIUM,0,4,81.6722,73.844,17.348026315789475,30.69276315789474,0
Race,Brazil,São Paulo,2025-11-09T17:00:00+00:00,9869,14,63,Mercedes,,4,35.0,15.178000000000011,79.22,6,6,0,SOFT,1,2,75.42221428571429,73.218,17.348026315789475,30.69276315789474,0
Race,Brazil,São Paulo,2025-11-09T17:00:00+00:00,9869,14,1,Red Bull Racing,,3,35.0,15.011499999999998,79.344,4,4,0,MEDIUM,0,3,74.80664999999998,73.307,17.348026315789475,30.69276315789474,0
Race,Brazil,São Paulo,2025-11-09T17:00:00+00:00,9869,14,23,Williams,,11,36.0,14.486500000000007,80.772,14,16,2,SOFT,2,2,75.72845,73.495,17.348026315789475,30.69276315789474,0
Race,Brazil,São Paulo,2025-11-09T17:00:00+00:00,9869,14,27,Kick Sauber,,9,37.0,15.6695,78.996,6,8,2,SOFT,0,2,75.40745714285714,73.474,17.348026315789475,30.69276315789474,0
Race,Brazil,São Paulo,2025-11-09T17:00:00+00:00,9869,14,6,Racing Bulls,,8,38.0,15.157500000000013,78.786,6,8,2,MEDIUM,0,3,75.25120588235295,73.694,17.348026315789475,30.69276315789474,0
Race,Brazil,São Paulo,2025-11-09T17:00:00+00:00,9869,14,81,McLaren,,5,39.0,26.082000000000008,80.264,7,5,-2,SOFT,2,2,76.23892307692307,73.156,17.348026315789475,30.69276315789474,0
Race,Brazil,São Paulo,2025-11-09T17:00:00+00:00,9869,14,55,Williams,,13,39.0,14.165500000000009,78.817,11,11,0,MEDIUM,0,3,75.20481818181818,73.852,17.348026315789475,30.69276315789474,0
Race,Brazil,São Paulo,2025-11-09T17:00:00+00:00,9869,14,10,Alpine,,10,40.0,15.788499999999999,78.463,12,9,-3,MEDIUM,6,3,75.27396875,73.736,17.348026315789475,30.69276315789474,0
Race,Brazil,São Paulo,2025-11-09T17:00:00+00:00,9869,14,87,Haas F1 Team,,6,43.0,17.718999999999994,78.073,12,10,-2,MEDIUM,0,3,74.7505172413793,73.483,17.348026315789475,30.69276315789474,0
Race,Brazil,São Paulo,2025-11-09T17:00:00+00:00,9869,14,43,Alpine,,15,44.0,18.46900000000001,79.598,11,13,2,MEDIUM,0,3,74.83553571428571,72.816,17.348026315789475,30.69276315789474,0
Race,Brazil,São Paulo,2025-11-09T17:00:00+00:00,9869,14,14,Aston Martin,,14,47.0,15.754999999999995,78.872,14,16,2,MEDIUM,0,3,74.85276,73.312,17.348026315789475,30.69276315789474,0
Race,Brazil,São Paulo,2025-11-09T17:00:00+00:00,9869,14,12,Mercedes,,2,48.0,16.721000000000004,79.038,9,7,-2,MEDIUM,5,3,74.42025,73.123,17.348026315789475,30.69276315789474,0
Race,Brazil,São Paulo,2025-11-09T17:00:00+00:00,9869,14,31,Haas F1 Team,,12,48.0,15.433499999999995,80.583,17,15,-2,MEDIUM,0,3,74.98254166666666,73.571,17.348026315789475,30.69276315789474,0
Race,Brazil,São Paulo,2025-11-09T17:00:00+00:00,9869,14,22,Red Bull Racing,,17,48.0,27.7205,78.697,11,13,2,MEDIUM,0,4,75.04299999999999,72.774,17.348026315789475,30.69276315789474,0
Race,Brazil,São Paulo,2025-11-09T17:00:00+00:00,9869,14,63,Mercedes,,4,49.0,15.482,77.843,6,6,0,MEDIUM,3,3,74.48617391304347,73.097,17.348026315789475,30.69276315789474,0
Race,Brazil,São Paulo,2025-11-09T17:00:00+00:00,9869,14,4,McLaren,,1,51.0,16.5835,77.963,3,1,-2,MEDIUM,9,3,74.3505238095238,73.04,17.348026315789475,30.69276315789474,0
Race,Brazil,São Paulo,2025-11-09T17:00:00+00:00,9869,14,81,McLaren,,5,52.0,16.103499999999997,77.965,7,5,-2,MEDIUM,0,3,74.2415,72.742,17.348026315789475,30.69276315789474,0
Race,Brazil,São Paulo,2025-11-09T17:00:00+00:00,9869,14,1,Red Bull Racing,,3,55.0,15.336499999999987,77.514,4,4,0,SOFT,0,4,74.23582352941176,72.447,17.348026315789475,30.69276315789474,0
Race,Brazil,São Paulo,2025-11-09T17:00:00+00:00,9869,14,18,Aston Martin,,16,55.0,14.956500000000005,79.447,11,13,2,MEDIUM,0,3,74.79964705882354,73.094,17.348026315789475,30.69276315789474,0
Race,Brazil,São Paulo,2025-11-09T17:00:00+00:00,9869,14,23,Williams,,11,56.0,15.588999999999999,78.437,14,16,2,MEDIUM,0,3,74.8806875,72.4,17.348026315789475,30.69276315789474,0
Race,United States,Las Vegas,2025-11-23T04:00:00+00:00,9858,152,22,Red Bull Racing,,14,2.0,15.453000000000003,118.106,13,13,0,HARD,0,2,100.93984615384615,96.434,16.73404255319149,19.52978723404255,0
Race,United States,Las Vegas,2025-11-23T04:00:00+00:00,9858,152,5,Kick Sauber,,19,2.0,,130.944,18,20,2,MEDIUM,0,2,161.626,161.626,16.73404255319149,19.52978723404255,0
Race,United States,Las Vegas,2025-11-23T04:00:00+00:00,9858,152,12,Mercedes,,5,3.0,27.563999999999993,122.573,13,11,-2,HARD,0,2,97.0895,93.998,16.73404255319149,19.52978723404255,0
Race,United States,Las Vegas,2025-11-23T04:00:00+00:00,9858,152,10,Alpine,,15,3.0,24.94149999999999,128.486,19,19,0,HARD,0,2,98.25235416666668,95.674,16.73404255319149,19.52978723404255,0
Race,United States,Las Vegas,2025-11-23T04:00:00+00:00,9858,152,30,Racing Bulls,,16,3.0,22.271,137.377,14,16,2,HARD,0,2,99.99626923076924,96.713,16.73404255319149,19.52978723404255,0
Race,United States,Las Vegas,2025-11-23T04:00:00+00:00,9858,152,23,Williams,,18,14.0,-1.043999999999997,103.792,13,13,0,MEDIUM,0,2,122.604,122.604,16.73404255319149,19.52978723404255,0
Race,United States,Las Vegas,2025-11-23T04:00:00+00:00,9858,152,23,Williams,,18,15.0,33.601,122.604,13,13,0,HARD,0,3,98.51030000000002,95.184,16.73404255319149,19.52978723404255,0
Race,United States,Las Vegas,2025-11-23T04:00:00+00:00,9858,152,14,Aston Martin,,13,17.0,1.825499999999991,123.307,13,15,2,HARD,0,2,97.07417647058824,95.629,16.73404255319149,19.52978723404255,0
Race,United States,Las Vegas,2025-11-23T04:00:00+00:00,9858,152,63,Mercedes,,3,18.0,13.602000000000004,100.031,6,6,0,HARD,0,2,111.552,111.552,16.73404255319149,19.52978723404255,0
Race,United States,Las Vegas,2025-11-23T04:00:00+00:00,9858,152,63,Mercedes,,3,19.0,-7.772500000000008,111.552,6,6,0,HARD,0,3,95.41696875,94.592,16.73404255319149,19.52978723404255,0
Race,United States,Las Vegas,2025-11-23T04:00:00+00:00,9858,152,87,Haas F1 Team,,12,18.0,13.974000000000004,102.814,11,13,2,HARD,0,2,96.61930303030303,94.519,16.73404255319149,19.52978723404255,0
Race,United States,Las Vegas,2025-11-23T04:00:00+00:00,9858,152,6,Racing Bulls,,8,21.0,13.156999999999996,102.417,7,9,2,HARD,0,2,95.93756666666667,94.62,16.73404255319149,19.52978723404255,0
Race,United States,Las Vegas,2025-11-23T04:00:00+00:00,9858,152,81,McLaren,,4,22.0,12.990499999999997,100.682,7,9,2,HARD,0,2,95.4786551724138,94.086,16.73404255319149,19.52978723404255,0
Race,United States,Las Vegas,2025-11-23T04:00:00+00:00,9858,152,4,McLaren,,2,23.0,13.403499999999994,101.141,2,4,2,HARD,0,2,95.74071428571429,93.965,16.73404255319149,19.52978723404255,0
Race,United States,Las Vegas,2025-11-23T04:00:00+00:00,9858,152,55,Williams,,7,23.0,14.01100000000001,102.42,5,7,2,HARD,0,2,95.72671428571428,94.496,16.73404255319149,19.52978723404255,0
Race,United States,Las Vegas,2025-11-23T04:00:00+00:00,9858,152,16,Ferrari,,6,25.0,13.356000000000009,100.815,3,3,0,HARD,0,2,95.47834615384615,94.304,16.73404255319149,19.52978723404255,0
Race,United States,Las Vegas,2025-11-23T04:00:00+00:00,9858,152,1,Red Bull Racing,,1,26.0,13.522999999999996,100.284,2,1,-1,HARD,0,2,95.06911999999997,93.365,16.73404255319149,19.52978723404255,0
Race,United States,Las Vegas,2025-11-23T04:00:00+00:00,9858,152,43,Alpine,,17,26.0,15.817000000000007,102.106,12,14,2,MEDIUM,0,2,97.12354166666667,95.78,16.73404255319149,19.52978723404255,0
Race,United States,Las Vegas,2025-11-23T04:00:00+00:00,9858,152,31,Haas F1 Team,,11,28.0,14.634,101.965,8,8,0,HARD,0,2,95.99547826086958,94.557,16.73404255319149,19.52978723404255,0
Race,United States,Las Vegas,2025-11-23T04:00:00+00:00,9858,152,22,Red Bull Racing,,14,28.0,13.216999999999999,101.343,13,13,0,MEDIUM,0,3,96.22908695652173,94.967,16.73404255319149,19.52978723404255,0
Race,United States,Las Vegas,2025-11-23T04:00:00+00:00,9858,152,30,Racing Bulls,,16,29.0,14.747499999999988,102.231,14,16,2,HARD,0,3,96.5855238095238,94.837,16.73404255319149,19.52978723404255,0
Race,United States,Las Vegas,2025-11-23T04:00:00+00:00,9858,152,44,Ferrari,,10,30.0,17.78949999999999,100.519,11,9,-2,MEDIUM,0,2,96.28976190476189,94.553,16.73404255319149,19.52978723404255,0
Race,United States,Las Vegas,2025-11-23T04:00:00+00:00,9858,152,27,Kick Sauber,,9,31.0,15.1725,100.783,7,5,-2,MEDIUM,0,2,95.89869999999999,94.592,16.73404255319149,19.52978723404255,0
Race,United States,Las Vegas,2025-11-23T04:00:00+00:00,9858,152,23,Williams,,18,35.0,,100.698,13,13,0,MEDIUM,1,4,131.179,131.179,16.73404255319149,19.52978723404255,0
Race,Qatar,Lusail,2025-11-30T16:00:00+00:00,9850,150,1,Red Bull Racing,,1,8.0,23.932500000000005,102.211,15,17,2,MEDIUM,0,2,92.76216000000001,85.359,22.5993288590604,28.160402684563756,0
Race,Qatar,Lusail,2025-11-30T16:00:00+00:00,9850,150,12,Mercedes,,5,8.0,19.92100000000002,103.942,6,4,-2,MEDIUM,0,2,93.45460000000001,86.25,22.5993288590604,28.160402684563756,0
Race,Qatar,Lusail,2025-11-30T16:00:00+00:00,9850,150,55,Williams,,3,8.0,16.617999999999995,104.711,5,5,0,MEDIUM,0,2,93.18863999999999,86.165,22.5993288590604,28.160402684563756,0
Race,Qatar,Lusail,2025-11-30T16:00:00+00:00,9850,150,14,Aston Martin,,7,8.0,15.261499999999984,105.813,7,7,0,MEDIUM,0,2,93.49312000000002,85.851,22.5993288590604,28.160402684563756,0
Race,Qatar,Lusail,2025-11-30T16:00:00+00:00,9850,150,63,Mercedes,,6,8.0,18.3185,105.551,17,19,2,MEDIUM,0,2,93.70232,86.633,22.5993288590604,28.160402684563756,0
Race,Qatar,Lusail,2025-11-30T16:00:00+00:00,9850,150,6,Racing Bulls,,18,8.0,13.912499999999994,106.437,7,7,0,MEDIUM,0,2,93.52087999999999,86.425,22.5993288590604,28.160402684563756,0
Race,Qatar,Lusail,2025-11-30T16:00:00+00:00,9850,150,16,Ferrari,,8,8.0,11.53349999999999,107.451,11,11,0,MEDIUM,0,2,93.56696,86.915,22.5993288590604,28.160402684563756,0
Race,Qatar,Lusail,2025-11-30T16:00:00+00:00,9850,150,30,Racing Bulls,,9,8.0,9.143,109.397,14,12,-2,MEDIUM,0,2,93.54328,86.816,22.5993288590604,28.160402684563756,0
Race,Qatar,Lusail,2025-11-30T16:00:00+00:00,9850,150,87,Haas F1 Team,,19,8.0,10.55850000000001,108.904,10,10,0,MEDIUM,0,2,93.53532,86.817,22.5993288590604,28.160402684563756,0
Race,Qatar,Lusail,2025-11-30T16:00:00+00:00,9850,150,23,Williams,,11,8.0,8.900000000000006,109.685,16,17,1,MEDIUM,0,2,93.53144,87.123,22.5993288590604,28.160402684563756,0
Race,Qatar,Lusail,2025-11-30T16:00:00+00:00,9850,150,5,Kick Sauber,,13,8.0,7.8574999999999875,110.552,19,19,0,MEDIUM,0,2,93.60876,87.179,22.5993288590604,28.160402684563756,0
Race,Qatar,Lusail,2025-11-30T16:00:00+00:00,9850,150,18,Aston Martin,,17,8.0,7.099500000000006,111.704,16,16,0,MEDIUM,0,2,96.47723529411765,87.529,22.5993288590604,28.160402684563756,0
Race,Qatar,Lusail,2025-11-30T16:00:00+00:00,9850,150,22,Red Bull Racing,,10,8.0,8.777000000000015,109.215,16,14,-2,MEDIUM,0,2,93.51988,86.974,22.5993288590604,28.160402684563756,0
Race,Qatar,Lusail,2025-11-30T16:00:00+00:00,9850,150,44,Ferrari,,12,8.0,12.506500000000017,109.205,14,12,-2,MEDIUM,0,2,93.68268000000002,87.098,22.5993288590604,28.160402684563756,0
Race,Qatar,Lusail,2025-11-30T16:00:00+00:00,9850,150,43,Alpine,,14,8.0,8.826499999999982,110.372,16,18,2,MEDIUM,0,2,93.61128000000001,87.257,22.5993288590604,28.160402684563756,0
Race,Qatar,Lusail,2025-11-30T16:00:00+00:00,9850,150,10,Alpine,,16,8.0,-16.5415,142.022,12,14,2,HARD,0,2,92.89456,87.198,22.5993288590604,28.160402684563756,0
Race,Qatar,Lusail,2025-11-30T16:00:00+00:00,9850,150,31,Haas F1 Team,,15,9.0,34.01799999999999,127.608,12,14,2,HARD,0,2,160.736,160.736,22.5993288590604,28.160402684563756,0
Race,Qatar,Lusail,2025-11-30T16:00:00+00:00,9850,150,31,Haas F1 Team,,15,10.0,0.9020000000000152,160.736,12,14,2,MEDIUM,0,3,89.46628000000001,87.143,22.5993288590604,28.160402684563756,0
Race,Qatar,Lusail,2025-11-30T16:00:00+00:00,9850,150,81,McLaren,,2,25.0,20.195000000000007,90.513,14,16,2,MEDIUM,0,2,86.42655555555557,84.143,22.5993288590604,28.160402684563756,0
Race,Qatar,Lusail,2025-11-30T16:00:00+00:00,9850,150,18,Aston Martin,,17,25.0,18.24650000000001,92.338,16,16,0,MEDIUM,0,3,86.96172,85.228,22.5993288590604,28.160402684563756,0
Race,Qatar,Lusail,2025-11-30T16:00:00+00:00,9850,150,4,McLaren,,4,26.0,19.894999999999996,90.084,18,2,-16,MEDIUM,0,2,86.52352631578945,84.607,22.5993288590604,28.160402684563756,0
Race,Qatar,Lusail,2025-11-30T16:00:00+00:00,9850,150,1,Red Bull Racing,,1,33.0,19.763000000000005,89.369,15,17,2,HARD,0,3,85.27543999999997,83.498,22.5993288590604,28.160402684563756,0
Race,Qatar,Lusail,2025-11-30T16:00:00+00:00,9850,150,55,Williams,,3,33.0,19.876500000000007,90.422,5,5,0,HARD,0,3,85.44232,83.859,22.5993288590604,28.160402684563756,0
Race,Qatar,Lusail,2025-11-30T16:00:00+00:00,9850,150,12,Mercedes,,5,33.0,20.9465,90.776,6,4,-2,HARD,0,3,85.50220000000002,83.955,22.5993288590604,28.160402684563756,0
Race,Qatar,Lusail,2025-11-30T16:00:00+00:00,9850,150,6,Racing Bulls,,18,33.0,19.41250000000001,90.549,7,7,0,HARD,0,3,89.2924347826087,84.317,22.5993288590604,28.160402684563756,0
Race,Qatar,Lusail,2025-11-30T16:00:00+00:00,9850,150,14,Aston Martin,,7,33.0,20.549499999999995,90.639,7,7,0,HARD,0,3,86.28976,83.94,22.5993288590604,28.160402684563756,0
Race,Qatar,Lusail,2025-11-30T16:00:00+00:00,9850,150,63,Mercedes,,6,33.0,20.42049999999999,90.763,17,19,2,HARD,0,3,85.83643999999998,83.198,22.5993288590604,28.160402684563756,0
Race,Qatar,Lusail,2025-11-30T16:00:00+00:00,9850,150,16,Ferrari,,8,33.0,19.855000000000004,91.432,11,11,0,HARD,0,3,86.04447999999998,84.432,22.5993288590604,28.160402684563756,0
Race,Qatar,Lusail,2025-11-30T16:00:00+00:00,9850,150,22,Red Bull Racing,,10,33.0,20.156499999999994,91.141,16,14,-2,HARD,0,3,86.07544,84.139,22.5993288590604,28.160402684563756,0
Race,Qatar,Lusail,2025-11-30T16:00:00+00:00,9850,150,30,Racing Bulls,,9,33.0,20.16300000000001,91.451,14,12,-2,HARD,0,3,86.06191999999999,83.971,22.5993288590604,28.160402684563756,0
Race,Qatar,Lusail,2025-11-30T16:00:00+00:00,9850,150,5,Kick Sauber,,13,33.0,19.43350000000001,91.602,19,19,0,SOFT,0,3,86.7674,85.233,22.5993288590604,28.160402684563756,0
Race,Qatar,Lusail,2025-11-30T16:00:00+00:00,9850,150,44,Ferrari,,12,33.0,19.182500000000005,91.659,14,12,-2,MEDIUM,0,3,86.59880000000001,84.848,22.5993288590604,28.160402684563756,0
Race,Qatar,Lusail,2025-11-30T16:00:00+00:00,9850,150,23,Williams,,11,33.0,19.836,91.241,16,17,1,MEDIUM,0,3,86.22224,84.261,22.5993288590604,28.160402684563756,0
Race,Qatar,Lusail,2025-11-30T16:00:00+00:00,9850,150,43,Alpine,,14,33.0,20.12899999999999,91.355,16,18,2,MEDIUM,0,3,86.93770833333333,85.644,22.5993288590604,28.160402684563756,0
Race,Qatar,Lusail,2025-11-30T16:00:00+00:00,9850,150,10,Alpine,,16,33.0,21.256000000000014,94.234,12,14,2,MEDIUM,0,3,86.78179166666666,85.376,22.5993288590604,28.160402684563756,0
Race,Qatar,Lusail,2025-11-30T16:00:00+00:00,9850,150,87,Haas F1 Team,,19,33.0,37.013000000000005,91.094,10,10,0,HARD,0,3,90.948375,84.93,22.5993288590604,28.160402684563756,0
Race,Qatar,Lusail,2025-11-30T16:00:00+00:00,9850,150,31,Haas F1 Team,,15,35.0,21.282999999999987,90.888,12,14,2,HARD,1,4,86.90059090909091,85.056,22.5993288590604,28.160402684563756,0
Race,Qatar,Lusail,2025-11-30T16:00:00+00:00,9850,150,87,Haas F1 Team,,19,41.0,,90.153,10,10,0,HARD,8,4,121.134,121.134,22.5993288590604,28.160402684563756,0
Race,Qatar,Lusail,2025-11-30T16:00:00+00:00,9850,150,81,McLaren,,2,43.0,20.241500000000016,89.077,14,16,2,HARD,0,3,85.00793333333333,82.996,22.5993288590604,28.160402684563756,0
Race,Qatar,Lusail,2025-11-30T16:00:00+00:00,9850,150,4,McLaren,,4,45.0,20.716499999999996,89.254,18,2,-16,HARD,0,3,85.59761538461538,83.197,22.5993288590604,28.160402684563756,0
Race,Qatar,Lusail,2025-11-30T16:00:00+00:00,9850,150,18,Aston Martin,,17,50.0,26.545500000000004,89.693,16,16,0,SOFT,0,4,91.14883333333334,83.484,22.5993288590604,28.160402684563756,0
Race,United Arab Emirates,Yas Island,2025-12-07T13:00:00+00:00,9839,70,27,Kick Sauber,,9,8.0,18.315000000000012,91.972,13,13,0,HARD,0,2,90.59914285714285,88.442,26.67402597402597,31.06168831168831,0
Race,United Arab Emirates,Yas Island,2025-12-07T13:00:00+00:00,9839,70,44,Ferrari,,8,9.0,18.117000000000004,92.249,8,10,2,HARD,0,2,90.68891304347825,88.517,26.67402597402597,31.06168831168831,0
Race,United Arab Emirates,Yas Island,2025-12-07T13:00:00+00:00,9839,70,23,Williams,,16,9.0,18.685999999999993,91.974,15,15,0,HARD,0,2,90.98788,89.374,26.67402597402597,31.06168831168831,0
Race,United Arab Emirates,Yas Island,2025-12-07T13:00:00+00:00,9839,70,10,Alpine,,19,14.0,19.863500000000002,93.54,16,18,2,HARD,0,2,90.8437777777778,89.442,26.67402597402597,31.06168831168831,0
Race,United Arab Emirates,Yas Island,2025-12-07T13:00:00+00:00,9839,70,63,Mercedes,,5,15.0,19.08850000000001,92.081,14,12,-2,HARD,0,2,89.73304545454546,88.599,26.67402597402597,31.06168831168831,0
Race,United Arab Emirates,Yas Island,2025-12-07T13:00:00+00:00,9839,70,6,Racing Bulls,,17,15.0,18.945999999999998,92.759,17,15,-2,HARD,0,2,90.5559534883721,89.375,26.67402597402597,31.06168831168831,0
Race,United Arab Emirates,Yas Island,2025-12-07T13:00:00+00:00,9839,70,87,Haas F1 Team,,12,15.0,19.28349999999999,92.668,17,15,-2,HARD,0,2,90.11275000000002,88.976,26.67402597402597,31.06168831168831,0
Race,United Arab Emirates,Yas Island,2025-12-07T13:00:00+00:00,9839,70,5,Kick Sauber,,11,16.0,18.5775,91.832,15,15,0,HARD,0,2,90.40558139534883,89.114,26.67402597402597,31.06168831168831,0
Race,United Arab Emirates,Yas Island,2025-12-07T13:00:00+00:00,9839,70,43,Alpine,,20,16.0,20.070999999999998,92.799,15,17,2,HARD,0,2,91.03084000000001,89.43,26.67402597402597,31.06168831168831,0
Race,United Arab Emirates,Yas Island,2025-12-07T13:00:00+00:00,9839,70,4,McLaren,,3,17.0,19.479,91.722,9,7,-2,HARD,0,2,89.45920833333332,87.814,26.67402597402597,31.06168831168831,0
Race,United Arab Emirates,Yas Island,2025-12-07T13:00:00+00:00,9839,70,16,Ferrari,,4,17.0,19.284999999999997,91.99,10,8,-2,HARD,0,2,89.69130434782609,88.044,26.67402597402597,31.06168831168831,0
Race,United Arab Emirates,Yas Island,2025-12-07T13:00:00+00:00,9839,70,14,Aston Martin,,6,17.0,20.28750000000001,91.928,12,14,2,HARD,1,2,90.1397619047619,88.279,26.67402597402597,31.06168831168831,0
Race,United Arab Emirates,Yas Island,2025-12-07T13:00:00+00:00,9839,70,55,Williams,,13,19.0,17.902,93.531,10,12,2,HARD,0,2,90.108325,89.052,26.67402597402597,31.06168831168831,0
Race,United Arab Emirates,Yas Island,2025-12-07T13:00:00+00:00,9839,70,31,Haas F1 Team,,7,20.0,18.893500000000003,93.06,14,16,2,HARD,0,2,89.9275641025641,88.655,26.67402597402597,31.06168831168831,0
Race,United Arab Emirates,Yas Island,2025-12-07T13:00:00+00:00,9839,70,30,Racing Bulls,,18,22.0,24.93849999999999,95.813,9,11,2,HARD,0,2,90.31127777777778,88.886,26.67402597402597,31.06168831168831,0
Race,United Arab Emirates,Yas Island,2025-12-07T13:00:00+00:00,9839,70,1,Red Bull Racing,,1,24.0,18.894000000000005,91.365,1,1,0,HARD,0,2,88.6877142857143,87.625,26.67402597402597,31.06168831168831,0
Race,United Arab Emirates,Yas Island,2025-12-07T13:00:00+00:00,9839,70,44,Ferrari,,8,32.0,18.489999999999995,91.397,8,10,2,MEDIUM,0,3,89.62366666666667,88.094,26.67402597402597,31.06168831168831,0
Race,United Arab Emirates,Yas Island,2025-12-07T13:00:00+00:00,9839,70,22,Red Bull Racing,,14,33.0,24.872500000000002,91.781,7,9,2,MEDIUM,0,2,90.20769230769231,88.557,26.67402597402597,31.06168831168831,0
Race,United Arab Emirates,Yas Island,2025-12-07T13:00:00+00:00,9839,70,12,Mercedes,,15,33.0,20.302000000000007,92.815,8,8,0,MEDIUM,0,2,89.76396153846153,88.029,26.67402597402597,31.06168831168831,0
Race,United Arab Emirates,Yas Island,2025-12-07T13:00:00+00:00,9839,70,23,Williams,,16,34.0,18.77499999999999,91.616,15,15,0,MEDIUM,0,3,89.70412,88.367,26.67402597402597,31.06168831168831,0
Race,United Arab Emirates,Yas Island,2025-12-07T13:00:00+00:00,9839,70,16,Ferrari,,4,40.0,18.995000000000005,90.239,10,8,-2,MEDIUM,3,3,88.58973684210525,86.725,26.67402597402597,31.06168831168831,0
Race,United Arab Emirates,Yas Island,2025-12-07T13:00:00+00:00,9839,70,4,McLaren,,3,41.0,19.13600000000001,90.069,9,7,-2,HARD,0,3,88.59588888888888,86.818,26.67402597402597,31.06168831168831,0
Race,United Arab Emirates,Yas Island,2025-12-07T13:00:00+00:00,9839,70,10,Alpine,,19,41.0,20.010000000000005,91.907,16,18,2,MEDIUM,3,3,89.7865882352941,87.767,26.67402597402597,31.06168831168831,0
Race,United Arab Emirates,Yas Island,2025-12-07T13:00:00+00:00,9839,70,43,Alpine,,20,41.0,19.869,93.034,15,17,2,MEDIUM,0,3,89.82264705882352,87.71,26.67402597402597,31.06168831168831,0
Race,United Arab Emirates,Yas Island,2025-12-07T13:00:00+00:00,9839,70,81,McLaren,,2,42.0,18.321000000000012,92.723,2,2,0,MEDIUM,0,2,88.66905882352941,86.765,26.67402597402597,31.06168831168831,0
Race,United Arab Emirates,Yas Island,2025-12-07T13:00:00+00:00,9839,70,18,Aston Martin,,10,43.0,18.65650000000001,92.323,7,7,0,MEDIUM,0,2,89.46812499999999,87.626,26.67402597402597,31.06168831168831,0
Race,United Arab Emirates,Yas Island,2025-12-07T13:00:00+00:00,9839,70,27,Kick Sauber,,9,43.0,17.630499999999998,92.159,13,13,0,MEDIUM,0,3,89.28887499999999,87.05,26.67402597402597,31.06168831168831,0
